--
-- PostgreSQL database dump
--

SET statement_timeout = 0;
SET client_encoding = 'UTF8';
SET standard_conforming_strings = on;
SET check_function_bodies = false;
SET client_min_messages = warning;

--
-- Name: plpgsql; Type: EXTENSION; Schema: -; Owner: 
--

CREATE EXTENSION IF NOT EXISTS plpgsql WITH SCHEMA pg_catalog;


--
-- Name: EXTENSION plpgsql; Type: COMMENT; Schema: -; Owner: 
--

COMMENT ON EXTENSION plpgsql IS 'PL/pgSQL procedural language';


SET search_path = public, pg_catalog;

SET default_tablespace = '';

SET default_with_oids = false;

--
-- Name: anarapp_altitud; Type: TABLE; Schema: public; Owner: postgres; Tablespace: 
--

CREATE TABLE anarapp_altitud (
    id integer NOT NULL,
    altura text NOT NULL,
    superficie text NOT NULL,
    yacimiento_id integer NOT NULL,
    texto text NOT NULL,
    desarrollo text NOT NULL,
    desnivel text NOT NULL
);


ALTER TABLE public.anarapp_altitud OWNER TO postgres;

--
-- Name: anarapp_altitud_id_seq; Type: SEQUENCE; Schema: public; Owner: postgres
--

CREATE SEQUENCE anarapp_altitud_id_seq
    START WITH 1
    INCREMENT BY 1
    NO MINVALUE
    NO MAXVALUE
    CACHE 1;


ALTER TABLE public.anarapp_altitud_id_seq OWNER TO postgres;

--
-- Name: anarapp_altitud_id_seq; Type: SEQUENCE OWNED BY; Schema: public; Owner: postgres
--

ALTER SEQUENCE anarapp_altitud_id_seq OWNED BY anarapp_altitud.id;


--
-- Name: anarapp_bibliografia; Type: TABLE; Schema: public; Owner: postgres; Tablespace: 
--

CREATE TABLE anarapp_bibliografia (
    id integer NOT NULL
);


ALTER TABLE public.anarapp_bibliografia OWNER TO postgres;

--
-- Name: anarapp_bibliografia_id_seq; Type: SEQUENCE; Schema: public; Owner: postgres
--

CREATE SEQUENCE anarapp_bibliografia_id_seq
    START WITH 1
    INCREMENT BY 1
    NO MINVALUE
    NO MAXVALUE
    CACHE 1;


ALTER TABLE public.anarapp_bibliografia_id_seq OWNER TO postgres;

--
-- Name: anarapp_bibliografia_id_seq; Type: SEQUENCE OWNED BY; Schema: public; Owner: postgres
--

ALTER SEQUENCE anarapp_bibliografia_id_seq OWNED BY anarapp_bibliografia.id;


--
-- Name: anarapp_bibpiedra; Type: TABLE; Schema: public; Owner: postgres; Tablespace: 
--

CREATE TABLE anarapp_bibpiedra (
    bibliografia_ptr_id integer NOT NULL,
    piedra_id integer NOT NULL,
    codigo text NOT NULL,
    titulo text NOT NULL,
    autor text NOT NULL,
    ano text NOT NULL,
    institucion text NOT NULL,
    "conDibujo" boolean NOT NULL,
    archivo character varying(100),
    "esFotografia" boolean NOT NULL,
    escolor boolean NOT NULL,
    "esBlancoYNegro" boolean NOT NULL,
    "esDiapositiva" boolean NOT NULL,
    "esPapel" boolean NOT NULL,
    "esDigital" boolean NOT NULL,
    "esNegativo" boolean NOT NULL,
    descripcion text NOT NULL,
    "tipoMapa" integer,
    archivo1 character varying(100),
    archivo2 character varying(100),
    archivo3 character varying(100),
    archivo4 character varying(100),
    "tieneFotografia" character varying(100),
    "tieneFotografia1" character varying(100),
    "tieneFotografia2" character varying(100),
    "tieneFotografia3" character varying(100),
    "tieneFotografia4" character varying(100),
    esbilbio boolean NOT NULL
);


ALTER TABLE public.anarapp_bibpiedra OWNER TO postgres;

--
-- Name: anarapp_bibyacimiento; Type: TABLE; Schema: public; Owner: postgres; Tablespace: 
--

CREATE TABLE anarapp_bibyacimiento (
    bibliografia_ptr_id integer NOT NULL,
    yacimiento_id integer NOT NULL,
    codigo text NOT NULL,
    titulo text NOT NULL,
    autor text NOT NULL,
    ano text NOT NULL,
    institucion text NOT NULL,
    "conDibujo" boolean NOT NULL,
    archivo character varying(100),
    "esFotografia" boolean NOT NULL,
    escolor boolean NOT NULL,
    "esBlancoYNegro" boolean NOT NULL,
    "esDiapositiva" boolean NOT NULL,
    "esPapel" boolean NOT NULL,
    "esDigital" boolean NOT NULL,
    "esNegativo" boolean NOT NULL,
    "tipoMapa" integer,
    "esBibliografia" boolean NOT NULL,
    "tieneFotografia" character varying(100),
    "tieneMapa" character varying(100),
    description boolean NOT NULL,
    archivo1 character varying(100),
    archivo2 character varying(100),
    archivo3 character varying(100),
    archivo4 character varying(100),
    "tieneFotografia1" character varying(100),
    "tieneFotografia2" character varying(100),
    "tieneFotografia3" character varying(100),
    "tieneFotografia4" character varying(100)
);


ALTER TABLE public.anarapp_bibyacimiento OWNER TO postgres;

--
-- Name: anarapp_caracdelapintura; Type: TABLE; Schema: public; Owner: postgres; Tablespace: 
--

CREATE TABLE anarapp_caracdelapintura (
    id integer NOT NULL,
    "esPinturaRupestre" boolean NOT NULL,
    "esTecnicaDactilar" boolean NOT NULL,
    "esTecnicaFibra" boolean NOT NULL,
    otros text NOT NULL,
    "esLineaSencilla" boolean NOT NULL,
    "anchoDe" text NOT NULL,
    "anchoA" text NOT NULL,
    "esLineaCompuesta" boolean NOT NULL,
    "anchoDeComp" text NOT NULL,
    "anchoAComp" text NOT NULL,
    "esImpresionDeManos" boolean NOT NULL,
    "esImpresionDeManosPositivo" boolean NOT NULL,
    "esImpresionDeManosNegativo" boolean NOT NULL,
    "tienesFigurasSuperpuestas" boolean NOT NULL,
    yacimiento_id integer NOT NULL,
    "esFiguraRellena" boolean NOT NULL
);


ALTER TABLE public.anarapp_caracdelapintura OWNER TO postgres;

--
-- Name: anarapp_caracdelapintura_id_seq; Type: SEQUENCE; Schema: public; Owner: postgres
--

CREATE SEQUENCE anarapp_caracdelapintura_id_seq
    START WITH 1
    INCREMENT BY 1
    NO MINVALUE
    NO MAXVALUE
    CACHE 1;


ALTER TABLE public.anarapp_caracdelapintura_id_seq OWNER TO postgres;

--
-- Name: anarapp_caracdelapintura_id_seq; Type: SEQUENCE OWNED BY; Schema: public; Owner: postgres
--

ALTER SEQUENCE anarapp_caracdelapintura_id_seq OWNED BY anarapp_caracdelapintura.id;


--
-- Name: anarapp_caracdolmenart; Type: TABLE; Schema: public; Owner: postgres; Tablespace: 
--

CREATE TABLE anarapp_caracdolmenart (
    id integer NOT NULL,
    "ConPetroglifo" boolean NOT NULL,
    "cantidadConPetroglifo" integer,
    "conPinturas" boolean NOT NULL,
    "cantidadConPinturas" integer,
    yacimiento_id integer NOT NULL
);


ALTER TABLE public.anarapp_caracdolmenart OWNER TO postgres;

--
-- Name: anarapp_caracdolmenart_id_seq; Type: SEQUENCE; Schema: public; Owner: postgres
--

CREATE SEQUENCE anarapp_caracdolmenart_id_seq
    START WITH 1
    INCREMENT BY 1
    NO MINVALUE
    NO MAXVALUE
    CACHE 1;


ALTER TABLE public.anarapp_caracdolmenart_id_seq OWNER TO postgres;

--
-- Name: anarapp_caracdolmenart_id_seq; Type: SEQUENCE OWNED BY; Schema: public; Owner: postgres
--

ALTER SEQUENCE anarapp_caracdolmenart_id_seq OWNED BY anarapp_caracdolmenart.id;


--
-- Name: anarapp_caracmenhires; Type: TABLE; Schema: public; Owner: postgres; Tablespace: 
--

CREATE TABLE anarapp_caracmenhires (
    id integer NOT NULL,
    "sonPiedrasVerticales" boolean NOT NULL,
    "cantidadPiedrasVerticales" integer,
    "conPuntosAcoplados" boolean NOT NULL,
    "cantidadConPuntosAcoplados" integer,
    "ConPetroglifo" boolean NOT NULL,
    "cantidadConPetroglifo" integer,
    "conPinturas" boolean NOT NULL,
    "cantidadConPinturas" integer,
    distanciamiento integer,
    yacimiento_id integer NOT NULL
);


ALTER TABLE public.anarapp_caracmenhires OWNER TO postgres;

--
-- Name: anarapp_caracmenhires_id_seq; Type: SEQUENCE; Schema: public; Owner: postgres
--

CREATE SEQUENCE anarapp_caracmenhires_id_seq
    START WITH 1
    INCREMENT BY 1
    NO MINVALUE
    NO MAXVALUE
    CACHE 1;


ALTER TABLE public.anarapp_caracmenhires_id_seq OWNER TO postgres;

--
-- Name: anarapp_caracmenhires_id_seq; Type: SEQUENCE OWNED BY; Schema: public; Owner: postgres
--

ALTER SEQUENCE anarapp_caracmenhires_id_seq OWNED BY anarapp_caracmenhires.id;


--
-- Name: anarapp_caracmonolitos; Type: TABLE; Schema: public; Owner: postgres; Tablespace: 
--

CREATE TABLE anarapp_caracmonolitos (
    id integer NOT NULL,
    cantidad integer,
    "esPinturaRupestre" boolean NOT NULL,
    "cantidadConGrabados" integer,
    yacimiento_id integer NOT NULL
);


ALTER TABLE public.anarapp_caracmonolitos OWNER TO postgres;

--
-- Name: anarapp_caracmonolitos_id_seq; Type: SEQUENCE; Schema: public; Owner: postgres
--

CREATE SEQUENCE anarapp_caracmonolitos_id_seq
    START WITH 1
    INCREMENT BY 1
    NO MINVALUE
    NO MAXVALUE
    CACHE 1;


ALTER TABLE public.anarapp_caracmonolitos_id_seq OWNER TO postgres;

--
-- Name: anarapp_caracmonolitos_id_seq; Type: SEQUENCE OWNED BY; Schema: public; Owner: postgres
--

ALTER SEQUENCE anarapp_caracmonolitos_id_seq OWNED BY anarapp_caracmonolitos.id;


--
-- Name: anarapp_caracsurcoamoladores; Type: TABLE; Schema: public; Owner: postgres; Tablespace: 
--

CREATE TABLE anarapp_caracsurcoamoladores (
    id integer NOT NULL,
    largo text NOT NULL,
    ancho text NOT NULL,
    diametro text NOT NULL,
    yacimiento_id integer NOT NULL
);


ALTER TABLE public.anarapp_caracsurcoamoladores OWNER TO postgres;

--
-- Name: anarapp_caracsurcoamoladores_id_seq; Type: SEQUENCE; Schema: public; Owner: postgres
--

CREATE SEQUENCE anarapp_caracsurcoamoladores_id_seq
    START WITH 1
    INCREMENT BY 1
    NO MINVALUE
    NO MAXVALUE
    CACHE 1;


ALTER TABLE public.anarapp_caracsurcoamoladores_id_seq OWNER TO postgres;

--
-- Name: anarapp_caracsurcoamoladores_id_seq; Type: SEQUENCE OWNED BY; Schema: public; Owner: postgres
--

ALTER SEQUENCE anarapp_caracsurcoamoladores_id_seq OWNED BY anarapp_caracsurcoamoladores.id;


--
-- Name: anarapp_caracsurcobateas; Type: TABLE; Schema: public; Owner: postgres; Tablespace: 
--

CREATE TABLE anarapp_caracsurcobateas (
    id integer NOT NULL,
    largo text NOT NULL,
    ancho text NOT NULL,
    yacimiento_id integer NOT NULL,
    diametro text NOT NULL,
    profundidad text NOT NULL
);


ALTER TABLE public.anarapp_caracsurcobateas OWNER TO postgres;

--
-- Name: anarapp_caracsurcobateas_id_seq; Type: SEQUENCE; Schema: public; Owner: postgres
--

CREATE SEQUENCE anarapp_caracsurcobateas_id_seq
    START WITH 1
    INCREMENT BY 1
    NO MINVALUE
    NO MAXVALUE
    CACHE 1;


ALTER TABLE public.anarapp_caracsurcobateas_id_seq OWNER TO postgres;

--
-- Name: anarapp_caracsurcobateas_id_seq; Type: SEQUENCE OWNED BY; Schema: public; Owner: postgres
--

ALTER SEQUENCE anarapp_caracsurcobateas_id_seq OWNED BY anarapp_caracsurcobateas.id;


--
-- Name: anarapp_caracsurcocupulas; Type: TABLE; Schema: public; Owner: postgres; Tablespace: 
--

CREATE TABLE anarapp_caracsurcocupulas (
    id integer NOT NULL,
    largo text NOT NULL,
    ancho text NOT NULL,
    diametro text NOT NULL,
    yacimiento_id integer NOT NULL,
    profundidad text NOT NULL,
    otros text NOT NULL
);


ALTER TABLE public.anarapp_caracsurcocupulas OWNER TO postgres;

--
-- Name: anarapp_caracsurcocupulas_id_seq; Type: SEQUENCE; Schema: public; Owner: postgres
--

CREATE SEQUENCE anarapp_caracsurcocupulas_id_seq
    START WITH 1
    INCREMENT BY 1
    NO MINVALUE
    NO MAXVALUE
    CACHE 1;


ALTER TABLE public.anarapp_caracsurcocupulas_id_seq OWNER TO postgres;

--
-- Name: anarapp_caracsurcocupulas_id_seq; Type: SEQUENCE OWNED BY; Schema: public; Owner: postgres
--

ALTER SEQUENCE anarapp_caracsurcocupulas_id_seq OWNED BY anarapp_caracsurcocupulas.id;


--
-- Name: anarapp_caracsurcomortero; Type: TABLE; Schema: public; Owner: postgres; Tablespace: 
--

CREATE TABLE anarapp_caracsurcomortero (
    id integer NOT NULL,
    largo text NOT NULL,
    ancho text NOT NULL,
    yacimiento_id integer NOT NULL
);


ALTER TABLE public.anarapp_caracsurcomortero OWNER TO postgres;

--
-- Name: anarapp_caracsurcomortero_id_seq; Type: SEQUENCE; Schema: public; Owner: postgres
--

CREATE SEQUENCE anarapp_caracsurcomortero_id_seq
    START WITH 1
    INCREMENT BY 1
    NO MINVALUE
    NO MAXVALUE
    CACHE 1;


ALTER TABLE public.anarapp_caracsurcomortero_id_seq OWNER TO postgres;

--
-- Name: anarapp_caracsurcomortero_id_seq; Type: SEQUENCE OWNED BY; Schema: public; Owner: postgres
--

ALTER SEQUENCE anarapp_caracsurcomortero_id_seq OWNED BY anarapp_caracsurcomortero.id;


--
-- Name: anarapp_caracsurcopetroglifo; Type: TABLE; Schema: public; Owner: postgres; Tablespace: 
--

CREATE TABLE anarapp_caracsurcopetroglifo (
    id integer NOT NULL,
    "anchoDe" text NOT NULL,
    "anchoA" text NOT NULL,
    "produndidadDe" text NOT NULL,
    "profundidadA" text NOT NULL,
    "esBase" boolean NOT NULL,
    "esBaseRedonda" boolean NOT NULL,
    "esBaseAguda" boolean NOT NULL,
    "esBajoRelieve" boolean NOT NULL,
    "esBajoRelieveLineal" boolean NOT NULL,
    "esBajoRelievePlanar" boolean NOT NULL,
    "esAltoRelieve" boolean NOT NULL,
    "esAltoRelieveLineal" boolean NOT NULL,
    "esAltoRelievePlanar" boolean NOT NULL,
    "esAreaInterlineal" boolean NOT NULL,
    "esAreaInterlinealPulida" boolean NOT NULL,
    "esAreaInterlinealRebajada" boolean NOT NULL,
    "esGrabadoSuperpuesto" boolean NOT NULL,
    "esGrabadoRebajado" boolean NOT NULL,
    yacimiento_id integer NOT NULL
);


ALTER TABLE public.anarapp_caracsurcopetroglifo OWNER TO postgres;

--
-- Name: anarapp_caracsurcopetroglifo_id_seq; Type: SEQUENCE; Schema: public; Owner: postgres
--

CREATE SEQUENCE anarapp_caracsurcopetroglifo_id_seq
    START WITH 1
    INCREMENT BY 1
    NO MINVALUE
    NO MAXVALUE
    CACHE 1;


ALTER TABLE public.anarapp_caracsurcopetroglifo_id_seq OWNER TO postgres;

--
-- Name: anarapp_caracsurcopetroglifo_id_seq; Type: SEQUENCE OWNED BY; Schema: public; Owner: postgres
--

ALTER SEQUENCE anarapp_caracsurcopetroglifo_id_seq OWNED BY anarapp_caracsurcopetroglifo.id;


--
-- Name: anarapp_caracsurcopuntosacopl; Type: TABLE; Schema: public; Owner: postgres; Tablespace: 
--

CREATE TABLE anarapp_caracsurcopuntosacopl (
    id integer NOT NULL,
    "esPunteado" boolean NOT NULL,
    yacimiento_id integer NOT NULL,
    diametro text NOT NULL,
    profundidad text NOT NULL,
    otros text NOT NULL
);


ALTER TABLE public.anarapp_caracsurcopuntosacopl OWNER TO postgres;

--
-- Name: anarapp_caracsurcopuntosacopl_id_seq; Type: SEQUENCE; Schema: public; Owner: postgres
--

CREATE SEQUENCE anarapp_caracsurcopuntosacopl_id_seq
    START WITH 1
    INCREMENT BY 1
    NO MINVALUE
    NO MAXVALUE
    CACHE 1;


ALTER TABLE public.anarapp_caracsurcopuntosacopl_id_seq OWNER TO postgres;

--
-- Name: anarapp_caracsurcopuntosacopl_id_seq; Type: SEQUENCE OWNED BY; Schema: public; Owner: postgres
--

ALTER SEQUENCE anarapp_caracsurcopuntosacopl_id_seq OWNED BY anarapp_caracsurcopuntosacopl.id;


--
-- Name: anarapp_caratrabajada; Type: TABLE; Schema: public; Owner: postgres; Tablespace: 
--

CREATE TABLE anarapp_caratrabajada (
    id integer NOT NULL,
    piedra_id integer NOT NULL,
    numero text NOT NULL,
    orientacion integer NOT NULL,
    alto numeric(6,3) NOT NULL,
    ancho numeric(6,3) NOT NULL,
    largo numeric(6,3) NOT NULL
);


ALTER TABLE public.anarapp_caratrabajada OWNER TO postgres;

--
-- Name: anarapp_caratrabajada_id_seq; Type: SEQUENCE; Schema: public; Owner: postgres
--

CREATE SEQUENCE anarapp_caratrabajada_id_seq
    START WITH 1
    INCREMENT BY 1
    NO MINVALUE
    NO MAXVALUE
    CACHE 1;


ALTER TABLE public.anarapp_caratrabajada_id_seq OWNER TO postgres;

--
-- Name: anarapp_caratrabajada_id_seq; Type: SEQUENCE OWNED BY; Schema: public; Owner: postgres
--

ALTER SEQUENCE anarapp_caratrabajada_id_seq OWNED BY anarapp_caratrabajada.id;


--
-- Name: anarapp_causasdestruccionyac; Type: TABLE; Schema: public; Owner: postgres; Tablespace: 
--

CREATE TABLE anarapp_causasdestruccionyac (
    id integer NOT NULL,
    yacimiento_id integer NOT NULL,
    "porAsentamientoHumand" boolean NOT NULL,
    "porObraCortoPlazo" boolean NOT NULL,
    "porObraMedianoPlazo" boolean NOT NULL,
    "porObraLargoPlazo" boolean NOT NULL,
    "porNivelacion" boolean NOT NULL,
    "porExtraccionFamiliar" boolean NOT NULL,
    "porExtraccionMayor" boolean NOT NULL,
    "porVandalismo" boolean NOT NULL,
    "porErosion" boolean NOT NULL,
    "porErosionParModerada" boolean NOT NULL,
    "porErosionParSevera" boolean NOT NULL,
    "porErosionExtModerada" boolean NOT NULL,
    "porErosionExtSevera" boolean NOT NULL,
    otros text NOT NULL
);


ALTER TABLE public.anarapp_causasdestruccionyac OWNER TO postgres;

--
-- Name: anarapp_causasdestruccionyac_id_seq; Type: SEQUENCE; Schema: public; Owner: postgres
--

CREATE SEQUENCE anarapp_causasdestruccionyac_id_seq
    START WITH 1
    INCREMENT BY 1
    NO MINVALUE
    NO MAXVALUE
    CACHE 1;


ALTER TABLE public.anarapp_causasdestruccionyac_id_seq OWNER TO postgres;

--
-- Name: anarapp_causasdestruccionyac_id_seq; Type: SEQUENCE OWNED BY; Schema: public; Owner: postgres
--

ALTER SEQUENCE anarapp_causasdestruccionyac_id_seq OWNED BY anarapp_causasdestruccionyac.id;


--
-- Name: anarapp_colores; Type: TABLE; Schema: public; Owner: postgres; Tablespace: 
--

CREATE TABLE anarapp_colores (
    id integer NOT NULL,
    yacimiento_id integer NOT NULL,
    c text NOT NULL,
    m text NOT NULL,
    y text NOT NULL,
    k text NOT NULL
);


ALTER TABLE public.anarapp_colores OWNER TO postgres;

--
-- Name: anarapp_colores_id_seq; Type: SEQUENCE; Schema: public; Owner: postgres
--

CREATE SEQUENCE anarapp_colores_id_seq
    START WITH 1
    INCREMENT BY 1
    NO MINVALUE
    NO MAXVALUE
    CACHE 1;


ALTER TABLE public.anarapp_colores_id_seq OWNER TO postgres;

--
-- Name: anarapp_colores_id_seq; Type: SEQUENCE OWNED BY; Schema: public; Owner: postgres
--

ALTER SEQUENCE anarapp_colores_id_seq OWNED BY anarapp_colores.id;


--
-- Name: anarapp_conexionfiguras; Type: TABLE; Schema: public; Owner: postgres; Tablespace: 
--

CREATE TABLE anarapp_conexionfiguras (
    id integer NOT NULL,
    piedra_id integer NOT NULL,
    "conexionFiguras" integer NOT NULL
);


ALTER TABLE public.anarapp_conexionfiguras OWNER TO postgres;

--
-- Name: anarapp_conexionfiguras_id_seq; Type: SEQUENCE; Schema: public; Owner: postgres
--

CREATE SEQUENCE anarapp_conexionfiguras_id_seq
    START WITH 1
    INCREMENT BY 1
    NO MINVALUE
    NO MAXVALUE
    CACHE 1;


ALTER TABLE public.anarapp_conexionfiguras_id_seq OWNER TO postgres;

--
-- Name: anarapp_conexionfiguras_id_seq; Type: SEQUENCE OWNED BY; Schema: public; Owner: postgres
--

ALTER SEQUENCE anarapp_conexionfiguras_id_seq OWNED BY anarapp_conexionfiguras.id;


--
-- Name: anarapp_considertemp; Type: TABLE; Schema: public; Owner: postgres; Tablespace: 
--

CREATE TABLE anarapp_considertemp (
    id integer NOT NULL,
    "cincoAno" boolean NOT NULL,
    otros text NOT NULL,
    yacimiento_id integer NOT NULL
);


ALTER TABLE public.anarapp_considertemp OWNER TO postgres;

--
-- Name: anarapp_considertemp_id_seq; Type: SEQUENCE; Schema: public; Owner: postgres
--

CREATE SEQUENCE anarapp_considertemp_id_seq
    START WITH 1
    INCREMENT BY 1
    NO MINVALUE
    NO MAXVALUE
    CACHE 1;


ALTER TABLE public.anarapp_considertemp_id_seq OWNER TO postgres;

--
-- Name: anarapp_considertemp_id_seq; Type: SEQUENCE OWNED BY; Schema: public; Owner: postgres
--

ALTER SEQUENCE anarapp_considertemp_id_seq OWNED BY anarapp_considertemp.id;


--
-- Name: anarapp_constitucionyacimiento; Type: TABLE; Schema: public; Owner: postgres; Tablespace: 
--

CREATE TABLE anarapp_constitucionyacimiento (
    id integer NOT NULL,
    "nroPiedras" integer,
    "nroPiedrasGrabadas" integer,
    "nroPiedrasPintadas" integer,
    "nroPiedrasColocadas" integer,
    otros text NOT NULL,
    yacimiento_id integer NOT NULL
);


ALTER TABLE public.anarapp_constitucionyacimiento OWNER TO postgres;

--
-- Name: anarapp_constitucionyacimiento_id_seq; Type: SEQUENCE; Schema: public; Owner: postgres
--

CREATE SEQUENCE anarapp_constitucionyacimiento_id_seq
    START WITH 1
    INCREMENT BY 1
    NO MINVALUE
    NO MAXVALUE
    CACHE 1;


ALTER TABLE public.anarapp_constitucionyacimiento_id_seq OWNER TO postgres;

--
-- Name: anarapp_constitucionyacimiento_id_seq; Type: SEQUENCE OWNED BY; Schema: public; Owner: postgres
--

ALTER SEQUENCE anarapp_constitucionyacimiento_id_seq OWNED BY anarapp_constitucionyacimiento.id;


--
-- Name: anarapp_coordenadas; Type: TABLE; Schema: public; Owner: postgres; Tablespace: 
--

CREATE TABLE anarapp_coordenadas (
    id integer NOT NULL,
    longitud text NOT NULL,
    latitud text NOT NULL,
    yacimiento_id integer NOT NULL,
    "utmAdicional" text NOT NULL
);


ALTER TABLE public.anarapp_coordenadas OWNER TO postgres;

--
-- Name: anarapp_coordenadas_id_seq; Type: SEQUENCE; Schema: public; Owner: postgres
--

CREATE SEQUENCE anarapp_coordenadas_id_seq
    START WITH 1
    INCREMENT BY 1
    NO MINVALUE
    NO MAXVALUE
    CACHE 1;


ALTER TABLE public.anarapp_coordenadas_id_seq OWNER TO postgres;

--
-- Name: anarapp_coordenadas_id_seq; Type: SEQUENCE OWNED BY; Schema: public; Owner: postgres
--

ALTER SEQUENCE anarapp_coordenadas_id_seq OWNED BY anarapp_coordenadas.id;


--
-- Name: anarapp_cronologiatentativa; Type: TABLE; Schema: public; Owner: postgres; Tablespace: 
--

CREATE TABLE anarapp_cronologiatentativa (
    id integer NOT NULL,
    "esCrono1" boolean NOT NULL,
    "esCrono2" boolean NOT NULL,
    "esCrono3" boolean NOT NULL,
    "esCrono4" boolean NOT NULL,
    "esCrono5" boolean NOT NULL,
    "esCrono6" boolean NOT NULL,
    "esCrono7" boolean NOT NULL,
    autor text NOT NULL,
    fecha text NOT NULL,
    institucion text NOT NULL,
    pais text NOT NULL,
    direccion text NOT NULL,
    telefono text NOT NULL,
    mail text NOT NULL,
    tecnica text NOT NULL,
    bibliografia text NOT NULL,
    twitter text NOT NULL,
    facebook text NOT NULL,
    yacimiento_id integer NOT NULL
);


ALTER TABLE public.anarapp_cronologiatentativa OWNER TO postgres;

--
-- Name: anarapp_cronologiatentativa_id_seq; Type: SEQUENCE; Schema: public; Owner: postgres
--

CREATE SEQUENCE anarapp_cronologiatentativa_id_seq
    START WITH 1
    INCREMENT BY 1
    NO MINVALUE
    NO MAXVALUE
    CACHE 1;


ALTER TABLE public.anarapp_cronologiatentativa_id_seq OWNER TO postgres;

--
-- Name: anarapp_cronologiatentativa_id_seq; Type: SEQUENCE OWNED BY; Schema: public; Owner: postgres
--

ALTER SEQUENCE anarapp_cronologiatentativa_id_seq OWNED BY anarapp_cronologiatentativa.id;


--
-- Name: anarapp_croquis; Type: TABLE; Schema: public; Owner: postgres; Tablespace: 
--

CREATE TABLE anarapp_croquis (
    id integer NOT NULL,
    yacimiento_id integer NOT NULL,
    archivo character varying(100)
);


ALTER TABLE public.anarapp_croquis OWNER TO postgres;

--
-- Name: anarapp_croquis_id_seq; Type: SEQUENCE; Schema: public; Owner: postgres
--

CREATE SEQUENCE anarapp_croquis_id_seq
    START WITH 1
    INCREMENT BY 1
    NO MINVALUE
    NO MAXVALUE
    CACHE 1;


ALTER TABLE public.anarapp_croquis_id_seq OWNER TO postgres;

--
-- Name: anarapp_croquis_id_seq; Type: SEQUENCE OWNED BY; Schema: public; Owner: postgres
--

ALTER SEQUENCE anarapp_croquis_id_seq OWNED BY anarapp_croquis.id;


--
-- Name: anarapp_datum; Type: TABLE; Schema: public; Owner: postgres; Tablespace: 
--

CREATE TABLE anarapp_datum (
    id integer NOT NULL,
    "tipoDatum" integer,
    yacimiento_id integer NOT NULL
);


ALTER TABLE public.anarapp_datum OWNER TO postgres;

--
-- Name: anarapp_datum_id_seq; Type: SEQUENCE; Schema: public; Owner: postgres
--

CREATE SEQUENCE anarapp_datum_id_seq
    START WITH 1
    INCREMENT BY 1
    NO MINVALUE
    NO MAXVALUE
    CACHE 1;


ALTER TABLE public.anarapp_datum_id_seq OWNER TO postgres;

--
-- Name: anarapp_datum_id_seq; Type: SEQUENCE OWNED BY; Schema: public; Owner: postgres
--

ALTER SEQUENCE anarapp_datum_id_seq OWNED BY anarapp_datum.id;


--
-- Name: anarapp_desccolores; Type: TABLE; Schema: public; Owner: postgres; Tablespace: 
--

CREATE TABLE anarapp_desccolores (
    id integer NOT NULL,
    yacimiento_id integer NOT NULL,
    "esPositiva" boolean NOT NULL,
    "posNegro" text NOT NULL,
    "posBlanco" text NOT NULL,
    "posAmarillo" text NOT NULL,
    "posUnRojo" text NOT NULL,
    "posDosRojos" text NOT NULL,
    "posTresRojos" text NOT NULL,
    "esNegativa" boolean NOT NULL,
    "negNegro" text NOT NULL,
    "negBlanco" text NOT NULL,
    "negAmarillo" text NOT NULL,
    "negUnRojo" text NOT NULL,
    "negDosRojos" text NOT NULL,
    "negTresRojos" text NOT NULL,
    "colorBase" text NOT NULL
);


ALTER TABLE public.anarapp_desccolores OWNER TO postgres;

--
-- Name: anarapp_desccolores_id_seq; Type: SEQUENCE; Schema: public; Owner: postgres
--

CREATE SEQUENCE anarapp_desccolores_id_seq
    START WITH 1
    INCREMENT BY 1
    NO MINVALUE
    NO MAXVALUE
    CACHE 1;


ALTER TABLE public.anarapp_desccolores_id_seq OWNER TO postgres;

--
-- Name: anarapp_desccolores_id_seq; Type: SEQUENCE OWNED BY; Schema: public; Owner: postgres
--

ALTER SEQUENCE anarapp_desccolores_id_seq OWNED BY anarapp_desccolores.id;


--
-- Name: anarapp_dimensionpiedra; Type: TABLE; Schema: public; Owner: postgres; Tablespace: 
--

CREATE TABLE anarapp_dimensionpiedra (
    id integer NOT NULL,
    piedra_id integer NOT NULL,
    "altoMaximo" numeric(12,6) NOT NULL,
    "largoMaximo" numeric(12,6) NOT NULL,
    "anchoMaximo" numeric(12,6) NOT NULL
);


ALTER TABLE public.anarapp_dimensionpiedra OWNER TO postgres;

--
-- Name: anarapp_dimensionpiedra_id_seq; Type: SEQUENCE; Schema: public; Owner: postgres
--

CREATE SEQUENCE anarapp_dimensionpiedra_id_seq
    START WITH 1
    INCREMENT BY 1
    NO MINVALUE
    NO MAXVALUE
    CACHE 1;


ALTER TABLE public.anarapp_dimensionpiedra_id_seq OWNER TO postgres;

--
-- Name: anarapp_dimensionpiedra_id_seq; Type: SEQUENCE OWNED BY; Schema: public; Owner: postgres
--

ALTER SEQUENCE anarapp_dimensionpiedra_id_seq OWNED BY anarapp_dimensionpiedra.id;


--
-- Name: anarapp_escnatpiedra; Type: TABLE; Schema: public; Owner: postgres; Tablespace: 
--

CREATE TABLE anarapp_escnatpiedra (
    repgrafpiedra_ptr_id integer NOT NULL,
    "tipoReproduccione" integer NOT NULL
);


ALTER TABLE public.anarapp_escnatpiedra OWNER TO postgres;

--
-- Name: anarapp_escredpiedra; Type: TABLE; Schema: public; Owner: postgres; Tablespace: 
--

CREATE TABLE anarapp_escredpiedra (
    repgrafpiedra_ptr_id integer NOT NULL,
    "tipoReproduccion" integer NOT NULL
);


ALTER TABLE public.anarapp_escredpiedra OWNER TO postgres;

--
-- Name: anarapp_esquemaporcara; Type: TABLE; Schema: public; Owner: postgres; Tablespace: 
--

CREATE TABLE anarapp_esquemaporcara (
    id integer NOT NULL,
    piedra_id integer NOT NULL,
    numero text NOT NULL,
    "textoCara" text NOT NULL,
    posicion text NOT NULL
);


ALTER TABLE public.anarapp_esquemaporcara OWNER TO postgres;

--
-- Name: anarapp_esquemaporcara_id_seq; Type: SEQUENCE; Schema: public; Owner: postgres
--

CREATE SEQUENCE anarapp_esquemaporcara_id_seq
    START WITH 1
    INCREMENT BY 1
    NO MINVALUE
    NO MAXVALUE
    CACHE 1;


ALTER TABLE public.anarapp_esquemaporcara_id_seq OWNER TO postgres;

--
-- Name: anarapp_esquemaporcara_id_seq; Type: SEQUENCE OWNED BY; Schema: public; Owner: postgres
--

ALTER SEQUENCE anarapp_esquemaporcara_id_seq OWNED BY anarapp_esquemaporcara.id;


--
-- Name: anarapp_estado; Type: TABLE; Schema: public; Owner: postgres; Tablespace: 
--

CREATE TABLE anarapp_estado (
    id integer NOT NULL,
    nombre text NOT NULL,
    activo integer NOT NULL
);


ALTER TABLE public.anarapp_estado OWNER TO postgres;

--
-- Name: anarapp_estado_id_seq; Type: SEQUENCE; Schema: public; Owner: postgres
--

CREATE SEQUENCE anarapp_estado_id_seq
    START WITH 1
    INCREMENT BY 1
    NO MINVALUE
    NO MAXVALUE
    CACHE 1;


ALTER TABLE public.anarapp_estado_id_seq OWNER TO postgres;

--
-- Name: anarapp_estado_id_seq; Type: SEQUENCE OWNED BY; Schema: public; Owner: postgres
--

ALTER SEQUENCE anarapp_estado_id_seq OWNED BY anarapp_estado.id;


--
-- Name: anarapp_estadoconseryac; Type: TABLE; Schema: public; Owner: postgres; Tablespace: 
--

CREATE TABLE anarapp_estadoconseryac (
    id integer NOT NULL,
    "enBuenEstado" boolean NOT NULL,
    "estadoModificado" boolean NOT NULL,
    trasladado integer,
    "trasladadoPa" text NOT NULL,
    sumergido integer,
    "sumergidoPa" text NOT NULL,
    enterrado integer,
    "enterradoPa" text NOT NULL,
    perdido integer,
    "perdidoPa" text NOT NULL,
    destruido integer,
    "destruidoPa" text NOT NULL,
    "crecimientoVeg" integer,
    "crecimientoVegPa" text NOT NULL,
    patina integer,
    "patinaPa" text NOT NULL,
    erosion integer,
    "erosionPa" text NOT NULL,
    "estaDestruido" boolean NOT NULL,
    "esPorCausaNatural" boolean NOT NULL,
    "enPorCausaNaturalLigera" boolean NOT NULL,
    "enPorCausaNaturalAguda" boolean NOT NULL,
    "enPorCausaHumana" boolean NOT NULL,
    "enPorCausaHumanaLigera" boolean NOT NULL,
    "enPorCausaHumanaAguda" boolean NOT NULL,
    especificar text NOT NULL,
    "destruccionPotencial" boolean NOT NULL,
    yacimiento_id integer NOT NULL
);


ALTER TABLE public.anarapp_estadoconseryac OWNER TO postgres;

--
-- Name: anarapp_estadoconseryac_id_seq; Type: SEQUENCE; Schema: public; Owner: postgres
--

CREATE SEQUENCE anarapp_estadoconseryac_id_seq
    START WITH 1
    INCREMENT BY 1
    NO MINVALUE
    NO MAXVALUE
    CACHE 1;


ALTER TABLE public.anarapp_estadoconseryac_id_seq OWNER TO postgres;

--
-- Name: anarapp_estadoconseryac_id_seq; Type: SEQUENCE OWNED BY; Schema: public; Owner: postgres
--

ALTER SEQUENCE anarapp_estadoconseryac_id_seq OWNED BY anarapp_estadoconseryac.id;


--
-- Name: anarapp_faunayacimiento; Type: TABLE; Schema: public; Owner: postgres; Tablespace: 
--

CREATE TABLE anarapp_faunayacimiento (
    id integer NOT NULL,
    fauna text NOT NULL,
    yacimiento_id integer NOT NULL
);


ALTER TABLE public.anarapp_faunayacimiento OWNER TO postgres;

--
-- Name: anarapp_faunayacimiento_id_seq; Type: SEQUENCE; Schema: public; Owner: postgres
--

CREATE SEQUENCE anarapp_faunayacimiento_id_seq
    START WITH 1
    INCREMENT BY 1
    NO MINVALUE
    NO MAXVALUE
    CACHE 1;


ALTER TABLE public.anarapp_faunayacimiento_id_seq OWNER TO postgres;

--
-- Name: anarapp_faunayacimiento_id_seq; Type: SEQUENCE OWNED BY; Schema: public; Owner: postgres
--

ALTER SEQUENCE anarapp_faunayacimiento_id_seq OWNED BY anarapp_faunayacimiento.id;


--
-- Name: anarapp_figurasportipo; Type: TABLE; Schema: public; Owner: postgres; Tablespace: 
--

CREATE TABLE anarapp_figurasportipo (
    id integer NOT NULL,
    piedra_id integer NOT NULL,
    numero text NOT NULL,
    "tipoFigura" integer NOT NULL,
    cantidad text NOT NULL,
    descripcion text NOT NULL,
    "esCantidadInexacta" boolean NOT NULL
);


ALTER TABLE public.anarapp_figurasportipo OWNER TO postgres;

--
-- Name: anarapp_figurasportipo_id_seq; Type: SEQUENCE; Schema: public; Owner: postgres
--

CREATE SEQUENCE anarapp_figurasportipo_id_seq
    START WITH 1
    INCREMENT BY 1
    NO MINVALUE
    NO MAXVALUE
    CACHE 1;


ALTER TABLE public.anarapp_figurasportipo_id_seq OWNER TO postgres;

--
-- Name: anarapp_figurasportipo_id_seq; Type: SEQUENCE OWNED BY; Schema: public; Owner: postgres
--

ALTER SEQUENCE anarapp_figurasportipo_id_seq OWNED BY anarapp_figurasportipo.id;


--
-- Name: anarapp_florayacimiento; Type: TABLE; Schema: public; Owner: postgres; Tablespace: 
--

CREATE TABLE anarapp_florayacimiento (
    id integer NOT NULL,
    flora text NOT NULL,
    yacimiento_id integer NOT NULL
);


ALTER TABLE public.anarapp_florayacimiento OWNER TO postgres;

--
-- Name: anarapp_florayacimiento_id_seq; Type: SEQUENCE; Schema: public; Owner: postgres
--

CREATE SEQUENCE anarapp_florayacimiento_id_seq
    START WITH 1
    INCREMENT BY 1
    NO MINVALUE
    NO MAXVALUE
    CACHE 1;


ALTER TABLE public.anarapp_florayacimiento_id_seq OWNER TO postgres;

--
-- Name: anarapp_florayacimiento_id_seq; Type: SEQUENCE OWNED BY; Schema: public; Owner: postgres
--

ALTER SEQUENCE anarapp_florayacimiento_id_seq OWNED BY anarapp_florayacimiento.id;


--
-- Name: anarapp_foto; Type: TABLE; Schema: public; Owner: postgres; Tablespace: 
--

CREATE TABLE anarapp_foto (
    id integer NOT NULL,
    negativo text NOT NULL,
    fecha character varying(100),
    fotografo text NOT NULL,
    institucion text NOT NULL,
    "numReferencia" text NOT NULL,
    "numRollo" text NOT NULL,
    "numFoto" text NOT NULL,
    "numMarcaNegativo" text NOT NULL,
    "esDeAnar" boolean NOT NULL,
    "numCopiaAnar" integer NOT NULL,
    esfoto boolean NOT NULL,
    "tipoFotoA" boolean NOT NULL,
    "tipoFotoNA" boolean NOT NULL,
    "tipoFotoS" boolean NOT NULL
);


ALTER TABLE public.anarapp_foto OWNER TO postgres;

--
-- Name: anarapp_foto_id_seq; Type: SEQUENCE; Schema: public; Owner: postgres
--

CREATE SEQUENCE anarapp_foto_id_seq
    START WITH 1
    INCREMENT BY 1
    NO MINVALUE
    NO MAXVALUE
    CACHE 1;


ALTER TABLE public.anarapp_foto_id_seq OWNER TO postgres;

--
-- Name: anarapp_foto_id_seq; Type: SEQUENCE OWNED BY; Schema: public; Owner: postgres
--

ALTER SEQUENCE anarapp_foto_id_seq OWNED BY anarapp_foto.id;


--
-- Name: anarapp_fotografiapiedra; Type: TABLE; Schema: public; Owner: postgres; Tablespace: 
--

CREATE TABLE anarapp_fotografiapiedra (
    id integer NOT NULL,
    piedra_id integer NOT NULL,
    archivo character varying(100)
);


ALTER TABLE public.anarapp_fotografiapiedra OWNER TO postgres;

--
-- Name: anarapp_fotografiapiedra_id_seq; Type: SEQUENCE; Schema: public; Owner: postgres
--

CREATE SEQUENCE anarapp_fotografiapiedra_id_seq
    START WITH 1
    INCREMENT BY 1
    NO MINVALUE
    NO MAXVALUE
    CACHE 1;


ALTER TABLE public.anarapp_fotografiapiedra_id_seq OWNER TO postgres;

--
-- Name: anarapp_fotografiapiedra_id_seq; Type: SEQUENCE OWNED BY; Schema: public; Owner: postgres
--

ALTER SEQUENCE anarapp_fotografiapiedra_id_seq OWNED BY anarapp_fotografiapiedra.id;


--
-- Name: anarapp_fotografiayac; Type: TABLE; Schema: public; Owner: postgres; Tablespace: 
--

CREATE TABLE anarapp_fotografiayac (
    id integer NOT NULL,
    "esAerea" boolean NOT NULL,
    "noEsAerea" boolean NOT NULL,
    "esSatelital" boolean NOT NULL,
    fecha character varying(100),
    yacimiento_id integer NOT NULL,
    archivo character varying(100)
);


ALTER TABLE public.anarapp_fotografiayac OWNER TO postgres;

--
-- Name: anarapp_fotografiayac_id_seq; Type: SEQUENCE; Schema: public; Owner: postgres
--

CREATE SEQUENCE anarapp_fotografiayac_id_seq
    START WITH 1
    INCREMENT BY 1
    NO MINVALUE
    NO MAXVALUE
    CACHE 1;


ALTER TABLE public.anarapp_fotografiayac_id_seq OWNER TO postgres;

--
-- Name: anarapp_fotografiayac_id_seq; Type: SEQUENCE OWNED BY; Schema: public; Owner: postgres
--

ALTER SEQUENCE anarapp_fotografiayac_id_seq OWNED BY anarapp_fotografiayac.id;


--
-- Name: anarapp_fotopiedra; Type: TABLE; Schema: public; Owner: postgres; Tablespace: 
--

CREATE TABLE anarapp_fotopiedra (
    foto_ptr_id integer NOT NULL,
    piedra_id integer NOT NULL
);


ALTER TABLE public.anarapp_fotopiedra OWNER TO postgres;

--
-- Name: anarapp_hidrologiayacimiento; Type: TABLE; Schema: public; Owner: postgres; Tablespace: 
--

CREATE TABLE anarapp_hidrologiayacimiento (
    id integer NOT NULL,
    rio boolean NOT NULL,
    laguna boolean NOT NULL,
    arroyo boolean NOT NULL,
    "arroyoPerenne" boolean NOT NULL,
    manantial boolean NOT NULL,
    "manantialIntermitente" boolean NOT NULL,
    otros text NOT NULL,
    nombre text NOT NULL,
    distancia text NOT NULL,
    observaciones text NOT NULL,
    yacimiento_id integer NOT NULL
);


ALTER TABLE public.anarapp_hidrologiayacimiento OWNER TO postgres;

--
-- Name: anarapp_hidrologiayacimiento_id_seq; Type: SEQUENCE; Schema: public; Owner: postgres
--

CREATE SEQUENCE anarapp_hidrologiayacimiento_id_seq
    START WITH 1
    INCREMENT BY 1
    NO MINVALUE
    NO MAXVALUE
    CACHE 1;


ALTER TABLE public.anarapp_hidrologiayacimiento_id_seq OWNER TO postgres;

--
-- Name: anarapp_hidrologiayacimiento_id_seq; Type: SEQUENCE OWNED BY; Schema: public; Owner: postgres
--

ALTER SEQUENCE anarapp_hidrologiayacimiento_id_seq OWNED BY anarapp_hidrologiayacimiento.id;


--
-- Name: anarapp_indicaciones; Type: TABLE; Schema: public; Owner: postgres; Tablespace: 
--

CREATE TABLE anarapp_indicaciones (
    id integer NOT NULL,
    direcciones text NOT NULL,
    "puntoDatum" text NOT NULL,
    yacimiento_id integer NOT NULL
);


ALTER TABLE public.anarapp_indicaciones OWNER TO postgres;

--
-- Name: anarapp_indicaciones_id_seq; Type: SEQUENCE; Schema: public; Owner: postgres
--

CREATE SEQUENCE anarapp_indicaciones_id_seq
    START WITH 1
    INCREMENT BY 1
    NO MINVALUE
    NO MAXVALUE
    CACHE 1;


ALTER TABLE public.anarapp_indicaciones_id_seq OWNER TO postgres;

--
-- Name: anarapp_indicaciones_id_seq; Type: SEQUENCE OWNED BY; Schema: public; Owner: postgres
--

ALTER SEQUENCE anarapp_indicaciones_id_seq OWNED BY anarapp_indicaciones.id;


--
-- Name: anarapp_intensidaddestruccionyac; Type: TABLE; Schema: public; Owner: postgres; Tablespace: 
--

CREATE TABLE anarapp_intensidaddestruccionyac (
    id integer NOT NULL,
    yacimiento_id integer NOT NULL,
    "esDeTiempo" boolean NOT NULL,
    "esInmediato" boolean NOT NULL,
    "unAno" boolean NOT NULL,
    "dosAno" boolean NOT NULL,
    "tresAno" boolean NOT NULL,
    "cuatroAno" boolean NOT NULL,
    "cincoAno" boolean NOT NULL,
    mas text NOT NULL,
    observaciones text NOT NULL
);


ALTER TABLE public.anarapp_intensidaddestruccionyac OWNER TO postgres;

--
-- Name: anarapp_intensidaddestruccionyac_id_seq; Type: SEQUENCE; Schema: public; Owner: postgres
--

CREATE SEQUENCE anarapp_intensidaddestruccionyac_id_seq
    START WITH 1
    INCREMENT BY 1
    NO MINVALUE
    NO MAXVALUE
    CACHE 1;


ALTER TABLE public.anarapp_intensidaddestruccionyac_id_seq OWNER TO postgres;

--
-- Name: anarapp_intensidaddestruccionyac_id_seq; Type: SEQUENCE OWNED BY; Schema: public; Owner: postgres
--

ALTER SEQUENCE anarapp_intensidaddestruccionyac_id_seq OWNED BY anarapp_intensidaddestruccionyac.id;


--
-- Name: anarapp_llenadopiedra; Type: TABLE; Schema: public; Owner: postgres; Tablespace: 
--

CREATE TABLE anarapp_llenadopiedra (
    llenadopor_ptr_id integer NOT NULL,
    piedra_id integer NOT NULL,
    "nombreP" text NOT NULL,
    "fechaP" character varying(100)
);


ALTER TABLE public.anarapp_llenadopiedra OWNER TO postgres;

--
-- Name: anarapp_llenadopor; Type: TABLE; Schema: public; Owner: postgres; Tablespace: 
--

CREATE TABLE anarapp_llenadopor (
    id integer NOT NULL
);


ALTER TABLE public.anarapp_llenadopor OWNER TO postgres;

--
-- Name: anarapp_llenadopor_id_seq; Type: SEQUENCE; Schema: public; Owner: postgres
--

CREATE SEQUENCE anarapp_llenadopor_id_seq
    START WITH 1
    INCREMENT BY 1
    NO MINVALUE
    NO MAXVALUE
    CACHE 1;


ALTER TABLE public.anarapp_llenadopor_id_seq OWNER TO postgres;

--
-- Name: anarapp_llenadopor_id_seq; Type: SEQUENCE OWNED BY; Schema: public; Owner: postgres
--

ALTER SEQUENCE anarapp_llenadopor_id_seq OWNED BY anarapp_llenadopor.id;


--
-- Name: anarapp_llenadoyac; Type: TABLE; Schema: public; Owner: postgres; Tablespace: 
--

CREATE TABLE anarapp_llenadoyac (
    llenadopor_ptr_id integer NOT NULL,
    yacimiento_id integer NOT NULL,
    "nombreY" text NOT NULL,
    "fechaY" character varying(100)
);


ALTER TABLE public.anarapp_llenadoyac OWNER TO postgres;

--
-- Name: anarapp_localidadyacimiento; Type: TABLE; Schema: public; Owner: postgres; Tablespace: 
--

CREATE TABLE anarapp_localidadyacimiento (
    id integer NOT NULL,
    "esCentroPoblado" boolean NOT NULL,
    "esUrbano" boolean NOT NULL,
    "esRural" boolean NOT NULL,
    "esIndigena" boolean NOT NULL,
    "nombrePoblado" text NOT NULL,
    "esCentroNoPoblado" boolean NOT NULL,
    "nombreNoPoblado" text NOT NULL,
    yacimiento_id integer NOT NULL
);


ALTER TABLE public.anarapp_localidadyacimiento OWNER TO postgres;

--
-- Name: anarapp_localidadyacimiento_id_seq; Type: SEQUENCE; Schema: public; Owner: postgres
--

CREATE SEQUENCE anarapp_localidadyacimiento_id_seq
    START WITH 1
    INCREMENT BY 1
    NO MINVALUE
    NO MAXVALUE
    CACHE 1;


ALTER TABLE public.anarapp_localidadyacimiento_id_seq OWNER TO postgres;

--
-- Name: anarapp_localidadyacimiento_id_seq; Type: SEQUENCE OWNED BY; Schema: public; Owner: postgres
--

ALTER SEQUENCE anarapp_localidadyacimiento_id_seq OWNED BY anarapp_localidadyacimiento.id;


--
-- Name: anarapp_manifestaciones; Type: TABLE; Schema: public; Owner: postgres; Tablespace: 
--

CREATE TABLE anarapp_manifestaciones (
    id integer NOT NULL,
    piedra_id integer NOT NULL,
    "tienePetroglifo" boolean NOT NULL,
    "tienePinturaRupestre" boolean NOT NULL,
    "tieneAmoladores" boolean NOT NULL,
    "tienePuntosAcoplados" boolean NOT NULL,
    "tieneCupulas" boolean NOT NULL
);


ALTER TABLE public.anarapp_manifestaciones OWNER TO postgres;

--
-- Name: anarapp_manifestaciones_id_seq; Type: SEQUENCE; Schema: public; Owner: postgres
--

CREATE SEQUENCE anarapp_manifestaciones_id_seq
    START WITH 1
    INCREMENT BY 1
    NO MINVALUE
    NO MAXVALUE
    CACHE 1;


ALTER TABLE public.anarapp_manifestaciones_id_seq OWNER TO postgres;

--
-- Name: anarapp_manifestaciones_id_seq; Type: SEQUENCE OWNED BY; Schema: public; Owner: postgres
--

ALTER SEQUENCE anarapp_manifestaciones_id_seq OWNED BY anarapp_manifestaciones.id;


--
-- Name: anarapp_manifestacionesasociadas; Type: TABLE; Schema: public; Owner: postgres; Tablespace: 
--

CREATE TABLE anarapp_manifestacionesasociadas (
    id integer NOT NULL,
    "esLitica" boolean NOT NULL,
    "descripcionLitica" text NOT NULL,
    "esCeramica" boolean NOT NULL,
    "descripcionCeramica" text NOT NULL,
    "esOseo" boolean NOT NULL,
    "descripcionOseo" text NOT NULL,
    "esConcha" boolean NOT NULL,
    "descripcionConcha" text NOT NULL,
    "esCarbon" boolean NOT NULL,
    "descripcionCarbon" text NOT NULL,
    "esMito" boolean NOT NULL,
    "descripcionMito" text NOT NULL,
    "esCementerio" boolean NOT NULL,
    "descripcionCementerio" text NOT NULL,
    "esMonticulo" boolean NOT NULL,
    "descripcionMonticulo" text NOT NULL,
    otros text NOT NULL,
    yacimiento_id integer NOT NULL
);


ALTER TABLE public.anarapp_manifestacionesasociadas OWNER TO postgres;

--
-- Name: anarapp_manifestacionesasociadas_id_seq; Type: SEQUENCE; Schema: public; Owner: postgres
--

CREATE SEQUENCE anarapp_manifestacionesasociadas_id_seq
    START WITH 1
    INCREMENT BY 1
    NO MINVALUE
    NO MAXVALUE
    CACHE 1;


ALTER TABLE public.anarapp_manifestacionesasociadas_id_seq OWNER TO postgres;

--
-- Name: anarapp_manifestacionesasociadas_id_seq; Type: SEQUENCE OWNED BY; Schema: public; Owner: postgres
--

ALTER SEQUENCE anarapp_manifestacionesasociadas_id_seq OWNED BY anarapp_manifestacionesasociadas.id;


--
-- Name: anarapp_manifestacionescarbon; Type: TABLE; Schema: public; Owner: postgres; Tablespace: 
--

CREATE TABLE anarapp_manifestacionescarbon (
    id integer NOT NULL,
    yacimiento_id integer NOT NULL,
    "esCarbon" boolean NOT NULL,
    "descripcionCarbon" text NOT NULL
);


ALTER TABLE public.anarapp_manifestacionescarbon OWNER TO postgres;

--
-- Name: anarapp_manifestacionescarbon_id_seq; Type: SEQUENCE; Schema: public; Owner: postgres
--

CREATE SEQUENCE anarapp_manifestacionescarbon_id_seq
    START WITH 1
    INCREMENT BY 1
    NO MINVALUE
    NO MAXVALUE
    CACHE 1;


ALTER TABLE public.anarapp_manifestacionescarbon_id_seq OWNER TO postgres;

--
-- Name: anarapp_manifestacionescarbon_id_seq; Type: SEQUENCE OWNED BY; Schema: public; Owner: postgres
--

ALTER SEQUENCE anarapp_manifestacionescarbon_id_seq OWNED BY anarapp_manifestacionescarbon.id;


--
-- Name: anarapp_manifestacionescementerio; Type: TABLE; Schema: public; Owner: postgres; Tablespace: 
--

CREATE TABLE anarapp_manifestacionescementerio (
    id integer NOT NULL,
    yacimiento_id integer NOT NULL,
    "esCementerio" boolean NOT NULL,
    "descripcionCementerio" text NOT NULL
);


ALTER TABLE public.anarapp_manifestacionescementerio OWNER TO postgres;

--
-- Name: anarapp_manifestacionescementerio_id_seq; Type: SEQUENCE; Schema: public; Owner: postgres
--

CREATE SEQUENCE anarapp_manifestacionescementerio_id_seq
    START WITH 1
    INCREMENT BY 1
    NO MINVALUE
    NO MAXVALUE
    CACHE 1;


ALTER TABLE public.anarapp_manifestacionescementerio_id_seq OWNER TO postgres;

--
-- Name: anarapp_manifestacionescementerio_id_seq; Type: SEQUENCE OWNED BY; Schema: public; Owner: postgres
--

ALTER SEQUENCE anarapp_manifestacionescementerio_id_seq OWNED BY anarapp_manifestacionescementerio.id;


--
-- Name: anarapp_manifestacionesceramica; Type: TABLE; Schema: public; Owner: postgres; Tablespace: 
--

CREATE TABLE anarapp_manifestacionesceramica (
    id integer NOT NULL,
    yacimiento_id integer NOT NULL,
    "esCeramica" boolean NOT NULL,
    "descripcionCeramica" text NOT NULL
);


ALTER TABLE public.anarapp_manifestacionesceramica OWNER TO postgres;

--
-- Name: anarapp_manifestacionesceramica_id_seq; Type: SEQUENCE; Schema: public; Owner: postgres
--

CREATE SEQUENCE anarapp_manifestacionesceramica_id_seq
    START WITH 1
    INCREMENT BY 1
    NO MINVALUE
    NO MAXVALUE
    CACHE 1;


ALTER TABLE public.anarapp_manifestacionesceramica_id_seq OWNER TO postgres;

--
-- Name: anarapp_manifestacionesceramica_id_seq; Type: SEQUENCE OWNED BY; Schema: public; Owner: postgres
--

ALTER SEQUENCE anarapp_manifestacionesceramica_id_seq OWNED BY anarapp_manifestacionesceramica.id;


--
-- Name: anarapp_manifestacionesconcha; Type: TABLE; Schema: public; Owner: postgres; Tablespace: 
--

CREATE TABLE anarapp_manifestacionesconcha (
    id integer NOT NULL,
    yacimiento_id integer NOT NULL,
    "esConcha" boolean NOT NULL,
    "descripcionConcha" text NOT NULL
);


ALTER TABLE public.anarapp_manifestacionesconcha OWNER TO postgres;

--
-- Name: anarapp_manifestacionesconcha_id_seq; Type: SEQUENCE; Schema: public; Owner: postgres
--

CREATE SEQUENCE anarapp_manifestacionesconcha_id_seq
    START WITH 1
    INCREMENT BY 1
    NO MINVALUE
    NO MAXVALUE
    CACHE 1;


ALTER TABLE public.anarapp_manifestacionesconcha_id_seq OWNER TO postgres;

--
-- Name: anarapp_manifestacionesconcha_id_seq; Type: SEQUENCE OWNED BY; Schema: public; Owner: postgres
--

ALTER SEQUENCE anarapp_manifestacionesconcha_id_seq OWNED BY anarapp_manifestacionesconcha.id;


--
-- Name: anarapp_manifestacioneslitica; Type: TABLE; Schema: public; Owner: postgres; Tablespace: 
--

CREATE TABLE anarapp_manifestacioneslitica (
    id integer NOT NULL,
    yacimiento_id integer NOT NULL,
    "esLitica" boolean NOT NULL,
    "descripcionLitica" text NOT NULL
);


ALTER TABLE public.anarapp_manifestacioneslitica OWNER TO postgres;

--
-- Name: anarapp_manifestacioneslitica_id_seq; Type: SEQUENCE; Schema: public; Owner: postgres
--

CREATE SEQUENCE anarapp_manifestacioneslitica_id_seq
    START WITH 1
    INCREMENT BY 1
    NO MINVALUE
    NO MAXVALUE
    CACHE 1;


ALTER TABLE public.anarapp_manifestacioneslitica_id_seq OWNER TO postgres;

--
-- Name: anarapp_manifestacioneslitica_id_seq; Type: SEQUENCE OWNED BY; Schema: public; Owner: postgres
--

ALTER SEQUENCE anarapp_manifestacioneslitica_id_seq OWNED BY anarapp_manifestacioneslitica.id;


--
-- Name: anarapp_manifestacionesmito; Type: TABLE; Schema: public; Owner: postgres; Tablespace: 
--

CREATE TABLE anarapp_manifestacionesmito (
    id integer NOT NULL,
    yacimiento_id integer NOT NULL,
    "esMito" boolean NOT NULL,
    "descripcionMito" text NOT NULL
);


ALTER TABLE public.anarapp_manifestacionesmito OWNER TO postgres;

--
-- Name: anarapp_manifestacionesmito_id_seq; Type: SEQUENCE; Schema: public; Owner: postgres
--

CREATE SEQUENCE anarapp_manifestacionesmito_id_seq
    START WITH 1
    INCREMENT BY 1
    NO MINVALUE
    NO MAXVALUE
    CACHE 1;


ALTER TABLE public.anarapp_manifestacionesmito_id_seq OWNER TO postgres;

--
-- Name: anarapp_manifestacionesmito_id_seq; Type: SEQUENCE OWNED BY; Schema: public; Owner: postgres
--

ALTER SEQUENCE anarapp_manifestacionesmito_id_seq OWNED BY anarapp_manifestacionesmito.id;


--
-- Name: anarapp_manifestacionesmonticulo; Type: TABLE; Schema: public; Owner: postgres; Tablespace: 
--

CREATE TABLE anarapp_manifestacionesmonticulo (
    id integer NOT NULL,
    yacimiento_id integer NOT NULL,
    "esMonticulo" boolean NOT NULL,
    "descripcionMonticulo" text NOT NULL
);


ALTER TABLE public.anarapp_manifestacionesmonticulo OWNER TO postgres;

--
-- Name: anarapp_manifestacionesmonticulo_id_seq; Type: SEQUENCE; Schema: public; Owner: postgres
--

CREATE SEQUENCE anarapp_manifestacionesmonticulo_id_seq
    START WITH 1
    INCREMENT BY 1
    NO MINVALUE
    NO MAXVALUE
    CACHE 1;


ALTER TABLE public.anarapp_manifestacionesmonticulo_id_seq OWNER TO postgres;

--
-- Name: anarapp_manifestacionesmonticulo_id_seq; Type: SEQUENCE OWNED BY; Schema: public; Owner: postgres
--

ALTER SEQUENCE anarapp_manifestacionesmonticulo_id_seq OWNED BY anarapp_manifestacionesmonticulo.id;


--
-- Name: anarapp_manifestacionesoseo; Type: TABLE; Schema: public; Owner: postgres; Tablespace: 
--

CREATE TABLE anarapp_manifestacionesoseo (
    id integer NOT NULL,
    yacimiento_id integer NOT NULL,
    "esOseo" boolean NOT NULL,
    "descripcionOseo" text NOT NULL
);


ALTER TABLE public.anarapp_manifestacionesoseo OWNER TO postgres;

--
-- Name: anarapp_manifestacionesoseo_id_seq; Type: SEQUENCE; Schema: public; Owner: postgres
--

CREATE SEQUENCE anarapp_manifestacionesoseo_id_seq
    START WITH 1
    INCREMENT BY 1
    NO MINVALUE
    NO MAXVALUE
    CACHE 1;


ALTER TABLE public.anarapp_manifestacionesoseo_id_seq OWNER TO postgres;

--
-- Name: anarapp_manifestacionesoseo_id_seq; Type: SEQUENCE OWNED BY; Schema: public; Owner: postgres
--

ALTER SEQUENCE anarapp_manifestacionesoseo_id_seq OWNED BY anarapp_manifestacionesoseo.id;


--
-- Name: anarapp_manifestacionesotros; Type: TABLE; Schema: public; Owner: postgres; Tablespace: 
--

CREATE TABLE anarapp_manifestacionesotros (
    id integer NOT NULL,
    yacimiento_id integer NOT NULL,
    otros text NOT NULL
);


ALTER TABLE public.anarapp_manifestacionesotros OWNER TO postgres;

--
-- Name: anarapp_manifestacionesotros_id_seq; Type: SEQUENCE; Schema: public; Owner: postgres
--

CREATE SEQUENCE anarapp_manifestacionesotros_id_seq
    START WITH 1
    INCREMENT BY 1
    NO MINVALUE
    NO MAXVALUE
    CACHE 1;


ALTER TABLE public.anarapp_manifestacionesotros_id_seq OWNER TO postgres;

--
-- Name: anarapp_manifestacionesotros_id_seq; Type: SEQUENCE OWNED BY; Schema: public; Owner: postgres
--

ALTER SEQUENCE anarapp_manifestacionesotros_id_seq OWNED BY anarapp_manifestacionesotros.id;


--
-- Name: anarapp_manifestacionyacimiento; Type: TABLE; Schema: public; Owner: postgres; Tablespace: 
--

CREATE TABLE anarapp_manifestacionyacimiento (
    id integer NOT NULL,
    yacimiento_id integer NOT NULL,
    "esGeoglifo" boolean NOT NULL,
    "esPintura" boolean NOT NULL,
    "esPetroglifo" boolean NOT NULL,
    "esPetroglifoPintado" boolean NOT NULL,
    "esMicroPetroglifo" boolean NOT NULL,
    "esPiedraMiticaNatural" boolean NOT NULL,
    "esCerroMiticoNatural" boolean NOT NULL,
    "esCerroConPetroglifo" boolean NOT NULL,
    "esCerroConPintura" boolean NOT NULL,
    "esCerroConDolmen" boolean NOT NULL,
    "esMonumentosMegaliticos" boolean NOT NULL,
    "esMonolitos" boolean NOT NULL,
    "esMonolitoConGrabados" boolean NOT NULL,
    "esMenhires" boolean NOT NULL,
    "esMenhiresConPuntos" boolean NOT NULL,
    "esMenhiresConPetroglifo" boolean NOT NULL,
    "esMenhiresConPintura" boolean NOT NULL,
    "esAmolador" boolean NOT NULL,
    "esBatea" boolean NOT NULL,
    "esPuntosAcoplados" boolean NOT NULL,
    "esCupulas" boolean NOT NULL,
    "esMortero" boolean NOT NULL
);


ALTER TABLE public.anarapp_manifestacionyacimiento OWNER TO postgres;

--
-- Name: anarapp_manifestacionyacimiento_id_seq; Type: SEQUENCE; Schema: public; Owner: postgres
--

CREATE SEQUENCE anarapp_manifestacionyacimiento_id_seq
    START WITH 1
    INCREMENT BY 1
    NO MINVALUE
    NO MAXVALUE
    CACHE 1;


ALTER TABLE public.anarapp_manifestacionyacimiento_id_seq OWNER TO postgres;

--
-- Name: anarapp_manifestacionyacimiento_id_seq; Type: SEQUENCE OWNED BY; Schema: public; Owner: postgres
--

ALTER SEQUENCE anarapp_manifestacionyacimiento_id_seq OWNED BY anarapp_manifestacionyacimiento.id;


--
-- Name: anarapp_mataudiovisual; Type: TABLE; Schema: public; Owner: postgres; Tablespace: 
--

CREATE TABLE anarapp_mataudiovisual (
    id integer NOT NULL
);


ALTER TABLE public.anarapp_mataudiovisual OWNER TO postgres;

--
-- Name: anarapp_mataudiovisual_id_seq; Type: SEQUENCE; Schema: public; Owner: postgres
--

CREATE SEQUENCE anarapp_mataudiovisual_id_seq
    START WITH 1
    INCREMENT BY 1
    NO MINVALUE
    NO MAXVALUE
    CACHE 1;


ALTER TABLE public.anarapp_mataudiovisual_id_seq OWNER TO postgres;

--
-- Name: anarapp_mataudiovisual_id_seq; Type: SEQUENCE OWNED BY; Schema: public; Owner: postgres
--

ALTER SEQUENCE anarapp_mataudiovisual_id_seq OWNED BY anarapp_mataudiovisual.id;


--
-- Name: anarapp_matavpiedra; Type: TABLE; Schema: public; Owner: postgres; Tablespace: 
--

CREATE TABLE anarapp_matavpiedra (
    mataudiovisual_ptr_id integer NOT NULL,
    piedra_id integer NOT NULL,
    ismatavy boolean NOT NULL,
    format text NOT NULL,
    archive character varying(100)
);


ALTER TABLE public.anarapp_matavpiedra OWNER TO postgres;

--
-- Name: anarapp_matavyacimiento; Type: TABLE; Schema: public; Owner: postgres; Tablespace: 
--

CREATE TABLE anarapp_matavyacimiento (
    mataudiovisual_ptr_id integer NOT NULL,
    yacimiento_id integer NOT NULL,
    ismatavy boolean NOT NULL,
    format text NOT NULL,
    archive character varying(100)
);


ALTER TABLE public.anarapp_matavyacimiento OWNER TO postgres;

--
-- Name: anarapp_materialyacimiento; Type: TABLE; Schema: public; Owner: postgres; Tablespace: 
--

CREATE TABLE anarapp_materialyacimiento (
    id integer NOT NULL,
    "esRoca" boolean NOT NULL,
    "esIgnea" boolean NOT NULL,
    "esMetamor" boolean NOT NULL,
    "esSedimentaria" boolean NOT NULL,
    tipo text NOT NULL,
    "esTierra" boolean NOT NULL,
    "esHueso" boolean NOT NULL,
    "esCorteza" boolean NOT NULL,
    "esPiel" boolean NOT NULL,
    otros text NOT NULL,
    yacimiento_id integer NOT NULL
);


ALTER TABLE public.anarapp_materialyacimiento OWNER TO postgres;

--
-- Name: anarapp_materialyacimiento_id_seq; Type: SEQUENCE; Schema: public; Owner: postgres
--

CREATE SEQUENCE anarapp_materialyacimiento_id_seq
    START WITH 1
    INCREMENT BY 1
    NO MINVALUE
    NO MAXVALUE
    CACHE 1;


ALTER TABLE public.anarapp_materialyacimiento_id_seq OWNER TO postgres;

--
-- Name: anarapp_materialyacimiento_id_seq; Type: SEQUENCE OWNED BY; Schema: public; Owner: postgres
--

ALTER SEQUENCE anarapp_materialyacimiento_id_seq OWNED BY anarapp_materialyacimiento.id;


--
-- Name: anarapp_multimedia; Type: TABLE; Schema: public; Owner: postgres; Tablespace: 
--

CREATE TABLE anarapp_multimedia (
    id integer NOT NULL
);


ALTER TABLE public.anarapp_multimedia OWNER TO postgres;

--
-- Name: anarapp_multimedia_id_seq; Type: SEQUENCE; Schema: public; Owner: postgres
--

CREATE SEQUENCE anarapp_multimedia_id_seq
    START WITH 1
    INCREMENT BY 1
    NO MINVALUE
    NO MAXVALUE
    CACHE 1;


ALTER TABLE public.anarapp_multimedia_id_seq OWNER TO postgres;

--
-- Name: anarapp_multimedia_id_seq; Type: SEQUENCE OWNED BY; Schema: public; Owner: postgres
--

ALTER SEQUENCE anarapp_multimedia_id_seq OWNED BY anarapp_multimedia.id;


--
-- Name: anarapp_multimediapiedra; Type: TABLE; Schema: public; Owner: postgres; Tablespace: 
--

CREATE TABLE anarapp_multimediapiedra (
    multimedia_ptr_id integer NOT NULL,
    piedra_id integer NOT NULL,
    ismult boolean NOT NULL,
    "tecnicaP" text NOT NULL,
    "archivoP" character varying(100)
);


ALTER TABLE public.anarapp_multimediapiedra OWNER TO postgres;

--
-- Name: anarapp_multimediayac; Type: TABLE; Schema: public; Owner: postgres; Tablespace: 
--

CREATE TABLE anarapp_multimediayac (
    multimedia_ptr_id integer NOT NULL,
    yacimiento_id integer NOT NULL,
    ismult boolean NOT NULL,
    "tecnicaY" text NOT NULL,
    "archivoY" character varying(100)
);


ALTER TABLE public.anarapp_multimediayac OWNER TO postgres;

--
-- Name: anarapp_municipio; Type: TABLE; Schema: public; Owner: postgres; Tablespace: 
--

CREATE TABLE anarapp_municipio (
    id integer NOT NULL,
    nombre text NOT NULL,
    estado_id integer NOT NULL,
    activo integer NOT NULL
);


ALTER TABLE public.anarapp_municipio OWNER TO postgres;

--
-- Name: anarapp_municipio_id_seq; Type: SEQUENCE; Schema: public; Owner: postgres
--

CREATE SEQUENCE anarapp_municipio_id_seq
    START WITH 1
    INCREMENT BY 1
    NO MINVALUE
    NO MAXVALUE
    CACHE 1;


ALTER TABLE public.anarapp_municipio_id_seq OWNER TO postgres;

--
-- Name: anarapp_municipio_id_seq; Type: SEQUENCE OWNED BY; Schema: public; Owner: postgres
--

ALTER SEQUENCE anarapp_municipio_id_seq OWNED BY anarapp_municipio.id;


--
-- Name: anarapp_notasyacimiento; Type: TABLE; Schema: public; Owner: postgres; Tablespace: 
--

CREATE TABLE anarapp_notasyacimiento (
    id integer NOT NULL,
    yacimiento_id integer NOT NULL,
    notas text NOT NULL
);


ALTER TABLE public.anarapp_notasyacimiento OWNER TO postgres;

--
-- Name: anarapp_notasyacimiento_id_seq; Type: SEQUENCE; Schema: public; Owner: postgres
--

CREATE SEQUENCE anarapp_notasyacimiento_id_seq
    START WITH 1
    INCREMENT BY 1
    NO MINVALUE
    NO MAXVALUE
    CACHE 1;


ALTER TABLE public.anarapp_notasyacimiento_id_seq OWNER TO postgres;

--
-- Name: anarapp_notasyacimiento_id_seq; Type: SEQUENCE OWNED BY; Schema: public; Owner: postgres
--

ALTER SEQUENCE anarapp_notasyacimiento_id_seq OWNED BY anarapp_notasyacimiento.id;


--
-- Name: anarapp_observaciones; Type: TABLE; Schema: public; Owner: postgres; Tablespace: 
--

CREATE TABLE anarapp_observaciones (
    id integer NOT NULL
);


ALTER TABLE public.anarapp_observaciones OWNER TO postgres;

--
-- Name: anarapp_observaciones_id_seq; Type: SEQUENCE; Schema: public; Owner: postgres
--

CREATE SEQUENCE anarapp_observaciones_id_seq
    START WITH 1
    INCREMENT BY 1
    NO MINVALUE
    NO MAXVALUE
    CACHE 1;


ALTER TABLE public.anarapp_observaciones_id_seq OWNER TO postgres;

--
-- Name: anarapp_observaciones_id_seq; Type: SEQUENCE OWNED BY; Schema: public; Owner: postgres
--

ALTER SEQUENCE anarapp_observaciones_id_seq OWNED BY anarapp_observaciones.id;


--
-- Name: anarapp_observacionesyac; Type: TABLE; Schema: public; Owner: postgres; Tablespace: 
--

CREATE TABLE anarapp_observacionesyac (
    observaciones_ptr_id integer NOT NULL,
    yacimiento_id integer NOT NULL,
    "textoY" text NOT NULL
);


ALTER TABLE public.anarapp_observacionesyac OWNER TO postgres;

--
-- Name: anarapp_observacpiedra; Type: TABLE; Schema: public; Owner: postgres; Tablespace: 
--

CREATE TABLE anarapp_observacpiedra (
    observaciones_ptr_id integer NOT NULL,
    piedra_id integer NOT NULL,
    "textoP" text NOT NULL
);


ALTER TABLE public.anarapp_observacpiedra OWNER TO postgres;

--
-- Name: anarapp_obtencioninfo; Type: TABLE; Schema: public; Owner: postgres; Tablespace: 
--

CREATE TABLE anarapp_obtencioninfo (
    id integer NOT NULL
);


ALTER TABLE public.anarapp_obtencioninfo OWNER TO postgres;

--
-- Name: anarapp_obtencioninfo_id_seq; Type: SEQUENCE; Schema: public; Owner: postgres
--

CREATE SEQUENCE anarapp_obtencioninfo_id_seq
    START WITH 1
    INCREMENT BY 1
    NO MINVALUE
    NO MAXVALUE
    CACHE 1;


ALTER TABLE public.anarapp_obtencioninfo_id_seq OWNER TO postgres;

--
-- Name: anarapp_obtencioninfo_id_seq; Type: SEQUENCE OWNED BY; Schema: public; Owner: postgres
--

ALTER SEQUENCE anarapp_obtencioninfo_id_seq OWNED BY anarapp_obtencioninfo.id;


--
-- Name: anarapp_obtinfopiedra; Type: TABLE; Schema: public; Owner: postgres; Tablespace: 
--

CREATE TABLE anarapp_obtinfopiedra (
    obtencioninfo_ptr_id integer NOT NULL,
    piedra_id integer NOT NULL,
    isinfo boolean NOT NULL,
    "prospeccionP" boolean NOT NULL,
    "comunicacionP" boolean NOT NULL,
    "nombreP" text NOT NULL,
    "direccionP" text NOT NULL,
    "telefonoP" text NOT NULL,
    "telefonoCelP" text NOT NULL,
    "mailP" character varying(75) NOT NULL,
    "paginaWebP" character varying(200) NOT NULL,
    "twitterP" text NOT NULL,
    "nombreFacebookP" text NOT NULL,
    "blogP" character varying(200) NOT NULL,
    "fechaP" character varying(100),
    "verificadoP" boolean NOT NULL
);


ALTER TABLE public.anarapp_obtinfopiedra OWNER TO postgres;

--
-- Name: anarapp_obtinfoyac; Type: TABLE; Schema: public; Owner: postgres; Tablespace: 
--

CREATE TABLE anarapp_obtinfoyac (
    obtencioninfo_ptr_id integer NOT NULL,
    yacimiento_id integer NOT NULL,
    isinfo boolean NOT NULL,
    "prospeccionY" boolean NOT NULL,
    "comunicacionY" boolean NOT NULL,
    "nombreY" text NOT NULL,
    "direccionY" text NOT NULL,
    "telefonoY" text NOT NULL,
    "telefonoCelY" text NOT NULL,
    "mailY" character varying(75) NOT NULL,
    "paginaWebY" character varying(200) NOT NULL,
    "twitterY" text NOT NULL,
    "nombreFacebookY" text NOT NULL,
    "blogY" character varying(200) NOT NULL,
    "fechaY" character varying(100),
    "verificadoY" boolean NOT NULL
);


ALTER TABLE public.anarapp_obtinfoyac OWNER TO postgres;

--
-- Name: anarapp_orientacionyacimiento; Type: TABLE; Schema: public; Owner: postgres; Tablespace: 
--

CREATE TABLE anarapp_orientacionyacimiento (
    id integer NOT NULL,
    "haciaCerro" boolean NOT NULL,
    "haciaValle" boolean NOT NULL,
    "haciaRio" boolean NOT NULL,
    "haciaCosta" boolean NOT NULL,
    "haciaCielo" boolean NOT NULL,
    otros text NOT NULL,
    orientacion text NOT NULL,
    yacimiento_id integer NOT NULL
);


ALTER TABLE public.anarapp_orientacionyacimiento OWNER TO postgres;

--
-- Name: anarapp_orientacionyacimiento_id_seq; Type: SEQUENCE; Schema: public; Owner: postgres
--

CREATE SEQUENCE anarapp_orientacionyacimiento_id_seq
    START WITH 1
    INCREMENT BY 1
    NO MINVALUE
    NO MAXVALUE
    CACHE 1;


ALTER TABLE public.anarapp_orientacionyacimiento_id_seq OWNER TO postgres;

--
-- Name: anarapp_orientacionyacimiento_id_seq; Type: SEQUENCE OWNED BY; Schema: public; Owner: postgres
--

ALTER SEQUENCE anarapp_orientacionyacimiento_id_seq OWNED BY anarapp_orientacionyacimiento.id;


--
-- Name: anarapp_otrosvalores; Type: TABLE; Schema: public; Owner: postgres; Tablespace: 
--

CREATE TABLE anarapp_otrosvalores (
    id integer NOT NULL
);


ALTER TABLE public.anarapp_otrosvalores OWNER TO postgres;

--
-- Name: anarapp_otrosvalores_id_seq; Type: SEQUENCE; Schema: public; Owner: postgres
--

CREATE SEQUENCE anarapp_otrosvalores_id_seq
    START WITH 1
    INCREMENT BY 1
    NO MINVALUE
    NO MAXVALUE
    CACHE 1;


ALTER TABLE public.anarapp_otrosvalores_id_seq OWNER TO postgres;

--
-- Name: anarapp_otrosvalores_id_seq; Type: SEQUENCE OWNED BY; Schema: public; Owner: postgres
--

ALTER SEQUENCE anarapp_otrosvalores_id_seq OWNED BY anarapp_otrosvalores.id;


--
-- Name: anarapp_otrosvalpiedra; Type: TABLE; Schema: public; Owner: postgres; Tablespace: 
--

CREATE TABLE anarapp_otrosvalpiedra (
    otrosvalores_ptr_id integer NOT NULL,
    piedra_id integer NOT NULL,
    texto text NOT NULL
);


ALTER TABLE public.anarapp_otrosvalpiedra OWNER TO postgres;

--
-- Name: anarapp_otrosvalyac; Type: TABLE; Schema: public; Owner: postgres; Tablespace: 
--

CREATE TABLE anarapp_otrosvalyac (
    otrosvalores_ptr_id integer NOT NULL,
    yacimiento_id integer NOT NULL,
    texto text NOT NULL
);


ALTER TABLE public.anarapp_otrosvalyac OWNER TO postgres;

--
-- Name: anarapp_paginaweb; Type: TABLE; Schema: public; Owner: postgres; Tablespace: 
--

CREATE TABLE anarapp_paginaweb (
    id integer NOT NULL
);


ALTER TABLE public.anarapp_paginaweb OWNER TO postgres;

--
-- Name: anarapp_paginaweb_id_seq; Type: SEQUENCE; Schema: public; Owner: postgres
--

CREATE SEQUENCE anarapp_paginaweb_id_seq
    START WITH 1
    INCREMENT BY 1
    NO MINVALUE
    NO MAXVALUE
    CACHE 1;


ALTER TABLE public.anarapp_paginaweb_id_seq OWNER TO postgres;

--
-- Name: anarapp_paginaweb_id_seq; Type: SEQUENCE OWNED BY; Schema: public; Owner: postgres
--

ALTER SEQUENCE anarapp_paginaweb_id_seq OWNED BY anarapp_paginaweb.id;


--
-- Name: anarapp_paginawebpiedra; Type: TABLE; Schema: public; Owner: postgres; Tablespace: 
--

CREATE TABLE anarapp_paginawebpiedra (
    paginaweb_ptr_id integer NOT NULL,
    piedra_id integer NOT NULL,
    "tieneWb" boolean NOT NULL,
    "direccionURLP" character varying(200) NOT NULL
);


ALTER TABLE public.anarapp_paginawebpiedra OWNER TO postgres;

--
-- Name: anarapp_paginawebyac; Type: TABLE; Schema: public; Owner: postgres; Tablespace: 
--

CREATE TABLE anarapp_paginawebyac (
    paginaweb_ptr_id integer NOT NULL,
    yacimiento_id integer NOT NULL,
    "tieneWb" boolean NOT NULL,
    "direccionURLy" character varying(200) NOT NULL
);


ALTER TABLE public.anarapp_paginawebyac OWNER TO postgres;

--
-- Name: anarapp_pelicula; Type: TABLE; Schema: public; Owner: postgres; Tablespace: 
--

CREATE TABLE anarapp_pelicula (
    video_ptr_id integer NOT NULL
);


ALTER TABLE public.anarapp_pelicula OWNER TO postgres;

--
-- Name: anarapp_peliculapiedra; Type: TABLE; Schema: public; Owner: postgres; Tablespace: 
--

CREATE TABLE anarapp_peliculapiedra (
    pelicula_ptr_id integer NOT NULL,
    piedra_id integer NOT NULL,
    isvidyac boolean NOT NULL,
    anioy integer NOT NULL,
    formatoy text NOT NULL,
    tituloy text NOT NULL,
    autory text NOT NULL,
    instituciony text NOT NULL,
    "numReferenciay" integer NOT NULL,
    "isFromAnary" boolean NOT NULL,
    "numCopiay" integer NOT NULL,
    archivoy character varying(100)
);


ALTER TABLE public.anarapp_peliculapiedra OWNER TO postgres;

--
-- Name: anarapp_peliyacimiento; Type: TABLE; Schema: public; Owner: postgres; Tablespace: 
--

CREATE TABLE anarapp_peliyacimiento (
    pelicula_ptr_id integer NOT NULL,
    yacimiento_id integer NOT NULL,
    isvidyac boolean NOT NULL,
    anioy integer NOT NULL,
    formatoy text NOT NULL,
    tituloy text NOT NULL,
    autory text NOT NULL,
    instituciony text NOT NULL,
    "numReferenciay" integer NOT NULL,
    "isFromAnary" boolean NOT NULL,
    "numCopiay" integer NOT NULL,
    archivoy character varying(100)
);


ALTER TABLE public.anarapp_peliyacimiento OWNER TO postgres;

--
-- Name: anarapp_piedra; Type: TABLE; Schema: public; Owner: postgres; Tablespace: 
--

CREATE TABLE anarapp_piedra (
    id integer NOT NULL,
    yacimiento_id integer NOT NULL,
    codigo character varying(20) NOT NULL,
    nombre text NOT NULL,
    "manifiestacionAsociada" text NOT NULL,
    "nombreFiguras" text NOT NULL,
    "numeroCaras" integer NOT NULL,
    "numeroCarasTrajabadas" integer NOT NULL,
    estado_id integer
);


ALTER TABLE public.anarapp_piedra OWNER TO postgres;

--
-- Name: anarapp_piedra_id_seq; Type: SEQUENCE; Schema: public; Owner: postgres
--

CREATE SEQUENCE anarapp_piedra_id_seq
    START WITH 1
    INCREMENT BY 1
    NO MINVALUE
    NO MAXVALUE
    CACHE 1;


ALTER TABLE public.anarapp_piedra_id_seq OWNER TO postgres;

--
-- Name: anarapp_piedra_id_seq; Type: SEQUENCE OWNED BY; Schema: public; Owner: postgres
--

ALTER SEQUENCE anarapp_piedra_id_seq OWNED BY anarapp_piedra.id;


--
-- Name: anarapp_plano; Type: TABLE; Schema: public; Owner: postgres; Tablespace: 
--

CREATE TABLE anarapp_plano (
    id integer NOT NULL,
    "numeroPlano" text NOT NULL,
    yacimiento_id integer NOT NULL
);


ALTER TABLE public.anarapp_plano OWNER TO postgres;

--
-- Name: anarapp_plano_id_seq; Type: SEQUENCE; Schema: public; Owner: postgres
--

CREATE SEQUENCE anarapp_plano_id_seq
    START WITH 1
    INCREMENT BY 1
    NO MINVALUE
    NO MAXVALUE
    CACHE 1;


ALTER TABLE public.anarapp_plano_id_seq OWNER TO postgres;

--
-- Name: anarapp_plano_id_seq; Type: SEQUENCE OWNED BY; Schema: public; Owner: postgres
--

ALTER SEQUENCE anarapp_plano_id_seq OWNED BY anarapp_plano.id;


--
-- Name: anarapp_repgrafpiedra; Type: TABLE; Schema: public; Owner: postgres; Tablespace: 
--

CREATE TABLE anarapp_repgrafpiedra (
    id integer NOT NULL,
    piedra_id integer NOT NULL,
    "numPiezas" integer NOT NULL,
    instituto text NOT NULL,
    persona text NOT NULL
);


ALTER TABLE public.anarapp_repgrafpiedra OWNER TO postgres;

--
-- Name: anarapp_repgrafpiedra_id_seq; Type: SEQUENCE; Schema: public; Owner: postgres
--

CREATE SEQUENCE anarapp_repgrafpiedra_id_seq
    START WITH 1
    INCREMENT BY 1
    NO MINVALUE
    NO MAXVALUE
    CACHE 1;


ALTER TABLE public.anarapp_repgrafpiedra_id_seq OWNER TO postgres;

--
-- Name: anarapp_repgrafpiedra_id_seq; Type: SEQUENCE OWNED BY; Schema: public; Owner: postgres
--

ALTER SEQUENCE anarapp_repgrafpiedra_id_seq OWNED BY anarapp_repgrafpiedra.id;


--
-- Name: anarapp_supervisadopiedra; Type: TABLE; Schema: public; Owner: postgres; Tablespace: 
--

CREATE TABLE anarapp_supervisadopiedra (
    supervisadopor_ptr_id integer NOT NULL,
    piedra_id integer NOT NULL,
    "nombreP" text NOT NULL,
    "fechaP" character varying(100)
);


ALTER TABLE public.anarapp_supervisadopiedra OWNER TO postgres;

--
-- Name: anarapp_supervisadopor; Type: TABLE; Schema: public; Owner: postgres; Tablespace: 
--

CREATE TABLE anarapp_supervisadopor (
    id integer NOT NULL
);


ALTER TABLE public.anarapp_supervisadopor OWNER TO postgres;

--
-- Name: anarapp_supervisadopor_id_seq; Type: SEQUENCE; Schema: public; Owner: postgres
--

CREATE SEQUENCE anarapp_supervisadopor_id_seq
    START WITH 1
    INCREMENT BY 1
    NO MINVALUE
    NO MAXVALUE
    CACHE 1;


ALTER TABLE public.anarapp_supervisadopor_id_seq OWNER TO postgres;

--
-- Name: anarapp_supervisadopor_id_seq; Type: SEQUENCE OWNED BY; Schema: public; Owner: postgres
--

ALTER SEQUENCE anarapp_supervisadopor_id_seq OWNED BY anarapp_supervisadopor.id;


--
-- Name: anarapp_supervisadoyac; Type: TABLE; Schema: public; Owner: postgres; Tablespace: 
--

CREATE TABLE anarapp_supervisadoyac (
    supervisadopor_ptr_id integer NOT NULL,
    yacimiento_id integer NOT NULL,
    "nombreY" text NOT NULL,
    "fechaY" character varying(100)
);


ALTER TABLE public.anarapp_supervisadoyac OWNER TO postgres;

--
-- Name: anarapp_tecnicaparageoglifo; Type: TABLE; Schema: public; Owner: postgres; Tablespace: 
--

CREATE TABLE anarapp_tecnicaparageoglifo (
    id integer NOT NULL,
    tecnicas text NOT NULL,
    yacimiento_id integer NOT NULL,
    "esGeoflifo" boolean NOT NULL
);


ALTER TABLE public.anarapp_tecnicaparageoglifo OWNER TO postgres;

--
-- Name: anarapp_tecnicaparageoglifo_id_seq; Type: SEQUENCE; Schema: public; Owner: postgres
--

CREATE SEQUENCE anarapp_tecnicaparageoglifo_id_seq
    START WITH 1
    INCREMENT BY 1
    NO MINVALUE
    NO MAXVALUE
    CACHE 1;


ALTER TABLE public.anarapp_tecnicaparageoglifo_id_seq OWNER TO postgres;

--
-- Name: anarapp_tecnicaparageoglifo_id_seq; Type: SEQUENCE OWNED BY; Schema: public; Owner: postgres
--

ALTER SEQUENCE anarapp_tecnicaparageoglifo_id_seq OWNED BY anarapp_tecnicaparageoglifo.id;


--
-- Name: anarapp_tecnicaparamicropetro; Type: TABLE; Schema: public; Owner: postgres; Tablespace: 
--

CREATE TABLE anarapp_tecnicaparamicropetro (
    id integer NOT NULL,
    "esGrabado" boolean NOT NULL,
    "esGrabadoPercusion" boolean NOT NULL,
    "esGrabadoPercusionDirecta" boolean NOT NULL,
    "esGrabadoPercusionIndirecta" boolean NOT NULL,
    "esAbrasionPiedra" boolean NOT NULL,
    "esAbrasionArena" boolean NOT NULL,
    "esAbrasion" boolean NOT NULL,
    otros text NOT NULL,
    yacimiento_id integer NOT NULL,
    "esConcha" boolean NOT NULL,
    "esMicro" boolean NOT NULL
);


ALTER TABLE public.anarapp_tecnicaparamicropetro OWNER TO postgres;

--
-- Name: anarapp_tecnicaparamicropetro_id_seq; Type: SEQUENCE; Schema: public; Owner: postgres
--

CREATE SEQUENCE anarapp_tecnicaparamicropetro_id_seq
    START WITH 1
    INCREMENT BY 1
    NO MINVALUE
    NO MAXVALUE
    CACHE 1;


ALTER TABLE public.anarapp_tecnicaparamicropetro_id_seq OWNER TO postgres;

--
-- Name: anarapp_tecnicaparamicropetro_id_seq; Type: SEQUENCE OWNED BY; Schema: public; Owner: postgres
--

ALTER SEQUENCE anarapp_tecnicaparamicropetro_id_seq OWNED BY anarapp_tecnicaparamicropetro.id;


--
-- Name: anarapp_tecnicaparamonumentos; Type: TABLE; Schema: public; Owner: postgres; Tablespace: 
--

CREATE TABLE anarapp_tecnicaparamonumentos (
    id integer NOT NULL,
    "esMonolito" boolean NOT NULL,
    "esMenhir" boolean NOT NULL,
    "esDolmen" boolean NOT NULL,
    tecnicas text NOT NULL,
    otros text NOT NULL,
    yacimiento_id integer NOT NULL,
    "esMonumento" boolean NOT NULL
);


ALTER TABLE public.anarapp_tecnicaparamonumentos OWNER TO postgres;

--
-- Name: anarapp_tecnicaparamonumentos_id_seq; Type: SEQUENCE; Schema: public; Owner: postgres
--

CREATE SEQUENCE anarapp_tecnicaparamonumentos_id_seq
    START WITH 1
    INCREMENT BY 1
    NO MINVALUE
    NO MAXVALUE
    CACHE 1;


ALTER TABLE public.anarapp_tecnicaparamonumentos_id_seq OWNER TO postgres;

--
-- Name: anarapp_tecnicaparamonumentos_id_seq; Type: SEQUENCE OWNED BY; Schema: public; Owner: postgres
--

ALTER SEQUENCE anarapp_tecnicaparamonumentos_id_seq OWNED BY anarapp_tecnicaparamonumentos.id;


--
-- Name: anarapp_tecnicaparapetroglifo; Type: TABLE; Schema: public; Owner: postgres; Tablespace: 
--

CREATE TABLE anarapp_tecnicaparapetroglifo (
    id integer NOT NULL,
    "esGrabado" boolean NOT NULL,
    "esGrabadoPercusion" boolean NOT NULL,
    "esGrabadoPercusionDirecta" boolean NOT NULL,
    "esGrabadoPercusionIndirecta" boolean NOT NULL,
    "esAbrasionPiedra" boolean NOT NULL,
    "esAbrasionArena" boolean NOT NULL,
    "esAbrasion" boolean NOT NULL,
    otros text NOT NULL,
    yacimiento_id integer NOT NULL,
    "esConcha" boolean NOT NULL,
    "esPetroglifo" boolean NOT NULL
);


ALTER TABLE public.anarapp_tecnicaparapetroglifo OWNER TO postgres;

--
-- Name: anarapp_tecnicaparapetroglifo_id_seq; Type: SEQUENCE; Schema: public; Owner: postgres
--

CREATE SEQUENCE anarapp_tecnicaparapetroglifo_id_seq
    START WITH 1
    INCREMENT BY 1
    NO MINVALUE
    NO MAXVALUE
    CACHE 1;


ALTER TABLE public.anarapp_tecnicaparapetroglifo_id_seq OWNER TO postgres;

--
-- Name: anarapp_tecnicaparapetroglifo_id_seq; Type: SEQUENCE OWNED BY; Schema: public; Owner: postgres
--

ALTER SEQUENCE anarapp_tecnicaparapetroglifo_id_seq OWNED BY anarapp_tecnicaparapetroglifo.id;


--
-- Name: anarapp_tecnicaparapintura; Type: TABLE; Schema: public; Owner: postgres; Tablespace: 
--

CREATE TABLE anarapp_tecnicaparapintura (
    id integer NOT NULL,
    "conDedo" boolean NOT NULL,
    fibra boolean NOT NULL,
    soplado boolean NOT NULL,
    otros text NOT NULL,
    yacimiento_id integer NOT NULL,
    "esPintura" boolean NOT NULL
);


ALTER TABLE public.anarapp_tecnicaparapintura OWNER TO postgres;

--
-- Name: anarapp_tecnicaparapintura_id_seq; Type: SEQUENCE; Schema: public; Owner: postgres
--

CREATE SEQUENCE anarapp_tecnicaparapintura_id_seq
    START WITH 1
    INCREMENT BY 1
    NO MINVALUE
    NO MAXVALUE
    CACHE 1;


ALTER TABLE public.anarapp_tecnicaparapintura_id_seq OWNER TO postgres;

--
-- Name: anarapp_tecnicaparapintura_id_seq; Type: SEQUENCE OWNED BY; Schema: public; Owner: postgres
--

ALTER SEQUENCE anarapp_tecnicaparapintura_id_seq OWNED BY anarapp_tecnicaparapintura.id;


--
-- Name: anarapp_tenenciadetierra; Type: TABLE; Schema: public; Owner: postgres; Tablespace: 
--

CREATE TABLE anarapp_tenenciadetierra (
    id integer NOT NULL,
    "esPrivada" boolean NOT NULL,
    "esComunal" boolean NOT NULL,
    "esEjido" boolean NOT NULL,
    "esMunicipal" boolean NOT NULL,
    "esABRAE" boolean NOT NULL,
    "esTenenciaOtros" text NOT NULL,
    yacimiento_id integer NOT NULL
);


ALTER TABLE public.anarapp_tenenciadetierra OWNER TO postgres;

--
-- Name: anarapp_tenenciadetierra_id_seq; Type: SEQUENCE; Schema: public; Owner: postgres
--

CREATE SEQUENCE anarapp_tenenciadetierra_id_seq
    START WITH 1
    INCREMENT BY 1
    NO MINVALUE
    NO MAXVALUE
    CACHE 1;


ALTER TABLE public.anarapp_tenenciadetierra_id_seq OWNER TO postgres;

--
-- Name: anarapp_tenenciadetierra_id_seq; Type: SEQUENCE OWNED BY; Schema: public; Owner: postgres
--

ALTER SEQUENCE anarapp_tenenciadetierra_id_seq OWNED BY anarapp_tenenciadetierra.id;


--
-- Name: anarapp_texturasuelo; Type: TABLE; Schema: public; Owner: postgres; Tablespace: 
--

CREATE TABLE anarapp_texturasuelo (
    id integer NOT NULL,
    "esRocaMadre" boolean NOT NULL,
    "esPedregoso" boolean NOT NULL,
    "esArenoso" boolean NOT NULL,
    "esArcilloso" boolean NOT NULL,
    mixto text NOT NULL,
    yacimiento_id integer NOT NULL
);


ALTER TABLE public.anarapp_texturasuelo OWNER TO postgres;

--
-- Name: anarapp_texturasuelo_id_seq; Type: SEQUENCE; Schema: public; Owner: postgres
--

CREATE SEQUENCE anarapp_texturasuelo_id_seq
    START WITH 1
    INCREMENT BY 1
    NO MINVALUE
    NO MAXVALUE
    CACHE 1;


ALTER TABLE public.anarapp_texturasuelo_id_seq OWNER TO postgres;

--
-- Name: anarapp_texturasuelo_id_seq; Type: SEQUENCE OWNED BY; Schema: public; Owner: postgres
--

ALTER SEQUENCE anarapp_texturasuelo_id_seq OWNED BY anarapp_texturasuelo.id;


--
-- Name: anarapp_tipoexposicionyac; Type: TABLE; Schema: public; Owner: postgres; Tablespace: 
--

CREATE TABLE anarapp_tipoexposicionyac (
    id integer NOT NULL,
    expuesto boolean NOT NULL,
    "expuestoPeriodicamente" boolean NOT NULL,
    observaciones text NOT NULL,
    yacimiento_id integer NOT NULL,
    "noExpuesto" boolean NOT NULL
);


ALTER TABLE public.anarapp_tipoexposicionyac OWNER TO postgres;

--
-- Name: anarapp_tipoexposicionyac_id_seq; Type: SEQUENCE; Schema: public; Owner: postgres
--

CREATE SEQUENCE anarapp_tipoexposicionyac_id_seq
    START WITH 1
    INCREMENT BY 1
    NO MINVALUE
    NO MAXVALUE
    CACHE 1;


ALTER TABLE public.anarapp_tipoexposicionyac_id_seq OWNER TO postgres;

--
-- Name: anarapp_tipoexposicionyac_id_seq; Type: SEQUENCE OWNED BY; Schema: public; Owner: postgres
--

ALTER SEQUENCE anarapp_tipoexposicionyac_id_seq OWNED BY anarapp_tipoexposicionyac.id;


--
-- Name: anarapp_tipoyacimiento; Type: TABLE; Schema: public; Owner: postgres; Tablespace: 
--

CREATE TABLE anarapp_tipoyacimiento (
    id integer NOT NULL,
    "esParedRocosa" boolean NOT NULL,
    "esRoca" boolean NOT NULL,
    "esDolmen" boolean NOT NULL,
    "esAbrigo" boolean NOT NULL,
    "esCueva" boolean NOT NULL,
    "esCuevadeRec" boolean NOT NULL,
    "esTerrenoSup" boolean NOT NULL,
    "esTerrenoPro" boolean NOT NULL,
    yacimiento_id integer NOT NULL
);


ALTER TABLE public.anarapp_tipoyacimiento OWNER TO postgres;

--
-- Name: anarapp_tipoyacimiento_id_seq; Type: SEQUENCE; Schema: public; Owner: postgres
--

CREATE SEQUENCE anarapp_tipoyacimiento_id_seq
    START WITH 1
    INCREMENT BY 1
    NO MINVALUE
    NO MAXVALUE
    CACHE 1;


ALTER TABLE public.anarapp_tipoyacimiento_id_seq OWNER TO postgres;

--
-- Name: anarapp_tipoyacimiento_id_seq; Type: SEQUENCE OWNED BY; Schema: public; Owner: postgres
--

ALTER SEQUENCE anarapp_tipoyacimiento_id_seq OWNED BY anarapp_tipoyacimiento.id;


--
-- Name: anarapp_tratfoto; Type: TABLE; Schema: public; Owner: postgres; Tablespace: 
--

CREATE TABLE anarapp_tratfoto (
    id integer NOT NULL,
    "limpiezaCon" text NOT NULL,
    "rellenoSurcos" text NOT NULL,
    "tratamientoDigital" text NOT NULL,
    "programaVersion" text NOT NULL,
    "otrosTratamientos" text NOT NULL
);


ALTER TABLE public.anarapp_tratfoto OWNER TO postgres;

--
-- Name: anarapp_tratfoto_id_seq; Type: SEQUENCE; Schema: public; Owner: postgres
--

CREATE SEQUENCE anarapp_tratfoto_id_seq
    START WITH 1
    INCREMENT BY 1
    NO MINVALUE
    NO MAXVALUE
    CACHE 1;


ALTER TABLE public.anarapp_tratfoto_id_seq OWNER TO postgres;

--
-- Name: anarapp_tratfoto_id_seq; Type: SEQUENCE OWNED BY; Schema: public; Owner: postgres
--

ALTER SEQUENCE anarapp_tratfoto_id_seq OWNED BY anarapp_tratfoto.id;


--
-- Name: anarapp_tratfotopiedra; Type: TABLE; Schema: public; Owner: postgres; Tablespace: 
--

CREATE TABLE anarapp_tratfotopiedra (
    tratfoto_ptr_id integer NOT NULL,
    piedra_id integer NOT NULL
);


ALTER TABLE public.anarapp_tratfotopiedra OWNER TO postgres;

--
-- Name: anarapp_ubicacioncaras; Type: TABLE; Schema: public; Owner: postgres; Tablespace: 
--

CREATE TABLE anarapp_ubicacioncaras (
    id integer NOT NULL,
    piedra_id integer NOT NULL,
    "todaLaCaverna" boolean NOT NULL,
    "areasEspecificas" boolean NOT NULL,
    "salaPrincipal" boolean NOT NULL,
    "otraSala" boolean NOT NULL,
    "lagoInterior" boolean NOT NULL,
    claraboya boolean NOT NULL,
    "bocaPrincipal" numeric(12,6) NOT NULL,
    luminosidad integer NOT NULL,
    altura numeric(6,3) NOT NULL,
    "requiereAndamiaje" boolean NOT NULL
);


ALTER TABLE public.anarapp_ubicacioncaras OWNER TO postgres;

--
-- Name: anarapp_ubicacioncaras_id_seq; Type: SEQUENCE; Schema: public; Owner: postgres
--

CREATE SEQUENCE anarapp_ubicacioncaras_id_seq
    START WITH 1
    INCREMENT BY 1
    NO MINVALUE
    NO MAXVALUE
    CACHE 1;


ALTER TABLE public.anarapp_ubicacioncaras_id_seq OWNER TO postgres;

--
-- Name: anarapp_ubicacioncaras_id_seq; Type: SEQUENCE OWNED BY; Schema: public; Owner: postgres
--

ALTER SEQUENCE anarapp_ubicacioncaras_id_seq OWNED BY anarapp_ubicacioncaras.id;


--
-- Name: anarapp_ubicacionyacimiento; Type: TABLE; Schema: public; Owner: postgres; Tablespace: 
--

CREATE TABLE anarapp_ubicacionyacimiento (
    id integer NOT NULL,
    yacimiento_id integer NOT NULL,
    "enCerro" boolean NOT NULL,
    "enCerroCima" boolean NOT NULL,
    "enCerroLadera" boolean NOT NULL,
    "enCerroFalda" boolean NOT NULL,
    "enCerroFila" boolean NOT NULL,
    "enCerroPieDeMonte" boolean NOT NULL,
    "enCerroBarranco" boolean NOT NULL,
    "enCerroAcantilado" boolean NOT NULL,
    "enValle" boolean NOT NULL,
    "enRio" boolean NOT NULL,
    "enRioLecho" boolean NOT NULL,
    "enRioMargenDerecha" boolean NOT NULL,
    "enRioMargenIzquierda" boolean NOT NULL,
    "enRioIsla" boolean NOT NULL,
    "enRioRaudal" boolean NOT NULL,
    "enRioCosta" boolean NOT NULL
);


ALTER TABLE public.anarapp_ubicacionyacimiento OWNER TO postgres;

--
-- Name: anarapp_ubicacionyacimiento_id_seq; Type: SEQUENCE; Schema: public; Owner: postgres
--

CREATE SEQUENCE anarapp_ubicacionyacimiento_id_seq
    START WITH 1
    INCREMENT BY 1
    NO MINVALUE
    NO MAXVALUE
    CACHE 1;


ALTER TABLE public.anarapp_ubicacionyacimiento_id_seq OWNER TO postgres;

--
-- Name: anarapp_ubicacionyacimiento_id_seq; Type: SEQUENCE OWNED BY; Schema: public; Owner: postgres
--

ALTER SEQUENCE anarapp_ubicacionyacimiento_id_seq OWNED BY anarapp_ubicacionyacimiento.id;


--
-- Name: anarapp_usoactsuelo; Type: TABLE; Schema: public; Owner: postgres; Tablespace: 
--

CREATE TABLE anarapp_usoactsuelo (
    id integer NOT NULL,
    "esForestal" boolean NOT NULL,
    "esGanadero" boolean NOT NULL,
    "esAgriRiesgo" boolean NOT NULL,
    "esAgriTemp" boolean NOT NULL,
    "esSueloUrbano" boolean NOT NULL,
    "esSueloTuristico" boolean NOT NULL,
    yacimiento_id integer NOT NULL
);


ALTER TABLE public.anarapp_usoactsuelo OWNER TO postgres;

--
-- Name: anarapp_usoactsuelo_id_seq; Type: SEQUENCE; Schema: public; Owner: postgres
--

CREATE SEQUENCE anarapp_usoactsuelo_id_seq
    START WITH 1
    INCREMENT BY 1
    NO MINVALUE
    NO MAXVALUE
    CACHE 1;


ALTER TABLE public.anarapp_usoactsuelo_id_seq OWNER TO postgres;

--
-- Name: anarapp_usoactsuelo_id_seq; Type: SEQUENCE OWNED BY; Schema: public; Owner: postgres
--

ALTER SEQUENCE anarapp_usoactsuelo_id_seq OWNED BY anarapp_usoactsuelo.id;


--
-- Name: anarapp_video; Type: TABLE; Schema: public; Owner: postgres; Tablespace: 
--

CREATE TABLE anarapp_video (
    id integer NOT NULL
);


ALTER TABLE public.anarapp_video OWNER TO postgres;

--
-- Name: anarapp_video_id_seq; Type: SEQUENCE; Schema: public; Owner: postgres
--

CREATE SEQUENCE anarapp_video_id_seq
    START WITH 1
    INCREMENT BY 1
    NO MINVALUE
    NO MAXVALUE
    CACHE 1;


ALTER TABLE public.anarapp_video_id_seq OWNER TO postgres;

--
-- Name: anarapp_video_id_seq; Type: SEQUENCE OWNED BY; Schema: public; Owner: postgres
--

ALTER SEQUENCE anarapp_video_id_seq OWNED BY anarapp_video.id;


--
-- Name: anarapp_videopiedra; Type: TABLE; Schema: public; Owner: postgres; Tablespace: 
--

CREATE TABLE anarapp_videopiedra (
    video_ptr_id integer NOT NULL,
    piedra_id integer NOT NULL,
    isvidyac boolean NOT NULL,
    anioy integer NOT NULL,
    formatoy text NOT NULL,
    tituloy text NOT NULL,
    autory text NOT NULL,
    instituciony text NOT NULL,
    "numReferenciay" integer NOT NULL,
    "isFromAnary" boolean NOT NULL,
    "numCopiay" integer NOT NULL,
    archivoy character varying(100)
);


ALTER TABLE public.anarapp_videopiedra OWNER TO postgres;

--
-- Name: anarapp_videoyacimiento; Type: TABLE; Schema: public; Owner: postgres; Tablespace: 
--

CREATE TABLE anarapp_videoyacimiento (
    video_ptr_id integer NOT NULL,
    yacimiento_id integer NOT NULL,
    isvidyac boolean NOT NULL,
    anioy integer NOT NULL,
    formatoy text NOT NULL,
    tituloy text NOT NULL,
    autory text NOT NULL,
    instituciony text NOT NULL,
    "numReferenciay" integer NOT NULL,
    "isFromAnary" boolean NOT NULL,
    "numCopiay" integer NOT NULL,
    archivoy character varying(100)
);


ALTER TABLE public.anarapp_videoyacimiento OWNER TO postgres;

--
-- Name: anarapp_yacimiento; Type: TABLE; Schema: public; Owner: postgres; Tablespace: 
--

CREATE TABLE anarapp_yacimiento (
    id integer NOT NULL,
    codigo character varying(20) NOT NULL,
    pais text NOT NULL,
    nombre text NOT NULL,
    estado_id integer,
    municipio_id integer
);


ALTER TABLE public.anarapp_yacimiento OWNER TO postgres;

--
-- Name: anarapp_yacimiento_id_seq; Type: SEQUENCE; Schema: public; Owner: postgres
--

CREATE SEQUENCE anarapp_yacimiento_id_seq
    START WITH 1
    INCREMENT BY 1
    NO MINVALUE
    NO MAXVALUE
    CACHE 1;


ALTER TABLE public.anarapp_yacimiento_id_seq OWNER TO postgres;

--
-- Name: anarapp_yacimiento_id_seq; Type: SEQUENCE OWNED BY; Schema: public; Owner: postgres
--

ALTER SEQUENCE anarapp_yacimiento_id_seq OWNED BY anarapp_yacimiento.id;


--
-- Name: auth_group; Type: TABLE; Schema: public; Owner: postgres; Tablespace: 
--

CREATE TABLE auth_group (
    id integer NOT NULL,
    name character varying(80) NOT NULL
);


ALTER TABLE public.auth_group OWNER TO postgres;

--
-- Name: auth_group_id_seq; Type: SEQUENCE; Schema: public; Owner: postgres
--

CREATE SEQUENCE auth_group_id_seq
    START WITH 1
    INCREMENT BY 1
    NO MINVALUE
    NO MAXVALUE
    CACHE 1;


ALTER TABLE public.auth_group_id_seq OWNER TO postgres;

--
-- Name: auth_group_id_seq; Type: SEQUENCE OWNED BY; Schema: public; Owner: postgres
--

ALTER SEQUENCE auth_group_id_seq OWNED BY auth_group.id;


--
-- Name: auth_group_permissions; Type: TABLE; Schema: public; Owner: postgres; Tablespace: 
--

CREATE TABLE auth_group_permissions (
    id integer NOT NULL,
    group_id integer NOT NULL,
    permission_id integer NOT NULL
);


ALTER TABLE public.auth_group_permissions OWNER TO postgres;

--
-- Name: auth_group_permissions_id_seq; Type: SEQUENCE; Schema: public; Owner: postgres
--

CREATE SEQUENCE auth_group_permissions_id_seq
    START WITH 1
    INCREMENT BY 1
    NO MINVALUE
    NO MAXVALUE
    CACHE 1;


ALTER TABLE public.auth_group_permissions_id_seq OWNER TO postgres;

--
-- Name: auth_group_permissions_id_seq; Type: SEQUENCE OWNED BY; Schema: public; Owner: postgres
--

ALTER SEQUENCE auth_group_permissions_id_seq OWNED BY auth_group_permissions.id;


--
-- Name: auth_permission; Type: TABLE; Schema: public; Owner: postgres; Tablespace: 
--

CREATE TABLE auth_permission (
    id integer NOT NULL,
    name character varying(50) NOT NULL,
    content_type_id integer NOT NULL,
    codename character varying(100) NOT NULL
);


ALTER TABLE public.auth_permission OWNER TO postgres;

--
-- Name: auth_permission_id_seq; Type: SEQUENCE; Schema: public; Owner: postgres
--

CREATE SEQUENCE auth_permission_id_seq
    START WITH 1
    INCREMENT BY 1
    NO MINVALUE
    NO MAXVALUE
    CACHE 1;


ALTER TABLE public.auth_permission_id_seq OWNER TO postgres;

--
-- Name: auth_permission_id_seq; Type: SEQUENCE OWNED BY; Schema: public; Owner: postgres
--

ALTER SEQUENCE auth_permission_id_seq OWNED BY auth_permission.id;


--
-- Name: auth_user; Type: TABLE; Schema: public; Owner: postgres; Tablespace: 
--

CREATE TABLE auth_user (
    id integer NOT NULL,
    username character varying(30) NOT NULL,
    first_name character varying(30) NOT NULL,
    last_name character varying(30) NOT NULL,
    email character varying(75) NOT NULL,
    password character varying(128) NOT NULL,
    is_staff boolean NOT NULL,
    is_active boolean NOT NULL,
    is_superuser boolean NOT NULL,
    last_login timestamp with time zone NOT NULL,
    date_joined timestamp with time zone NOT NULL
);


ALTER TABLE public.auth_user OWNER TO postgres;

--
-- Name: auth_user_groups; Type: TABLE; Schema: public; Owner: postgres; Tablespace: 
--

CREATE TABLE auth_user_groups (
    id integer NOT NULL,
    user_id integer NOT NULL,
    group_id integer NOT NULL
);


ALTER TABLE public.auth_user_groups OWNER TO postgres;

--
-- Name: auth_user_groups_id_seq; Type: SEQUENCE; Schema: public; Owner: postgres
--

CREATE SEQUENCE auth_user_groups_id_seq
    START WITH 1
    INCREMENT BY 1
    NO MINVALUE
    NO MAXVALUE
    CACHE 1;


ALTER TABLE public.auth_user_groups_id_seq OWNER TO postgres;

--
-- Name: auth_user_groups_id_seq; Type: SEQUENCE OWNED BY; Schema: public; Owner: postgres
--

ALTER SEQUENCE auth_user_groups_id_seq OWNED BY auth_user_groups.id;


--
-- Name: auth_user_id_seq; Type: SEQUENCE; Schema: public; Owner: postgres
--

CREATE SEQUENCE auth_user_id_seq
    START WITH 1
    INCREMENT BY 1
    NO MINVALUE
    NO MAXVALUE
    CACHE 1;


ALTER TABLE public.auth_user_id_seq OWNER TO postgres;

--
-- Name: auth_user_id_seq; Type: SEQUENCE OWNED BY; Schema: public; Owner: postgres
--

ALTER SEQUENCE auth_user_id_seq OWNED BY auth_user.id;


--
-- Name: auth_user_user_permissions; Type: TABLE; Schema: public; Owner: postgres; Tablespace: 
--

CREATE TABLE auth_user_user_permissions (
    id integer NOT NULL,
    user_id integer NOT NULL,
    permission_id integer NOT NULL
);


ALTER TABLE public.auth_user_user_permissions OWNER TO postgres;

--
-- Name: auth_user_user_permissions_id_seq; Type: SEQUENCE; Schema: public; Owner: postgres
--

CREATE SEQUENCE auth_user_user_permissions_id_seq
    START WITH 1
    INCREMENT BY 1
    NO MINVALUE
    NO MAXVALUE
    CACHE 1;


ALTER TABLE public.auth_user_user_permissions_id_seq OWNER TO postgres;

--
-- Name: auth_user_user_permissions_id_seq; Type: SEQUENCE OWNED BY; Schema: public; Owner: postgres
--

ALTER SEQUENCE auth_user_user_permissions_id_seq OWNED BY auth_user_user_permissions.id;


--
-- Name: django_admin_log; Type: TABLE; Schema: public; Owner: postgres; Tablespace: 
--

CREATE TABLE django_admin_log (
    id integer NOT NULL,
    action_time timestamp with time zone NOT NULL,
    user_id integer NOT NULL,
    content_type_id integer,
    object_id text,
    object_repr character varying(200) NOT NULL,
    action_flag smallint NOT NULL,
    change_message text NOT NULL,
    CONSTRAINT django_admin_log_action_flag_check CHECK ((action_flag >= 0))
);


ALTER TABLE public.django_admin_log OWNER TO postgres;

--
-- Name: django_admin_log_id_seq; Type: SEQUENCE; Schema: public; Owner: postgres
--

CREATE SEQUENCE django_admin_log_id_seq
    START WITH 1
    INCREMENT BY 1
    NO MINVALUE
    NO MAXVALUE
    CACHE 1;


ALTER TABLE public.django_admin_log_id_seq OWNER TO postgres;

--
-- Name: django_admin_log_id_seq; Type: SEQUENCE OWNED BY; Schema: public; Owner: postgres
--

ALTER SEQUENCE django_admin_log_id_seq OWNED BY django_admin_log.id;


--
-- Name: django_content_type; Type: TABLE; Schema: public; Owner: postgres; Tablespace: 
--

CREATE TABLE django_content_type (
    id integer NOT NULL,
    name character varying(100) NOT NULL,
    app_label character varying(100) NOT NULL,
    model character varying(100) NOT NULL
);


ALTER TABLE public.django_content_type OWNER TO postgres;

--
-- Name: django_content_type_id_seq; Type: SEQUENCE; Schema: public; Owner: postgres
--

CREATE SEQUENCE django_content_type_id_seq
    START WITH 1
    INCREMENT BY 1
    NO MINVALUE
    NO MAXVALUE
    CACHE 1;


ALTER TABLE public.django_content_type_id_seq OWNER TO postgres;

--
-- Name: django_content_type_id_seq; Type: SEQUENCE OWNED BY; Schema: public; Owner: postgres
--

ALTER SEQUENCE django_content_type_id_seq OWNED BY django_content_type.id;


--
-- Name: django_session; Type: TABLE; Schema: public; Owner: postgres; Tablespace: 
--

CREATE TABLE django_session (
    session_key character varying(40) NOT NULL,
    session_data text NOT NULL,
    expire_date timestamp with time zone NOT NULL
);


ALTER TABLE public.django_session OWNER TO postgres;

--
-- Name: django_site; Type: TABLE; Schema: public; Owner: postgres; Tablespace: 
--

CREATE TABLE django_site (
    id integer NOT NULL,
    domain character varying(100) NOT NULL,
    name character varying(50) NOT NULL
);


ALTER TABLE public.django_site OWNER TO postgres;

--
-- Name: django_site_id_seq; Type: SEQUENCE; Schema: public; Owner: postgres
--

CREATE SEQUENCE django_site_id_seq
    START WITH 1
    INCREMENT BY 1
    NO MINVALUE
    NO MAXVALUE
    CACHE 1;


ALTER TABLE public.django_site_id_seq OWNER TO postgres;

--
-- Name: django_site_id_seq; Type: SEQUENCE OWNED BY; Schema: public; Owner: postgres
--

ALTER SEQUENCE django_site_id_seq OWNED BY django_site.id;


--
-- Name: south_migrationhistory; Type: TABLE; Schema: public; Owner: postgres; Tablespace: 
--

CREATE TABLE south_migrationhistory (
    id integer NOT NULL,
    app_name character varying(255) NOT NULL,
    migration character varying(255) NOT NULL,
    applied timestamp with time zone NOT NULL
);


ALTER TABLE public.south_migrationhistory OWNER TO postgres;

--
-- Name: south_migrationhistory_id_seq; Type: SEQUENCE; Schema: public; Owner: postgres
--

CREATE SEQUENCE south_migrationhistory_id_seq
    START WITH 1
    INCREMENT BY 1
    NO MINVALUE
    NO MAXVALUE
    CACHE 1;


ALTER TABLE public.south_migrationhistory_id_seq OWNER TO postgres;

--
-- Name: south_migrationhistory_id_seq; Type: SEQUENCE OWNED BY; Schema: public; Owner: postgres
--

ALTER SEQUENCE south_migrationhistory_id_seq OWNED BY south_migrationhistory.id;


--
-- Name: id; Type: DEFAULT; Schema: public; Owner: postgres
--

ALTER TABLE ONLY anarapp_altitud ALTER COLUMN id SET DEFAULT nextval('anarapp_altitud_id_seq'::regclass);


--
-- Name: id; Type: DEFAULT; Schema: public; Owner: postgres
--

ALTER TABLE ONLY anarapp_bibliografia ALTER COLUMN id SET DEFAULT nextval('anarapp_bibliografia_id_seq'::regclass);


--
-- Name: id; Type: DEFAULT; Schema: public; Owner: postgres
--

ALTER TABLE ONLY anarapp_caracdelapintura ALTER COLUMN id SET DEFAULT nextval('anarapp_caracdelapintura_id_seq'::regclass);


--
-- Name: id; Type: DEFAULT; Schema: public; Owner: postgres
--

ALTER TABLE ONLY anarapp_caracdolmenart ALTER COLUMN id SET DEFAULT nextval('anarapp_caracdolmenart_id_seq'::regclass);


--
-- Name: id; Type: DEFAULT; Schema: public; Owner: postgres
--

ALTER TABLE ONLY anarapp_caracmenhires ALTER COLUMN id SET DEFAULT nextval('anarapp_caracmenhires_id_seq'::regclass);


--
-- Name: id; Type: DEFAULT; Schema: public; Owner: postgres
--

ALTER TABLE ONLY anarapp_caracmonolitos ALTER COLUMN id SET DEFAULT nextval('anarapp_caracmonolitos_id_seq'::regclass);


--
-- Name: id; Type: DEFAULT; Schema: public; Owner: postgres
--

ALTER TABLE ONLY anarapp_caracsurcoamoladores ALTER COLUMN id SET DEFAULT nextval('anarapp_caracsurcoamoladores_id_seq'::regclass);


--
-- Name: id; Type: DEFAULT; Schema: public; Owner: postgres
--

ALTER TABLE ONLY anarapp_caracsurcobateas ALTER COLUMN id SET DEFAULT nextval('anarapp_caracsurcobateas_id_seq'::regclass);


--
-- Name: id; Type: DEFAULT; Schema: public; Owner: postgres
--

ALTER TABLE ONLY anarapp_caracsurcocupulas ALTER COLUMN id SET DEFAULT nextval('anarapp_caracsurcocupulas_id_seq'::regclass);


--
-- Name: id; Type: DEFAULT; Schema: public; Owner: postgres
--

ALTER TABLE ONLY anarapp_caracsurcomortero ALTER COLUMN id SET DEFAULT nextval('anarapp_caracsurcomortero_id_seq'::regclass);


--
-- Name: id; Type: DEFAULT; Schema: public; Owner: postgres
--

ALTER TABLE ONLY anarapp_caracsurcopetroglifo ALTER COLUMN id SET DEFAULT nextval('anarapp_caracsurcopetroglifo_id_seq'::regclass);


--
-- Name: id; Type: DEFAULT; Schema: public; Owner: postgres
--

ALTER TABLE ONLY anarapp_caracsurcopuntosacopl ALTER COLUMN id SET DEFAULT nextval('anarapp_caracsurcopuntosacopl_id_seq'::regclass);


--
-- Name: id; Type: DEFAULT; Schema: public; Owner: postgres
--

ALTER TABLE ONLY anarapp_caratrabajada ALTER COLUMN id SET DEFAULT nextval('anarapp_caratrabajada_id_seq'::regclass);


--
-- Name: id; Type: DEFAULT; Schema: public; Owner: postgres
--

ALTER TABLE ONLY anarapp_causasdestruccionyac ALTER COLUMN id SET DEFAULT nextval('anarapp_causasdestruccionyac_id_seq'::regclass);


--
-- Name: id; Type: DEFAULT; Schema: public; Owner: postgres
--

ALTER TABLE ONLY anarapp_colores ALTER COLUMN id SET DEFAULT nextval('anarapp_colores_id_seq'::regclass);


--
-- Name: id; Type: DEFAULT; Schema: public; Owner: postgres
--

ALTER TABLE ONLY anarapp_conexionfiguras ALTER COLUMN id SET DEFAULT nextval('anarapp_conexionfiguras_id_seq'::regclass);


--
-- Name: id; Type: DEFAULT; Schema: public; Owner: postgres
--

ALTER TABLE ONLY anarapp_considertemp ALTER COLUMN id SET DEFAULT nextval('anarapp_considertemp_id_seq'::regclass);


--
-- Name: id; Type: DEFAULT; Schema: public; Owner: postgres
--

ALTER TABLE ONLY anarapp_constitucionyacimiento ALTER COLUMN id SET DEFAULT nextval('anarapp_constitucionyacimiento_id_seq'::regclass);


--
-- Name: id; Type: DEFAULT; Schema: public; Owner: postgres
--

ALTER TABLE ONLY anarapp_coordenadas ALTER COLUMN id SET DEFAULT nextval('anarapp_coordenadas_id_seq'::regclass);


--
-- Name: id; Type: DEFAULT; Schema: public; Owner: postgres
--

ALTER TABLE ONLY anarapp_cronologiatentativa ALTER COLUMN id SET DEFAULT nextval('anarapp_cronologiatentativa_id_seq'::regclass);


--
-- Name: id; Type: DEFAULT; Schema: public; Owner: postgres
--

ALTER TABLE ONLY anarapp_croquis ALTER COLUMN id SET DEFAULT nextval('anarapp_croquis_id_seq'::regclass);


--
-- Name: id; Type: DEFAULT; Schema: public; Owner: postgres
--

ALTER TABLE ONLY anarapp_datum ALTER COLUMN id SET DEFAULT nextval('anarapp_datum_id_seq'::regclass);


--
-- Name: id; Type: DEFAULT; Schema: public; Owner: postgres
--

ALTER TABLE ONLY anarapp_desccolores ALTER COLUMN id SET DEFAULT nextval('anarapp_desccolores_id_seq'::regclass);


--
-- Name: id; Type: DEFAULT; Schema: public; Owner: postgres
--

ALTER TABLE ONLY anarapp_dimensionpiedra ALTER COLUMN id SET DEFAULT nextval('anarapp_dimensionpiedra_id_seq'::regclass);


--
-- Name: id; Type: DEFAULT; Schema: public; Owner: postgres
--

ALTER TABLE ONLY anarapp_esquemaporcara ALTER COLUMN id SET DEFAULT nextval('anarapp_esquemaporcara_id_seq'::regclass);


--
-- Name: id; Type: DEFAULT; Schema: public; Owner: postgres
--

ALTER TABLE ONLY anarapp_estado ALTER COLUMN id SET DEFAULT nextval('anarapp_estado_id_seq'::regclass);


--
-- Name: id; Type: DEFAULT; Schema: public; Owner: postgres
--

ALTER TABLE ONLY anarapp_estadoconseryac ALTER COLUMN id SET DEFAULT nextval('anarapp_estadoconseryac_id_seq'::regclass);


--
-- Name: id; Type: DEFAULT; Schema: public; Owner: postgres
--

ALTER TABLE ONLY anarapp_faunayacimiento ALTER COLUMN id SET DEFAULT nextval('anarapp_faunayacimiento_id_seq'::regclass);


--
-- Name: id; Type: DEFAULT; Schema: public; Owner: postgres
--

ALTER TABLE ONLY anarapp_figurasportipo ALTER COLUMN id SET DEFAULT nextval('anarapp_figurasportipo_id_seq'::regclass);


--
-- Name: id; Type: DEFAULT; Schema: public; Owner: postgres
--

ALTER TABLE ONLY anarapp_florayacimiento ALTER COLUMN id SET DEFAULT nextval('anarapp_florayacimiento_id_seq'::regclass);


--
-- Name: id; Type: DEFAULT; Schema: public; Owner: postgres
--

ALTER TABLE ONLY anarapp_foto ALTER COLUMN id SET DEFAULT nextval('anarapp_foto_id_seq'::regclass);


--
-- Name: id; Type: DEFAULT; Schema: public; Owner: postgres
--

ALTER TABLE ONLY anarapp_fotografiapiedra ALTER COLUMN id SET DEFAULT nextval('anarapp_fotografiapiedra_id_seq'::regclass);


--
-- Name: id; Type: DEFAULT; Schema: public; Owner: postgres
--

ALTER TABLE ONLY anarapp_fotografiayac ALTER COLUMN id SET DEFAULT nextval('anarapp_fotografiayac_id_seq'::regclass);


--
-- Name: id; Type: DEFAULT; Schema: public; Owner: postgres
--

ALTER TABLE ONLY anarapp_hidrologiayacimiento ALTER COLUMN id SET DEFAULT nextval('anarapp_hidrologiayacimiento_id_seq'::regclass);


--
-- Name: id; Type: DEFAULT; Schema: public; Owner: postgres
--

ALTER TABLE ONLY anarapp_indicaciones ALTER COLUMN id SET DEFAULT nextval('anarapp_indicaciones_id_seq'::regclass);


--
-- Name: id; Type: DEFAULT; Schema: public; Owner: postgres
--

ALTER TABLE ONLY anarapp_intensidaddestruccionyac ALTER COLUMN id SET DEFAULT nextval('anarapp_intensidaddestruccionyac_id_seq'::regclass);


--
-- Name: id; Type: DEFAULT; Schema: public; Owner: postgres
--

ALTER TABLE ONLY anarapp_llenadopor ALTER COLUMN id SET DEFAULT nextval('anarapp_llenadopor_id_seq'::regclass);


--
-- Name: id; Type: DEFAULT; Schema: public; Owner: postgres
--

ALTER TABLE ONLY anarapp_localidadyacimiento ALTER COLUMN id SET DEFAULT nextval('anarapp_localidadyacimiento_id_seq'::regclass);


--
-- Name: id; Type: DEFAULT; Schema: public; Owner: postgres
--

ALTER TABLE ONLY anarapp_manifestaciones ALTER COLUMN id SET DEFAULT nextval('anarapp_manifestaciones_id_seq'::regclass);


--
-- Name: id; Type: DEFAULT; Schema: public; Owner: postgres
--

ALTER TABLE ONLY anarapp_manifestacionesasociadas ALTER COLUMN id SET DEFAULT nextval('anarapp_manifestacionesasociadas_id_seq'::regclass);


--
-- Name: id; Type: DEFAULT; Schema: public; Owner: postgres
--

ALTER TABLE ONLY anarapp_manifestacionescarbon ALTER COLUMN id SET DEFAULT nextval('anarapp_manifestacionescarbon_id_seq'::regclass);


--
-- Name: id; Type: DEFAULT; Schema: public; Owner: postgres
--

ALTER TABLE ONLY anarapp_manifestacionescementerio ALTER COLUMN id SET DEFAULT nextval('anarapp_manifestacionescementerio_id_seq'::regclass);


--
-- Name: id; Type: DEFAULT; Schema: public; Owner: postgres
--

ALTER TABLE ONLY anarapp_manifestacionesceramica ALTER COLUMN id SET DEFAULT nextval('anarapp_manifestacionesceramica_id_seq'::regclass);


--
-- Name: id; Type: DEFAULT; Schema: public; Owner: postgres
--

ALTER TABLE ONLY anarapp_manifestacionesconcha ALTER COLUMN id SET DEFAULT nextval('anarapp_manifestacionesconcha_id_seq'::regclass);


--
-- Name: id; Type: DEFAULT; Schema: public; Owner: postgres
--

ALTER TABLE ONLY anarapp_manifestacioneslitica ALTER COLUMN id SET DEFAULT nextval('anarapp_manifestacioneslitica_id_seq'::regclass);


--
-- Name: id; Type: DEFAULT; Schema: public; Owner: postgres
--

ALTER TABLE ONLY anarapp_manifestacionesmito ALTER COLUMN id SET DEFAULT nextval('anarapp_manifestacionesmito_id_seq'::regclass);


--
-- Name: id; Type: DEFAULT; Schema: public; Owner: postgres
--

ALTER TABLE ONLY anarapp_manifestacionesmonticulo ALTER COLUMN id SET DEFAULT nextval('anarapp_manifestacionesmonticulo_id_seq'::regclass);


--
-- Name: id; Type: DEFAULT; Schema: public; Owner: postgres
--

ALTER TABLE ONLY anarapp_manifestacionesoseo ALTER COLUMN id SET DEFAULT nextval('anarapp_manifestacionesoseo_id_seq'::regclass);


--
-- Name: id; Type: DEFAULT; Schema: public; Owner: postgres
--

ALTER TABLE ONLY anarapp_manifestacionesotros ALTER COLUMN id SET DEFAULT nextval('anarapp_manifestacionesotros_id_seq'::regclass);


--
-- Name: id; Type: DEFAULT; Schema: public; Owner: postgres
--

ALTER TABLE ONLY anarapp_manifestacionyacimiento ALTER COLUMN id SET DEFAULT nextval('anarapp_manifestacionyacimiento_id_seq'::regclass);


--
-- Name: id; Type: DEFAULT; Schema: public; Owner: postgres
--

ALTER TABLE ONLY anarapp_mataudiovisual ALTER COLUMN id SET DEFAULT nextval('anarapp_mataudiovisual_id_seq'::regclass);


--
-- Name: id; Type: DEFAULT; Schema: public; Owner: postgres
--

ALTER TABLE ONLY anarapp_materialyacimiento ALTER COLUMN id SET DEFAULT nextval('anarapp_materialyacimiento_id_seq'::regclass);


--
-- Name: id; Type: DEFAULT; Schema: public; Owner: postgres
--

ALTER TABLE ONLY anarapp_multimedia ALTER COLUMN id SET DEFAULT nextval('anarapp_multimedia_id_seq'::regclass);


--
-- Name: id; Type: DEFAULT; Schema: public; Owner: postgres
--

ALTER TABLE ONLY anarapp_municipio ALTER COLUMN id SET DEFAULT nextval('anarapp_municipio_id_seq'::regclass);


--
-- Name: id; Type: DEFAULT; Schema: public; Owner: postgres
--

ALTER TABLE ONLY anarapp_notasyacimiento ALTER COLUMN id SET DEFAULT nextval('anarapp_notasyacimiento_id_seq'::regclass);


--
-- Name: id; Type: DEFAULT; Schema: public; Owner: postgres
--

ALTER TABLE ONLY anarapp_observaciones ALTER COLUMN id SET DEFAULT nextval('anarapp_observaciones_id_seq'::regclass);


--
-- Name: id; Type: DEFAULT; Schema: public; Owner: postgres
--

ALTER TABLE ONLY anarapp_obtencioninfo ALTER COLUMN id SET DEFAULT nextval('anarapp_obtencioninfo_id_seq'::regclass);


--
-- Name: id; Type: DEFAULT; Schema: public; Owner: postgres
--

ALTER TABLE ONLY anarapp_orientacionyacimiento ALTER COLUMN id SET DEFAULT nextval('anarapp_orientacionyacimiento_id_seq'::regclass);


--
-- Name: id; Type: DEFAULT; Schema: public; Owner: postgres
--

ALTER TABLE ONLY anarapp_otrosvalores ALTER COLUMN id SET DEFAULT nextval('anarapp_otrosvalores_id_seq'::regclass);


--
-- Name: id; Type: DEFAULT; Schema: public; Owner: postgres
--

ALTER TABLE ONLY anarapp_paginaweb ALTER COLUMN id SET DEFAULT nextval('anarapp_paginaweb_id_seq'::regclass);


--
-- Name: id; Type: DEFAULT; Schema: public; Owner: postgres
--

ALTER TABLE ONLY anarapp_piedra ALTER COLUMN id SET DEFAULT nextval('anarapp_piedra_id_seq'::regclass);


--
-- Name: id; Type: DEFAULT; Schema: public; Owner: postgres
--

ALTER TABLE ONLY anarapp_plano ALTER COLUMN id SET DEFAULT nextval('anarapp_plano_id_seq'::regclass);


--
-- Name: id; Type: DEFAULT; Schema: public; Owner: postgres
--

ALTER TABLE ONLY anarapp_repgrafpiedra ALTER COLUMN id SET DEFAULT nextval('anarapp_repgrafpiedra_id_seq'::regclass);


--
-- Name: id; Type: DEFAULT; Schema: public; Owner: postgres
--

ALTER TABLE ONLY anarapp_supervisadopor ALTER COLUMN id SET DEFAULT nextval('anarapp_supervisadopor_id_seq'::regclass);


--
-- Name: id; Type: DEFAULT; Schema: public; Owner: postgres
--

ALTER TABLE ONLY anarapp_tecnicaparageoglifo ALTER COLUMN id SET DEFAULT nextval('anarapp_tecnicaparageoglifo_id_seq'::regclass);


--
-- Name: id; Type: DEFAULT; Schema: public; Owner: postgres
--

ALTER TABLE ONLY anarapp_tecnicaparamicropetro ALTER COLUMN id SET DEFAULT nextval('anarapp_tecnicaparamicropetro_id_seq'::regclass);


--
-- Name: id; Type: DEFAULT; Schema: public; Owner: postgres
--

ALTER TABLE ONLY anarapp_tecnicaparamonumentos ALTER COLUMN id SET DEFAULT nextval('anarapp_tecnicaparamonumentos_id_seq'::regclass);


--
-- Name: id; Type: DEFAULT; Schema: public; Owner: postgres
--

ALTER TABLE ONLY anarapp_tecnicaparapetroglifo ALTER COLUMN id SET DEFAULT nextval('anarapp_tecnicaparapetroglifo_id_seq'::regclass);


--
-- Name: id; Type: DEFAULT; Schema: public; Owner: postgres
--

ALTER TABLE ONLY anarapp_tecnicaparapintura ALTER COLUMN id SET DEFAULT nextval('anarapp_tecnicaparapintura_id_seq'::regclass);


--
-- Name: id; Type: DEFAULT; Schema: public; Owner: postgres
--

ALTER TABLE ONLY anarapp_tenenciadetierra ALTER COLUMN id SET DEFAULT nextval('anarapp_tenenciadetierra_id_seq'::regclass);


--
-- Name: id; Type: DEFAULT; Schema: public; Owner: postgres
--

ALTER TABLE ONLY anarapp_texturasuelo ALTER COLUMN id SET DEFAULT nextval('anarapp_texturasuelo_id_seq'::regclass);


--
-- Name: id; Type: DEFAULT; Schema: public; Owner: postgres
--

ALTER TABLE ONLY anarapp_tipoexposicionyac ALTER COLUMN id SET DEFAULT nextval('anarapp_tipoexposicionyac_id_seq'::regclass);


--
-- Name: id; Type: DEFAULT; Schema: public; Owner: postgres
--

ALTER TABLE ONLY anarapp_tipoyacimiento ALTER COLUMN id SET DEFAULT nextval('anarapp_tipoyacimiento_id_seq'::regclass);


--
-- Name: id; Type: DEFAULT; Schema: public; Owner: postgres
--

ALTER TABLE ONLY anarapp_tratfoto ALTER COLUMN id SET DEFAULT nextval('anarapp_tratfoto_id_seq'::regclass);


--
-- Name: id; Type: DEFAULT; Schema: public; Owner: postgres
--

ALTER TABLE ONLY anarapp_ubicacioncaras ALTER COLUMN id SET DEFAULT nextval('anarapp_ubicacioncaras_id_seq'::regclass);


--
-- Name: id; Type: DEFAULT; Schema: public; Owner: postgres
--

ALTER TABLE ONLY anarapp_ubicacionyacimiento ALTER COLUMN id SET DEFAULT nextval('anarapp_ubicacionyacimiento_id_seq'::regclass);


--
-- Name: id; Type: DEFAULT; Schema: public; Owner: postgres
--

ALTER TABLE ONLY anarapp_usoactsuelo ALTER COLUMN id SET DEFAULT nextval('anarapp_usoactsuelo_id_seq'::regclass);


--
-- Name: id; Type: DEFAULT; Schema: public; Owner: postgres
--

ALTER TABLE ONLY anarapp_video ALTER COLUMN id SET DEFAULT nextval('anarapp_video_id_seq'::regclass);


--
-- Name: id; Type: DEFAULT; Schema: public; Owner: postgres
--

ALTER TABLE ONLY anarapp_yacimiento ALTER COLUMN id SET DEFAULT nextval('anarapp_yacimiento_id_seq'::regclass);


--
-- Name: id; Type: DEFAULT; Schema: public; Owner: postgres
--

ALTER TABLE ONLY auth_group ALTER COLUMN id SET DEFAULT nextval('auth_group_id_seq'::regclass);


--
-- Name: id; Type: DEFAULT; Schema: public; Owner: postgres
--

ALTER TABLE ONLY auth_group_permissions ALTER COLUMN id SET DEFAULT nextval('auth_group_permissions_id_seq'::regclass);


--
-- Name: id; Type: DEFAULT; Schema: public; Owner: postgres
--

ALTER TABLE ONLY auth_permission ALTER COLUMN id SET DEFAULT nextval('auth_permission_id_seq'::regclass);


--
-- Name: id; Type: DEFAULT; Schema: public; Owner: postgres
--

ALTER TABLE ONLY auth_user ALTER COLUMN id SET DEFAULT nextval('auth_user_id_seq'::regclass);


--
-- Name: id; Type: DEFAULT; Schema: public; Owner: postgres
--

ALTER TABLE ONLY auth_user_groups ALTER COLUMN id SET DEFAULT nextval('auth_user_groups_id_seq'::regclass);


--
-- Name: id; Type: DEFAULT; Schema: public; Owner: postgres
--

ALTER TABLE ONLY auth_user_user_permissions ALTER COLUMN id SET DEFAULT nextval('auth_user_user_permissions_id_seq'::regclass);


--
-- Name: id; Type: DEFAULT; Schema: public; Owner: postgres
--

ALTER TABLE ONLY django_admin_log ALTER COLUMN id SET DEFAULT nextval('django_admin_log_id_seq'::regclass);


--
-- Name: id; Type: DEFAULT; Schema: public; Owner: postgres
--

ALTER TABLE ONLY django_content_type ALTER COLUMN id SET DEFAULT nextval('django_content_type_id_seq'::regclass);


--
-- Name: id; Type: DEFAULT; Schema: public; Owner: postgres
--

ALTER TABLE ONLY django_site ALTER COLUMN id SET DEFAULT nextval('django_site_id_seq'::regclass);


--
-- Name: id; Type: DEFAULT; Schema: public; Owner: postgres
--

ALTER TABLE ONLY south_migrationhistory ALTER COLUMN id SET DEFAULT nextval('south_migrationhistory_id_seq'::regclass);


--
-- Data for Name: anarapp_altitud; Type: TABLE DATA; Schema: public; Owner: postgres
--

COPY anarapp_altitud (id, altura, superficie, yacimiento_id, texto, desarrollo, desnivel) FROM stdin;
2	Alturas y profundidades entre 2 y 12 mts	80 mts de largo                                                                                       	3	200 M.SNM.	80 m	
3	12 mts	El abrigo tiene 80 mts de ancho, y una profundidad a partir de la lnea de goteo que llega a alcanzar 13 mts	4	80 m.snm	80 m	2m (+0; -2)
4		80 mts de largo                                                                                       	5	Aprox de 70 u 80 mts sobre el nivel de la sabana		
5	La cavidad se encuentra a 40 mts de altura sobre la llanura basal y desde ella se domina un amplio panorama.	Tiene 58 mts de anchura y 2.5 mts de altura 	6	 La cavidad profundiza hacia el interior un mximo de 12 mts desde la lnea de goteo y una  cifra algo menor desde el borde de la cornisa.	58 m. Es un abrigo o pequea cueva, con pendiente hacia el interior, desarrollada sobre una cornisa.	3 m (+0; -3). Posee una ligera pendiente en sentido longitudinal que determina un desnivel mximo, de 3 mts entre sus extremos E y W
\.


--
-- Name: anarapp_altitud_id_seq; Type: SEQUENCE SET; Schema: public; Owner: postgres
--

SELECT pg_catalog.setval('anarapp_altitud_id_seq', 5, true);


--
-- Data for Name: anarapp_bibliografia; Type: TABLE DATA; Schema: public; Owner: postgres
--

COPY anarapp_bibliografia (id) FROM stdin;
1
2
3
4
5
6
7
8
9
10
11
12
13
14
15
16
17
18
19
20
21
\.


--
-- Name: anarapp_bibliografia_id_seq; Type: SEQUENCE SET; Schema: public; Owner: postgres
--

SELECT pg_catalog.setval('anarapp_bibliografia_id_seq', 21, true);


--
-- Data for Name: anarapp_bibpiedra; Type: TABLE DATA; Schema: public; Owner: postgres
--

COPY anarapp_bibpiedra (bibliografia_ptr_id, piedra_id, codigo, titulo, autor, ano, institucion, "conDibujo", archivo, "esFotografia", escolor, "esBlancoYNegro", "esDiapositiva", "esPapel", "esDigital", "esNegativo", descripcion, "tipoMapa", archivo1, archivo2, archivo3, archivo4, "tieneFotografia", "tieneFotografia1", "tieneFotografia2", "tieneFotografia3", "tieneFotografia4", esbilbio) FROM stdin;
\.


--
-- Data for Name: anarapp_bibyacimiento; Type: TABLE DATA; Schema: public; Owner: postgres
--

COPY anarapp_bibyacimiento (bibliografia_ptr_id, yacimiento_id, codigo, titulo, autor, ano, institucion, "conDibujo", archivo, "esFotografia", escolor, "esBlancoYNegro", "esDiapositiva", "esPapel", "esDigital", "esNegativo", "tipoMapa", "esBibliografia", "tieneFotografia", "tieneMapa", description, archivo1, archivo2, archivo3, archivo4, "tieneFotografia1", "tieneFotografia2", "tieneFotografia3", "tieneFotografia4") FROM stdin;
2	4		Pictografas y Cermica de dos localidades hipogeas, en la Plenillanura del norte, Territorio Federal Amazonas, y Distrito Cedeo del Estado Bolvar. En B SVE (21): 21-32	Perera, M.A & H. Moreno	1984	SVE (Sociedad Venezolana de Espeleologa)	f		t	f	t	f	f	f	f	\N	t	\N	\N	f	\N	\N	\N	\N	\N	\N	\N	\N
1	4	C-255	4) Bo. 55 CUEVA SUSUDE INAVA  en : Las Pinturas Rupestres del Parguaza: Mito y Representacin (Trabajo final de grado), pags 137-138	Franz Scaramelli	Caracas, Marzo 1992	Universidad Central de Venezuela - FACES- Escuela de Antropologa	t	bibliografia_yac/2014_05/50_PR_4_SUSUDE_INAVA-Casa_de_Piedra_--Scaramelli_edo_Bolvar.jpg	f	f	f	f	f	f	f	\N	t	\N	\N	f	\N	\N	\N	\N	\N	\N	\N	\N
3	4	C-500	El Diseo en los Petroglifos Venezolanos, pag 248	De Valencia. R & J, Sujo Volsky	1987	ANAR	f		t	f	t	f	f	f	f	\N	t	\N	\N	f	\N	\N	\N	\N	\N	\N	\N	\N
4	4		JG -02- Cerro Iguanitas 2, en : Rock Art Chronology in the Orinoco Basin of Southwestern Venezuela (Dissertation presented to the Faculty of the Graduate School University of Missouri-Columbia), pags   354 a 365	John William Greer	1995	University of Missouri-Columbia	t	bibliografia_yac/2014_05/50_PR_SUSUDE_INAVA-Casa_de_Piedra_-1-_edo_Bolvar.jpg	f	f	f	f	f	f	f	\N	t	\N	\N	f	\N	\N	\N	\N	\N	\N	\N	\N
5	5	C-3, C-56  (pgs. 5 a 57)	Proyecto Orinoco. LA  CUEVA  DEL ELEFANTE                                       	Mario Sanoja e Iraida Vargas	1970	UCV, en ANAR	t		t	f	t	f	f	f	f	\N	t	\N	\N	f	\N	\N	\N	\N	\N	\N	\N	\N
6	5	C - 500     (pgs. 246 - 247)	3 Pintura Rupestre Cueva del Elefante (en:  El Diseo en los Petroglifos Venezolanos) 	Ruby De Valencia & Jeannine Sujo 	1987	ANAR	f		t	f	t	f	t	t	t	\N	t	\N	\N	f	\N	\N	\N	\N	\N	\N	\N	\N
7	5	C  125 (pags 39-40)	Petroglifos Venezolanos	Rafael Delgado  	1976	en ANAR	f		f	f	f	f	f	f	f	\N	t	\N	\N	f	\N	\N	\N	\N	\N	\N	\N	\N
8	5	C  540	Catalogo  Digital-GAN. Fundacin Museos Nacionales . (Anexos 18 a 27)  	Roberto Colantoni 	2005	en: ANAR	f		t	t	f	f	f	t	f	\N	t	\N	\N	f	\N	\N	\N	\N	\N	\N	\N	\N
9	6	C-255, (pags 150 a 152)	22) Bo. Cueva Cao Ore, en : Las Pinturas Rupestres del Parguaza: Mito y Representacin (Trabajo final de grado)	Franz Scaramelli	Caracas, Marzo 1992	Universidad Central de Venezuela - FACES- Escuela de Antropologa	t	bibliografia_yac/2014_05/Planta_vistas_y_corte-_Cueva_Cao_Ore_edo_Bolvar.jpg	f	f	f	f	f	f	f	\N	t	\N	\N	f	\N	\N	\N	\N	\N	\N	\N	\N
10	6		JG-12 Cueva del Cao Ore, en : Rock Art Chronology in the Orinoco Basin of Southwestern Venezuela (Dissertation presented to the Faculty of the Graduate School University of Missouri-Columbia), pags: 383-384	John William Greer	1995	University of Missouri-Columbia	t	bibliografia_yac/2014_05/JG_Cueva_Cao_Ore.jpg	f	f	f	f	f	f	f	\N	t	\N	\N	f	\N	\N	\N	\N	\N	\N	\N	\N
11	6	C  540	Catalogo  Digital-GAN. Fundacin Museos Nacionales	Roberto Colantoni	2005	en: ANAR	f		t	t	f	f	f	f	f	\N	t	\N	\N	f	\N	\N	\N	\N	\N	\N	\N	\N
12	7	C- 500	El Geoglifo, en : El Diseo en los Petroglifos venezolanos, pags 92-93 y 274 y 275	De Valencia, Ruby & Jeannine Sujo	Caracas, 1987	ANAR	f		t	f	t	f	f	f	f	\N	t	\N	\N	f	\N	\N	\N	\N	\N	\N	\N	\N
13	7		El Geoglifo de la Fila de Olivita en: Memorias de la Sociedad de Ciencias Naturales de la Salle., pp. 27-49	Cruxent, Jos Mara 	Ao IX No. 23 enero abril Caracas ,1949		t		f	f	f	f	f	f	f	\N	t	\N	\N	f	\N	\N	\N	\N	\N	\N	\N	\N
14	7		Los Petroglifos Venezolanos.  Revista A. No. 2	Cruxent, Jos Mara 	Septiembre. Caracas 1955		f		f	f	f	f	f	f	f	\N	t	\N	\N	f	\N	\N	\N	\N	\N	\N	\N	\N
15	7		The Earthgliph of Chirgua ,Venezuela. Review of Ethnology pp. 126-127	Straka, Hellmuth 	Austria, 1972 		f		f	f	f	f	f	f	f	\N	t	\N	\N	f	\N	\N	\N	\N	\N	\N	\N	\N
16	7		El dibujo ms grande de Venezuela, en :Mecnica Nacional p.48	Straka, Hellmuth	Caracas 1978	ANAR	f		t	f	t	f	f	f	f	\N	t	\N	\N	f	\N	\N	\N	\N	\N	\N	\N	\N
17	7		Los petroglifos en Venezuela, en :Separata del Boletn de la Sociedad Venezolana de Ciencias Naturales No. 130/131 p151	Straka, Hellmuth	Caracas, 1976	Sociedad Venezolana de Ciencias Naturales	f		f	f	f	f	f	f	f	\N	t	\N	\N	f	\N	\N	\N	\N	\N	\N	\N	\N
18	7		El Estudio del Arte Rupestre en Venezuela. 	Sujo Volsky, Jeannine.		Universidad Catlica Andrs Bello. Instituto de Investigaciones Histricas. Centro de Lenguas Indgena	t		f	f	f	f	f	f	f	\N	t	\N	\N	f	\N	\N	\N	\N	\N	\N	\N	\N
19	7		Nuevas consideraciones metodolgicas para el estudio del arte rupestre venezolano,p 247  	Sujo Volsky, Jeannine.	Pars, 1976	Actes du XLIIe. Congres International des Americaniste.Vol IXB. Fondation Singer Polignac.	t		f	f	f	f	f	f	f	\N	t	\N	\N	f	\N	\N	\N	\N	\N	\N	\N	\N
20	7		Informe sobre el Geoglifo "La Rueda del Indio" Chirgua Venezuela. Boletn El Gucharo No. 44	Urbani, Bernardo & Franco, Urbani 	Diciembre, 1998	Sociedad Venezolana de Espeleologa	t		f	f	t	f	f	f	f	\N	t	\N	\N	f	\N	\N	\N	\N	\N	\N	\N	\N
21	7		El geoglifo de Chirgua (Carabobo, Venezuela). 	Salamanca, Miguel ngel	2001	En Rupestreweb,http://www.rupestreweb.info/chirgua.html	t		t	f	t	f	f	f	f	\N	t	\N	\N	f	\N	\N	\N	\N	\N	\N	\N	\N
\.


--
-- Data for Name: anarapp_caracdelapintura; Type: TABLE DATA; Schema: public; Owner: postgres
--

COPY anarapp_caracdelapintura (id, "esPinturaRupestre", "esTecnicaDactilar", "esTecnicaFibra", otros, "esLineaSencilla", "anchoDe", "anchoA", "esLineaCompuesta", "anchoDeComp", "anchoAComp", "esImpresionDeManos", "esImpresionDeManosPositivo", "esImpresionDeManosNegativo", "tienesFigurasSuperpuestas", yacimiento_id, "esFiguraRellena") FROM stdin;
1	t	f	f		t	2 cms	4 cms	f			f	f	f	t	3	t
2	f	f	f		t	1.5 cms	5 cms	t			f	f	f	t	4	t
3	t	t	t	La casi totalidad de las pinturas de la Cueva de El Elefante, se halla localizada sobre el fondo de la misma, formando una especie de panel continuo, con una longitud aproximada  de 38 mts y un ancho de 2 a 3 mtrs.  	t	2 cm	4 cm	f			t	t	f	f	5	t
4	t	t	t		t			f			f	f	f	f	6	t
\.


--
-- Name: anarapp_caracdelapintura_id_seq; Type: SEQUENCE SET; Schema: public; Owner: postgres
--

SELECT pg_catalog.setval('anarapp_caracdelapintura_id_seq', 4, true);


--
-- Data for Name: anarapp_caracdolmenart; Type: TABLE DATA; Schema: public; Owner: postgres
--

COPY anarapp_caracdolmenart (id, "ConPetroglifo", "cantidadConPetroglifo", "conPinturas", "cantidadConPinturas", yacimiento_id) FROM stdin;
\.


--
-- Name: anarapp_caracdolmenart_id_seq; Type: SEQUENCE SET; Schema: public; Owner: postgres
--

SELECT pg_catalog.setval('anarapp_caracdolmenart_id_seq', 1, false);


--
-- Data for Name: anarapp_caracmenhires; Type: TABLE DATA; Schema: public; Owner: postgres
--

COPY anarapp_caracmenhires (id, "sonPiedrasVerticales", "cantidadPiedrasVerticales", "conPuntosAcoplados", "cantidadConPuntosAcoplados", "ConPetroglifo", "cantidadConPetroglifo", "conPinturas", "cantidadConPinturas", distanciamiento, yacimiento_id) FROM stdin;
\.


--
-- Name: anarapp_caracmenhires_id_seq; Type: SEQUENCE SET; Schema: public; Owner: postgres
--

SELECT pg_catalog.setval('anarapp_caracmenhires_id_seq', 1, false);


--
-- Data for Name: anarapp_caracmonolitos; Type: TABLE DATA; Schema: public; Owner: postgres
--

COPY anarapp_caracmonolitos (id, cantidad, "esPinturaRupestre", "cantidadConGrabados", yacimiento_id) FROM stdin;
\.


--
-- Name: anarapp_caracmonolitos_id_seq; Type: SEQUENCE SET; Schema: public; Owner: postgres
--

SELECT pg_catalog.setval('anarapp_caracmonolitos_id_seq', 1, false);


--
-- Data for Name: anarapp_caracsurcoamoladores; Type: TABLE DATA; Schema: public; Owner: postgres
--

COPY anarapp_caracsurcoamoladores (id, largo, ancho, diametro, yacimiento_id) FROM stdin;
\.


--
-- Name: anarapp_caracsurcoamoladores_id_seq; Type: SEQUENCE SET; Schema: public; Owner: postgres
--

SELECT pg_catalog.setval('anarapp_caracsurcoamoladores_id_seq', 1, false);


--
-- Data for Name: anarapp_caracsurcobateas; Type: TABLE DATA; Schema: public; Owner: postgres
--

COPY anarapp_caracsurcobateas (id, largo, ancho, yacimiento_id, diametro, profundidad) FROM stdin;
\.


--
-- Name: anarapp_caracsurcobateas_id_seq; Type: SEQUENCE SET; Schema: public; Owner: postgres
--

SELECT pg_catalog.setval('anarapp_caracsurcobateas_id_seq', 1, false);


--
-- Data for Name: anarapp_caracsurcocupulas; Type: TABLE DATA; Schema: public; Owner: postgres
--

COPY anarapp_caracsurcocupulas (id, largo, ancho, diametro, yacimiento_id, profundidad, otros) FROM stdin;
\.


--
-- Name: anarapp_caracsurcocupulas_id_seq; Type: SEQUENCE SET; Schema: public; Owner: postgres
--

SELECT pg_catalog.setval('anarapp_caracsurcocupulas_id_seq', 1, false);


--
-- Data for Name: anarapp_caracsurcomortero; Type: TABLE DATA; Schema: public; Owner: postgres
--

COPY anarapp_caracsurcomortero (id, largo, ancho, yacimiento_id) FROM stdin;
\.


--
-- Name: anarapp_caracsurcomortero_id_seq; Type: SEQUENCE SET; Schema: public; Owner: postgres
--

SELECT pg_catalog.setval('anarapp_caracsurcomortero_id_seq', 1, false);


--
-- Data for Name: anarapp_caracsurcopetroglifo; Type: TABLE DATA; Schema: public; Owner: postgres
--

COPY anarapp_caracsurcopetroglifo (id, "anchoDe", "anchoA", "produndidadDe", "profundidadA", "esBase", "esBaseRedonda", "esBaseAguda", "esBajoRelieve", "esBajoRelieveLineal", "esBajoRelievePlanar", "esAltoRelieve", "esAltoRelieveLineal", "esAltoRelievePlanar", "esAreaInterlineal", "esAreaInterlinealPulida", "esAreaInterlinealRebajada", "esGrabadoSuperpuesto", "esGrabadoRebajado", yacimiento_id) FROM stdin;
\.


--
-- Name: anarapp_caracsurcopetroglifo_id_seq; Type: SEQUENCE SET; Schema: public; Owner: postgres
--

SELECT pg_catalog.setval('anarapp_caracsurcopetroglifo_id_seq', 1, false);


--
-- Data for Name: anarapp_caracsurcopuntosacopl; Type: TABLE DATA; Schema: public; Owner: postgres
--

COPY anarapp_caracsurcopuntosacopl (id, "esPunteado", yacimiento_id, diametro, profundidad, otros) FROM stdin;
\.


--
-- Name: anarapp_caracsurcopuntosacopl_id_seq; Type: SEQUENCE SET; Schema: public; Owner: postgres
--

SELECT pg_catalog.setval('anarapp_caracsurcopuntosacopl_id_seq', 1, false);


--
-- Data for Name: anarapp_caratrabajada; Type: TABLE DATA; Schema: public; Owner: postgres
--

COPY anarapp_caratrabajada (id, piedra_id, numero, orientacion, alto, ancho, largo) FROM stdin;
\.


--
-- Name: anarapp_caratrabajada_id_seq; Type: SEQUENCE SET; Schema: public; Owner: postgres
--

SELECT pg_catalog.setval('anarapp_caratrabajada_id_seq', 1, false);


--
-- Data for Name: anarapp_causasdestruccionyac; Type: TABLE DATA; Schema: public; Owner: postgres
--

COPY anarapp_causasdestruccionyac (id, yacimiento_id, "porAsentamientoHumand", "porObraCortoPlazo", "porObraMedianoPlazo", "porObraLargoPlazo", "porNivelacion", "porExtraccionFamiliar", "porExtraccionMayor", "porVandalismo", "porErosion", "porErosionParModerada", "porErosionParSevera", "porErosionExtModerada", "porErosionExtSevera", otros) FROM stdin;
1	3	f	f	f	f	f	f	f	t	f	f	f	f	f	Turismo desbordado de la  zona\r\n
2	5	f	f	f	f	f	f	f	f	t	f	f	f	t	Escurrimiento de las aguas de lluvia\r\n
\.


--
-- Name: anarapp_causasdestruccionyac_id_seq; Type: SEQUENCE SET; Schema: public; Owner: postgres
--

SELECT pg_catalog.setval('anarapp_causasdestruccionyac_id_seq', 2, true);


--
-- Data for Name: anarapp_colores; Type: TABLE DATA; Schema: public; Owner: postgres
--

COPY anarapp_colores (id, yacimiento_id, c, m, y, k) FROM stdin;
1	4		x		x
2	5		x		
3	6		x		
\.


--
-- Name: anarapp_colores_id_seq; Type: SEQUENCE SET; Schema: public; Owner: postgres
--

SELECT pg_catalog.setval('anarapp_colores_id_seq', 3, true);


--
-- Data for Name: anarapp_conexionfiguras; Type: TABLE DATA; Schema: public; Owner: postgres
--

COPY anarapp_conexionfiguras (id, piedra_id, "conexionFiguras") FROM stdin;
\.


--
-- Name: anarapp_conexionfiguras_id_seq; Type: SEQUENCE SET; Schema: public; Owner: postgres
--

SELECT pg_catalog.setval('anarapp_conexionfiguras_id_seq', 1, false);


--
-- Data for Name: anarapp_considertemp; Type: TABLE DATA; Schema: public; Owner: postgres
--

COPY anarapp_considertemp (id, "cincoAno", otros, yacimiento_id) FROM stdin;
\.


--
-- Name: anarapp_considertemp_id_seq; Type: SEQUENCE SET; Schema: public; Owner: postgres
--

SELECT pg_catalog.setval('anarapp_considertemp_id_seq', 1, false);


--
-- Data for Name: anarapp_constitucionyacimiento; Type: TABLE DATA; Schema: public; Owner: postgres
--

COPY anarapp_constitucionyacimiento (id, "nroPiedras", "nroPiedrasGrabadas", "nroPiedrasPintadas", "nroPiedrasColocadas", otros, yacimiento_id) FROM stdin;
2	\N	\N	\N	\N	Abrigo rocoso muy alto, con   pequeas  cuevas anexas cerca del centro	3
3	\N	1	\N	\N		4
4	\N	\N	\N	\N	Abrigo rocoso muy alto, con pequeas  cuevas anexas cerca del centro	5
5	\N	\N	\N	\N	Constituye un abrigo o pequea cueva, con pendiente hacia el interior, desarrollada sobe una cornisa.	6
\.


--
-- Name: anarapp_constitucionyacimiento_id_seq; Type: SEQUENCE SET; Schema: public; Owner: postgres
--

SELECT pg_catalog.setval('anarapp_constitucionyacimiento_id_seq', 5, true);


--
-- Data for Name: anarapp_coordenadas; Type: TABLE DATA; Schema: public; Owner: postgres
--

COPY anarapp_coordenadas (id, longitud, latitud, yacimiento_id, "utmAdicional") FROM stdin;
2	E 716.750	 N 683.500	3	UTM (en el mapa)
3	6706'37'' Long W	613'23'' Lat N	4	N 688.250; E709.200
4	6706'25'' Long W	617'57'' Lat N	6	N 697.770,  E 710.130 (John Greer), N 696.700, E 709.400 (F. Scaramelli)
5	68 10 9.3  Longitud Oeste	10 15 44,4 	7	1.134.452,0 Norte y 5.909.910,0 Este
\.


--
-- Name: anarapp_coordenadas_id_seq; Type: SEQUENCE SET; Schema: public; Owner: postgres
--

SELECT pg_catalog.setval('anarapp_coordenadas_id_seq', 5, true);


--
-- Data for Name: anarapp_cronologiatentativa; Type: TABLE DATA; Schema: public; Owner: postgres
--

COPY anarapp_cronologiatentativa (id, "esCrono1", "esCrono2", "esCrono3", "esCrono4", "esCrono5", "esCrono6", "esCrono7", autor, fecha, institucion, pais, direccion, telefono, mail, tecnica, bibliografia, twitter, facebook, yacimiento_id) FROM stdin;
1	f	f	t	f	f	f	f		1970	Laboratorios Geochron 	Estados Unidos				Una muestra de carbn vegetal proveniente del nivel 2 del corte 10 de la Cueva de El Elefante, fue procesada en los Laboratorios Geochron, para determinar su contenido de radioactividad y obtener as una fecha absoluta para alguno de los perodos de ocupacin del sitio. La fecha obtenida fue de 1460 aos despus de Cristo. Esto significara que la cueva de El Elefante estuvo ocupada por grupos de aborgenes hasta varias decenas de aos antes del descubrimiento de Amrica.	En: _Proyecto Orinoco, Informe 2. Investigaciones arqueolgicas en el Bajo Orinoco, estado Bolvar, Venezuela. La Cueva de El Elefante. Mario Sanoja e Iraida Vargas			5
\.


--
-- Name: anarapp_cronologiatentativa_id_seq; Type: SEQUENCE SET; Schema: public; Owner: postgres
--

SELECT pg_catalog.setval('anarapp_cronologiatentativa_id_seq', 1, true);


--
-- Data for Name: anarapp_croquis; Type: TABLE DATA; Schema: public; Owner: postgres
--

COPY anarapp_croquis (id, yacimiento_id, archivo) FROM stdin;
3	3	esquema/2014_04/6_-_Indicaciones_de_llegada_-anexo_1-_1.jpg
4	4	esquema/2014_05/50_Susude_Inava.jpg
5	4	esquema/2014_05/50_Susude_Inava-_Ubicacin_Geogrfica.jpg
6	4	esquema/2014_05/50_Susude_Inava_-_Territorios_tnicos_actuales.jpg
7	5	esquema/2014_05/Anexo_1-Croquis_de_la_Cueva_de_El_Elefante.jpg
8	5	esquema/2014_05/Anexo_1.1-Ubicacin_geogrfica_de_la_Cueva_de_el_Elefante.jpg
9	7	esquema/2014_05/mapa__para_llegar_a_Chirgua.jpg
10	7	esquema/2014_05/localizacin_y_medidas_Geoglifo_-Chirgua.jpg
\.


--
-- Name: anarapp_croquis_id_seq; Type: SEQUENCE SET; Schema: public; Owner: postgres
--

SELECT pg_catalog.setval('anarapp_croquis_id_seq', 11, true);


--
-- Data for Name: anarapp_datum; Type: TABLE DATA; Schema: public; Owner: postgres
--

COPY anarapp_datum (id, "tipoDatum", yacimiento_id) FROM stdin;
2	2	3
3	2	4
4	2	5
5	2	6
6	2	7
\.


--
-- Name: anarapp_datum_id_seq; Type: SEQUENCE SET; Schema: public; Owner: postgres
--

SELECT pg_catalog.setval('anarapp_datum_id_seq', 6, true);


--
-- Data for Name: anarapp_desccolores; Type: TABLE DATA; Schema: public; Owner: postgres
--

COPY anarapp_desccolores (id, yacimiento_id, "esPositiva", "posNegro", "posBlanco", "posAmarillo", "posUnRojo", "posDosRojos", "posTresRojos", "esNegativa", "negNegro", "negBlanco", "negAmarillo", "negUnRojo", "negDosRojos", "negTresRojos", "colorBase") FROM stdin;
1	4	t		2		1			t		1		1			
2	5	t					x		f							rojo
3	6	t		x		x			f							
\.


--
-- Name: anarapp_desccolores_id_seq; Type: SEQUENCE SET; Schema: public; Owner: postgres
--

SELECT pg_catalog.setval('anarapp_desccolores_id_seq', 3, true);


--
-- Data for Name: anarapp_dimensionpiedra; Type: TABLE DATA; Schema: public; Owner: postgres
--

COPY anarapp_dimensionpiedra (id, piedra_id, "altoMaximo", "largoMaximo", "anchoMaximo") FROM stdin;
\.


--
-- Name: anarapp_dimensionpiedra_id_seq; Type: SEQUENCE SET; Schema: public; Owner: postgres
--

SELECT pg_catalog.setval('anarapp_dimensionpiedra_id_seq', 1, false);


--
-- Data for Name: anarapp_escnatpiedra; Type: TABLE DATA; Schema: public; Owner: postgres
--

COPY anarapp_escnatpiedra (repgrafpiedra_ptr_id, "tipoReproduccione") FROM stdin;
\.


--
-- Data for Name: anarapp_escredpiedra; Type: TABLE DATA; Schema: public; Owner: postgres
--

COPY anarapp_escredpiedra (repgrafpiedra_ptr_id, "tipoReproduccion") FROM stdin;
\.


--
-- Data for Name: anarapp_esquemaporcara; Type: TABLE DATA; Schema: public; Owner: postgres
--

COPY anarapp_esquemaporcara (id, piedra_id, numero, "textoCara", posicion) FROM stdin;
\.


--
-- Name: anarapp_esquemaporcara_id_seq; Type: SEQUENCE SET; Schema: public; Owner: postgres
--

SELECT pg_catalog.setval('anarapp_esquemaporcara_id_seq', 1, false);


--
-- Data for Name: anarapp_estado; Type: TABLE DATA; Schema: public; Owner: postgres
--

COPY anarapp_estado (id, nombre, activo) FROM stdin;
1	Amazonas	1
2	Anzotegui	1
3	Apure	1
4	Aragua	1
5	Barinas	1
6	Bolvar	1
7	Carabobo	1
8	Cojedes	1
9	Delta Amacuro	1
25	Dependencias Federales	1
24	Distrito Capital	1
10	Falcn	1
11	Gurico	1
12	Lara	1
13	Mrida	1
14	Miranda	1
15	Monagas	1
16	Nueva Esparta	1
17	Portuguesa	1
18	Sucre	1
19	Tchira	1
20	Trujillo	1
21	Vargas	1
22	Yaracuy	1
23	Zulia	1
\.


--
-- Name: anarapp_estado_id_seq; Type: SEQUENCE SET; Schema: public; Owner: postgres
--

SELECT pg_catalog.setval('anarapp_estado_id_seq', 26, true);


--
-- Data for Name: anarapp_estadoconseryac; Type: TABLE DATA; Schema: public; Owner: postgres
--

COPY anarapp_estadoconseryac (id, "enBuenEstado", "estadoModificado", trasladado, "trasladadoPa", sumergido, "sumergidoPa", enterrado, "enterradoPa", perdido, "perdidoPa", destruido, "destruidoPa", "crecimientoVeg", "crecimientoVegPa", patina, "patinaPa", erosion, "erosionPa", "estaDestruido", "esPorCausaNatural", "enPorCausaNaturalLigera", "enPorCausaNaturalAguda", "enPorCausaHumana", "enPorCausaHumanaLigera", "enPorCausaHumanaAguda", especificar, "destruccionPotencial", yacimiento_id) FROM stdin;
1	t	t	\N		\N		\N		\N		2	327/0/1	\N		\N		\N		f	f	f	f	t	t	f	 La cueva es sin duda el rincn ms reservado  de la regin, presenta un paso semi-restringido al desbordado turismo que invade el Parguaza. 	t	3
2	t	f	\N		\N		\N		\N		\N		\N		\N		\N		f	f	f	f	f	f	f	Hay diversos grados de conservacin de las pinturas que se encuentran en otras partes del abrigo.	f	4
3	f	t	\N		\N		\N		\N		\N		\N		\N		1	3/0/1	t	t	t	f	t	t	f	Una minora de las pinturas, las que se encuentran en las reas ms protegidas de la cueva, estn perfectamente conservadas. Las que estn en la parte posterior del techo del abrigo y en las partes ms expuestas, han sido afectados parcialmente por el escurrimiento de las aguas de lluvia y del desprendimiento de parte de la superficie de la roca.	t	5
4	t	f	\N		\N		\N		\N		\N		\N		\N		\N		f	f	f	f	f	f	f		f	6
5	t	t	\N		\N		\N		\N		\N		\N		\N		\N		f	f	f	f	f	f	f	ha perdido de anchura y profundidad, las zanjas llenndose de tierra que arrastran las lluvias. Este deterioro me confirma que los indios cuidaban peridicamente esa figura, sin lo cual hubiera desaparecido como va a desaparecer pronto si no la cuidan.	t	7
\.


--
-- Name: anarapp_estadoconseryac_id_seq; Type: SEQUENCE SET; Schema: public; Owner: postgres
--

SELECT pg_catalog.setval('anarapp_estadoconseryac_id_seq', 5, true);


--
-- Data for Name: anarapp_faunayacimiento; Type: TABLE DATA; Schema: public; Owner: postgres
--

COPY anarapp_faunayacimiento (id, fauna, yacimiento_id) FROM stdin;
1	  Alrededor del promontorio rocoso y dentro de la cueva misma, son muy abundantes los quelonios llamados morrocoyes (Testudo sculpta)	5
2	Estos abrigos constituyen enclaves o biotopos frecuentados por una fauna caracterstica de lagartos y quirpteros, que encuentra refugio en ellos.	6
\.


--
-- Name: anarapp_faunayacimiento_id_seq; Type: SEQUENCE SET; Schema: public; Owner: postgres
--

SELECT pg_catalog.setval('anarapp_faunayacimiento_id_seq', 2, true);


--
-- Data for Name: anarapp_figurasportipo; Type: TABLE DATA; Schema: public; Owner: postgres
--

COPY anarapp_figurasportipo (id, piedra_id, numero, "tipoFigura", cantidad, descripcion, "esCantidadInexacta") FROM stdin;
\.


--
-- Name: anarapp_figurasportipo_id_seq; Type: SEQUENCE SET; Schema: public; Owner: postgres
--

SELECT pg_catalog.setval('anarapp_figurasportipo_id_seq', 1, false);


--
-- Data for Name: anarapp_florayacimiento; Type: TABLE DATA; Schema: public; Owner: postgres
--

COPY anarapp_florayacimiento (id, flora, yacimiento_id) FROM stdin;
1	El espacio techado est limitado, por un bosquecito	4
2	La vegetacin del sitio es escasa, limitndose a monte ralo. El paisaje que rosea la piedra de El Elefante es tpicamente de sabana. En la vegetacin predominan las gramneas, chaparrales y espinos, con manchas de vegetacin alta, que forman una especie de selva de galera a lo largo de un pequeo curso de agua que corre en las vecindades. 	5
\.


--
-- Name: anarapp_florayacimiento_id_seq; Type: SEQUENCE SET; Schema: public; Owner: postgres
--

SELECT pg_catalog.setval('anarapp_florayacimiento_id_seq', 2, true);


--
-- Data for Name: anarapp_foto; Type: TABLE DATA; Schema: public; Owner: postgres
--

COPY anarapp_foto (id, negativo, fecha, fotografo, institucion, "numReferencia", "numRollo", "numFoto", "numMarcaNegativo", "esDeAnar", "numCopiaAnar", esfoto, "tipoFotoA", "tipoFotoNA", "tipoFotoS") FROM stdin;
\.


--
-- Name: anarapp_foto_id_seq; Type: SEQUENCE SET; Schema: public; Owner: postgres
--

SELECT pg_catalog.setval('anarapp_foto_id_seq', 1, false);


--
-- Data for Name: anarapp_fotografiapiedra; Type: TABLE DATA; Schema: public; Owner: postgres
--

COPY anarapp_fotografiapiedra (id, piedra_id, archivo) FROM stdin;
\.


--
-- Name: anarapp_fotografiapiedra_id_seq; Type: SEQUENCE SET; Schema: public; Owner: postgres
--

SELECT pg_catalog.setval('anarapp_fotografiapiedra_id_seq', 1, true);


--
-- Data for Name: anarapp_fotografiayac; Type: TABLE DATA; Schema: public; Owner: postgres
--

COPY anarapp_fotografiayac (id, "esAerea", "noEsAerea", "esSatelital", fecha, yacimiento_id, archivo) FROM stdin;
18	f	t	f	1990	3	yacimiento/2014_04/327_Cueva_del_Cerro_Iglesia_edo_Bolvar_1.jpg
19	f	t	f	1985	3	yacimiento/2014_04/Perera_1_Cueva_Iglesias_1.jpg
20	f	t	f	1985	3	yacimiento/2014_04/Perera_2_Cueva_Iglesias_1.jpg
21	f	t	f	1985	3	yacimiento/2014_04/Perera_3_Cueva_Iglesias_1.jpg
22	f	t	f	1985	3	yacimiento/2014_04/Perera_4_Cueva_Iglesias_1.jpg
23	f	t	f	1985	3	yacimiento/2014_04/Perera_5_Cueva_Iglesias_1.jpg
24	f	t	f	1985	3	yacimiento/2014_04/Perera_6_Cueva_Iglesias_1.jpg
25	f	t	f	1985	3	yacimiento/2014_04/Perera_7_Cueva_Iglesias_1.jpg
26	f	t	f	1985	3	yacimiento/2014_04/Perera_8_Cueva_Iglesias_1.jpg
27	f	t	f	1985	3	yacimiento/2014_04/Perera_9_Cueva_Iglesias_1.jpg
28	f	t	f	1985	3	yacimiento/2014_04/Perera_10_Cueva_Iglesias_1.jpg
29	f	t	f	1985	3	yacimiento/2014_04/Perera_11_Cueva_Iglesias_1.jpg
30	f	t	f	1985	3	yacimiento/2014_04/Perera_12_Cueva_Iglesias_1.jpg
31	f	t	f	1985	3	yacimiento/2014_04/Perera_13_Cueva_Iglesias_1.jpg
32	f	t	f	1985	3	yacimiento/2014_04/Perera_14_Cueva_Iglesias.jpg
33	f	t	f	1985	3	yacimiento/2014_04/Perera_15_Cueva_Iglesias.jpg
34	f	t	f	1992	4	yacimiento/2014_05/50_Cueva_Sususde_Inava.jpg
35	f	t	f	1992	4	yacimiento/2014_05/50__Cueva_Susude_Inava_-detalle_1-.jpg
36	f	t	f	1992	4	yacimiento/2014_05/50_Cueva_Susude_Inava_-detalle_2-.jpg
37	f	t	f	1992	4	
38	f	t	f	1992	4	
39	f	t	f	1992	4	
40	f	t	f	1992	4	
41	f	t	f	1992	4	
42	f	t	f	1992	4	
43	f	t	f	1992	4	
44	f	t	f	1992	4	
45	f	t	f	1970	5	yacimiento/2014_05/Anexo_2_-_La_piedra_del_Elefante.jpg
46	f	t	f	1992	5	yacimiento/2014_05/Anexo_18-_3_cueva_del_elefante_-_sur_de_pto_ordaz_1.jpg
47	f	t	f	1992	5	yacimiento/2014_05/Anexo_19_-3_Cueva_del_elefante_-sur_de_pto_ordaz_2.jpg
48	f	t	f	1992	5	yacimiento/2014_05/Anexo_20-_3_Cueva_del_elefante_-sur_de_pto_ordaz_3.jpg
49	f	t	f	1992	5	yacimiento/2014_05/Anexo_21-_3_Cueva_del_elefante_-sur_de_pto_ordaz_4.jpg
50	f	t	f	1992	5	yacimiento/2014_05/Anexo_22_-_3_Cueva_del_elefante_-sur_de_pto_ordaz_5.jpg
51	f	t	f	1992	5	yacimiento/2014_05/Anexo_23-_3_Cueva_del_elefante_-sur_de_pto_ordaz_6.jpg
52	f	t	f	1992	5	yacimiento/2014_05/Anexo_24_-_3_Cueva_del_elefante_-sur_de_pto_ordaz_7.jpg
53	f	t	f	1992	5	yacimiento/2014_05/Anexo_25_-3_Cueva_del_elefante_-sur_de_pto_ordaz_8.jpg
54	f	t	f	1992	5	yacimiento/2014_05/Anexo_26_-3_Cueva_del_elefante_-sur_de_pto_ordaz_9.jpg
55	f	t	f	1992	5	yacimiento/2014_05/Anexo_27-_3_Cueva_del_elefante_-sur_de_pto_ordaz_121.jpg
56	f	t	f	1992	6	yacimiento/2014_05/Planta_vistas_y_corte-_Cueva_Cao_Ore_edo_Bolvar.jpg
57	f	t	f	1992	6	yacimiento/2014_05/444_Cueva_Cao_Ore.jpg
58	f	t	f	1992	6	yacimiento/2014_05/444_Cueva_Cao_Ore2.jpg
59	f	t	f	2001	7	yacimiento/2014_05/Geoglifo_-_Chirgua_-.jpg
60	f	t	f	2006	7	yacimiento/2014_05/GEOGLIFO-Chirgua_estado_carabobo_foto_Victor_Hernndez.jpg
61	f	t	f	13 / 9 / 2007	7	yacimiento/2014_05/Geoglifo_-_Chirgua_-__Gustavo_Prez_13_sept_2007.jpg
62	f	t	f	13 / 9 / 2007	7	yacimiento/2014_05/Geoglifo_2-_Chirgua_-__Gustavo_Prez__13_septriembre_2007.jpg
\.


--
-- Name: anarapp_fotografiayac_id_seq; Type: SEQUENCE SET; Schema: public; Owner: postgres
--

SELECT pg_catalog.setval('anarapp_fotografiayac_id_seq', 63, true);


--
-- Data for Name: anarapp_fotopiedra; Type: TABLE DATA; Schema: public; Owner: postgres
--

COPY anarapp_fotopiedra (foto_ptr_id, piedra_id) FROM stdin;
\.


--
-- Data for Name: anarapp_hidrologiayacimiento; Type: TABLE DATA; Schema: public; Owner: postgres
--

COPY anarapp_hidrologiayacimiento (id, rio, laguna, arroyo, "arroyoPerenne", manantial, "manantialIntermitente", otros, nombre, distancia, observaciones, yacimiento_id) FROM stdin;
2	t	f	f	f	f	f		Ro Parguaza	1.5 horas  Caminando desde  la orilla derecha  del  Bajo Parguaza		3
3	f	f	f	f	f	f	Quebrada que contonea la base del cerro, alrededor del bosquecito				4
4	f	f	f	f	f	f	Pequeo curso de agua que  corre en las vecindades, entre el bosque de galera 			Desde la cara oeste del promontorio, a la lejana se ve el ro Caron	5
5	t	f	f	f	f	f				Prximo al ro o Cao Ore	6
\.


--
-- Name: anarapp_hidrologiayacimiento_id_seq; Type: SEQUENCE SET; Schema: public; Owner: postgres
--

SELECT pg_catalog.setval('anarapp_hidrologiayacimiento_id_seq', 5, true);


--
-- Data for Name: anarapp_indicaciones; Type: TABLE DATA; Schema: public; Owner: postgres
--

COPY anarapp_indicaciones (id, direcciones, "puntoDatum", yacimiento_id) FROM stdin;
2	Orilla derecha del bajo Parguaza. Noreste de Tierra Blanca, cerca de 1,5 horas caminando desde el ro.	7kms al SES  del Fundo El Carmen	3
3	Cerca de Puerto Paez, aguas abajo por el ro Orinoco, subiendo por el ro Parguaza , a escasa distancia del cementerio Piaroa de El Carmen		4
4	Terrenos de la hacienda Cantarranas, 90 kms al Sur de Puerto Ordaz, sobre la carretera Guri-Ciudad Bolvar.     	Hacienda Cantarranas. La entrada a la cueva se abre sobre una explanada situada sobre la cara oeste del promontorio, desde all se ve en la lejana el ro Caron	5
5		A 10 km al norte de la Cueva Cementerio Piaroa de El Carmen	6
6	Localizado a 60 al Noreste del patio de la Hacienda Cariaprima, y a 45 al Sureste del Pico del Cerro de Paja.		7
\.


--
-- Name: anarapp_indicaciones_id_seq; Type: SEQUENCE SET; Schema: public; Owner: postgres
--

SELECT pg_catalog.setval('anarapp_indicaciones_id_seq', 6, true);


--
-- Data for Name: anarapp_intensidaddestruccionyac; Type: TABLE DATA; Schema: public; Owner: postgres
--

COPY anarapp_intensidaddestruccionyac (id, yacimiento_id, "esDeTiempo", "esInmediato", "unAno", "dosAno", "tresAno", "cuatroAno", "cincoAno", mas, observaciones) FROM stdin;
1	3	t	t	f	f	f	f	f		
2	5	f	t	f	f	f	f	f		
\.


--
-- Name: anarapp_intensidaddestruccionyac_id_seq; Type: SEQUENCE SET; Schema: public; Owner: postgres
--

SELECT pg_catalog.setval('anarapp_intensidaddestruccionyac_id_seq', 2, true);


--
-- Data for Name: anarapp_llenadopiedra; Type: TABLE DATA; Schema: public; Owner: postgres
--

COPY anarapp_llenadopiedra (llenadopor_ptr_id, piedra_id, "nombreP", "fechaP") FROM stdin;
\.


--
-- Data for Name: anarapp_llenadopor; Type: TABLE DATA; Schema: public; Owner: postgres
--

COPY anarapp_llenadopor (id) FROM stdin;
1
2
3
4
5
6
\.


--
-- Name: anarapp_llenadopor_id_seq; Type: SEQUENCE SET; Schema: public; Owner: postgres
--

SELECT pg_catalog.setval('anarapp_llenadopor_id_seq', 6, true);


--
-- Data for Name: anarapp_llenadoyac; Type: TABLE DATA; Schema: public; Owner: postgres
--

COPY anarapp_llenadoyac (llenadopor_ptr_id, yacimiento_id, "nombreY", "fechaY") FROM stdin;
1	4		\N
2	4		\N
3	5		\N
4	5		\N
5	6		\N
6	7		\N
\.


--
-- Data for Name: anarapp_localidadyacimiento; Type: TABLE DATA; Schema: public; Owner: postgres
--

COPY anarapp_localidadyacimiento (id, "esCentroPoblado", "esUrbano", "esRural", "esIndigena", "nombrePoblado", "esCentroNoPoblado", "nombreNoPoblado", yacimiento_id) FROM stdin;
2	f	f	f	t	Piedras Blancas 	t		3
3	f	f	f	f		t		4
4	f	f	f	f		t	Hacienda   Cantarranas    (segn Rafael Delgado es Matarranas)	5
5	f	f	f	f		t		6
\.


--
-- Name: anarapp_localidadyacimiento_id_seq; Type: SEQUENCE SET; Schema: public; Owner: postgres
--

SELECT pg_catalog.setval('anarapp_localidadyacimiento_id_seq', 5, true);


--
-- Data for Name: anarapp_manifestaciones; Type: TABLE DATA; Schema: public; Owner: postgres
--

COPY anarapp_manifestaciones (id, piedra_id, "tienePetroglifo", "tienePinturaRupestre", "tieneAmoladores", "tienePuntosAcoplados", "tieneCupulas") FROM stdin;
\.


--
-- Name: anarapp_manifestaciones_id_seq; Type: SEQUENCE SET; Schema: public; Owner: postgres
--

SELECT pg_catalog.setval('anarapp_manifestaciones_id_seq', 1, false);


--
-- Data for Name: anarapp_manifestacionesasociadas; Type: TABLE DATA; Schema: public; Owner: postgres
--

COPY anarapp_manifestacionesasociadas (id, "esLitica", "descripcionLitica", "esCeramica", "descripcionCeramica", "esOseo", "descripcionOseo", "esConcha", "descripcionConcha", "esCarbon", "descripcionCarbon", "esMito", "descripcionMito", "esCementerio", "descripcionCementerio", "esMonticulo", "descripcionMonticulo", otros, yacimiento_id) FROM stdin;
\.


--
-- Name: anarapp_manifestacionesasociadas_id_seq; Type: SEQUENCE SET; Schema: public; Owner: postgres
--

SELECT pg_catalog.setval('anarapp_manifestacionesasociadas_id_seq', 1, false);


--
-- Data for Name: anarapp_manifestacionescarbon; Type: TABLE DATA; Schema: public; Owner: postgres
--

COPY anarapp_manifestacionescarbon (id, yacimiento_id, "esCarbon", "descripcionCarbon") FROM stdin;
1	5	t	
\.


--
-- Name: anarapp_manifestacionescarbon_id_seq; Type: SEQUENCE SET; Schema: public; Owner: postgres
--

SELECT pg_catalog.setval('anarapp_manifestacionescarbon_id_seq', 1, true);


--
-- Data for Name: anarapp_manifestacionescementerio; Type: TABLE DATA; Schema: public; Owner: postgres
--

COPY anarapp_manifestacionescementerio (id, yacimiento_id, "esCementerio", "descripcionCementerio") FROM stdin;
1	3	t	La cueva fue usada previamente por los Mapoyo, como  cueva cementerio, pero todava hoy es usada por los Piaroa, para entierros de personas especiales de la comunidad.    
2	4	t	En una cornisa , existe un CACURE o FARDO MORTUORIO Piaroa..         Para Miguel Perera, las Pinturas son de los Mapoyo
3	6	f	En la cavidad existen 6 Cacures o Fardos mortuorios indgenas
\.


--
-- Name: anarapp_manifestacionescementerio_id_seq; Type: SEQUENCE SET; Schema: public; Owner: postgres
--

SELECT pg_catalog.setval('anarapp_manifestacionescementerio_id_seq', 3, true);


--
-- Data for Name: anarapp_manifestacionesceramica; Type: TABLE DATA; Schema: public; Owner: postgres
--

COPY anarapp_manifestacionesceramica (id, yacimiento_id, "esCeramica", "descripcionCeramica") FROM stdin;
1	3	t	Solo tiestos modernos,  que estn asociados a los entierros
2	4	t	Material cermico encontrado en la cavidad (varios tiestos de panza) es predominantemente Saladoide, Barrancoide y ms tardo.
3	5	t	La  cermica de la Cueva de El Elefante, presenta una relativa diversidad  de tipos que permiten plantear la  relacin de algunos de los posibles grupos aborgenes prehispnicos que habitaron el sitio, con las principales tradiciones cermicas que se desarrollaron en el Medio y Bajo Orinoco.                                                                                                             Por una parte, se han hallado tiestos decorados con incisin ancha y pintura roja en zonas, as como tambin bordes llamados de pestaa, los cules son caractersticos de la tradicin barrancoide del Medio y Bajo Orinoco.                                                                                                          Esta tradicin cermica aparece en dicha zona en los inicios del 1er milenio A.C. (Rouse y Cruxent, 1963) y se prolonga hasta los siglos XVI y XV de nuestra era. Otra parte de material cermico tiene como caractersticas la inclusin de espculas de esponjas de agua dulce, en la arcilla utilizada para fabricar las vasijas.                                                       Este elemento orgnico, al igual que la arena y la piedra molida, era utilizado por los aborgenes del Orinoco. Segn   Rouse y Cruxent, 1963, este elemento habra sido introducido en la regin del Bajo Orinoco, por los portadores de la tradicin arauquinoide, que aparece tardamente en la regin.      
4	6	t	Tiestos prehispnicos y modernos, reportados por Tarble y Scaramelli.  (1993b)
\.


--
-- Name: anarapp_manifestacionesceramica_id_seq; Type: SEQUENCE SET; Schema: public; Owner: postgres
--

SELECT pg_catalog.setval('anarapp_manifestacionesceramica_id_seq', 4, true);


--
-- Data for Name: anarapp_manifestacionesconcha; Type: TABLE DATA; Schema: public; Owner: postgres
--

COPY anarapp_manifestacionesconcha (id, yacimiento_id, "esConcha", "descripcionConcha") FROM stdin;
\.


--
-- Name: anarapp_manifestacionesconcha_id_seq; Type: SEQUENCE SET; Schema: public; Owner: postgres
--

SELECT pg_catalog.setval('anarapp_manifestacionesconcha_id_seq', 1, false);


--
-- Data for Name: anarapp_manifestacioneslitica; Type: TABLE DATA; Schema: public; Owner: postgres
--

COPY anarapp_manifestacioneslitica (id, yacimiento_id, "esLitica", "descripcionLitica") FROM stdin;
1	3	t	Pequeas bateas de molienda y cantos rodados, estn presentes a lo largo del lecho de la roca
2	4	t	Astillas de cuarzo y piso de piedra
3	5	t	En la mayora de los cortes excavados, principalmente en el nivel 1 (0-20 cms de profundidad), se hall una cantidad relativamente grande de fragmentos lticos, algunos tienen indicios de haber sido trabajados intencionalmente.                                                                                                      La mayora son artefactos bifaciales sobre lascas, lascas primarias, cantos rodados utilizados para diversos fines, ncleos, fragmentos de vasijas de piedra y rocas naturales. La mayora de los artefactos bifaciales parecen haber sido fabricados empleando como materia prima diversas variedades de cuarzo, al igual que lascas primarias, emplendose para los otros artefactos posiblemente gneis o arenisca.\r\nLa tcnica utilizada para obtener las lascas fue la percusin  lanzada con percutor.                                                                                                                 La cara externa de las lascas trabajadas, la opuesta a la superficie de astillamiento, presenta una serie de facetas y crestas debido al retoque secundario de las superficie mediante percusin, destinado posiblemente a obtener el filo en bisel, robusto, muy cortante, que presentan todas las lascas.\r\nPercutores y Vasijas de Piedra- Algunos cantos rodados fueron excavados en los diversos cortes del abrigo. Varias reas de la superficie de los mismos presentan vestigios de abrasin o astillamiento  producidos por su utilizacin como manos de moler o martillos. Se excavaron tambin fragmentos de vasijas lticas o metates. Que quiz sirvieron de apoyo a los artefactos mencionados\r\n
4	6	t	
\.


--
-- Name: anarapp_manifestacioneslitica_id_seq; Type: SEQUENCE SET; Schema: public; Owner: postgres
--

SELECT pg_catalog.setval('anarapp_manifestacioneslitica_id_seq', 4, true);


--
-- Data for Name: anarapp_manifestacionesmito; Type: TABLE DATA; Schema: public; Owner: postgres
--

COPY anarapp_manifestacionesmito (id, yacimiento_id, "esMito", "descripcionMito") FROM stdin;
1	3	t	Segn las versiones destacan que las pinturas rupestres de las cavidades de toda la regin del Parquaza, fueron hechas en el tiempo mtico de la Creacin Wothuha (Piaroa), por uno de sus antepasados sagrados. En la identificacin de este personaje, se indicaron en diferentes lugares (tierras blancas y Pendare) dos posibles autores, ambos personajes  mticos femeninos de suma importancia en la mitologa Wothuha.       \r\n                                                                                                        \r\nSegn una de las versiones , las pinturas rupestres fueron hechas por CHEJERU, diosa de la fecundidad, hermana y mujer de Wahari, el hroe cultural por excelencia de los Wothuha.\r\n\r\nLa otra dice que fueron realizadas por CUAHUA YAMUATTU HUURAJU, esposa del hroe cultural  Warahi e hija de Kuemoi, la serpiente, el canibal , el donador de cultura.\r\n\r\nEn cualquiera de las versiones , los comentarios fueron muy uniformes en cuanto al relato mtico que justifica la presencia de las pinturas.\r\n\r\nTanto en Pendare como en Tierras Blancas; la esposa de Wahari, de extraordinaria belleza , enloqueci de pasin por otros hombres e hizo que ellos se sintieran atrados por ella , lo que motiv que Wahari, defraudado y  molesto, la expulsara del territorio Wothuha.  Cuahua (o Chejeru) alejndose adolorida por el destierro se fue de cueva en cueva (no solo las del Parguaza, sino todas las del Orinoco medio )  pintando las figuras que ahora se observan, sin utilizar pintura ni instrumento alguno. \r\n\r\nLos motivos aparecan sobre la roca con la presencia solitaria de ella en la cavidad y las figuras tomaban forma en funcin del pensamiento, el llanto y los cantos de la mujer afligida y atormentada.\r\n\r\nEste acontecimiento, antes del cual solo existan seres sagrados (Wahari; Buoka, Kuemoi...), sucedi al principio del tiempo mtico Wothuha, y las figuras que se plasmaron en las paredes rocosas del mundo subterrneo, seran las cosas y Seres que la mujer imaginaba y que en adelante existiran : venados, cahicamos, serpientes, hombres,nartefactos diversos, el sol..\r\n\r\nEn esta labor creativa Cuahua (o Chejeru)  recorri numerosos caos, muchos en direccin al Alto Orinoco, donde termin convirtindose en piedra; (segn uno de los chamanes Wothuha del Parguaza, las figuras cruciformes  con 3 o + brazos verticales, hacen referencia al "mapa" de trayectoria recorrida por Cuahua o Chejeru durante su destierro.  \r\n\r\nEn Tierras Blancas los Wothuhas explican el acontecimiento  de su fin como piedra , por la presencia de hoyuelos lticos (cpulas y/o puntos acoplados) que frecuentemente se encuentran en el interior de las cavidades.\r\n
\.


--
-- Name: anarapp_manifestacionesmito_id_seq; Type: SEQUENCE SET; Schema: public; Owner: postgres
--

SELECT pg_catalog.setval('anarapp_manifestacionesmito_id_seq', 1, true);


--
-- Data for Name: anarapp_manifestacionesmonticulo; Type: TABLE DATA; Schema: public; Owner: postgres
--

COPY anarapp_manifestacionesmonticulo (id, yacimiento_id, "esMonticulo", "descripcionMonticulo") FROM stdin;
\.


--
-- Name: anarapp_manifestacionesmonticulo_id_seq; Type: SEQUENCE SET; Schema: public; Owner: postgres
--

SELECT pg_catalog.setval('anarapp_manifestacionesmonticulo_id_seq', 1, false);


--
-- Data for Name: anarapp_manifestacionesoseo; Type: TABLE DATA; Schema: public; Owner: postgres
--

COPY anarapp_manifestacionesoseo (id, yacimiento_id, "esOseo", "descripcionOseo") FROM stdin;
1	3	t	Algunos restos seos estn pintados en color rojo, particularmente sobre el hueso frontal de varios crneos, con el mismo tipo de pintura de las paredes (Perera 1986a) igualmente refiere, que esta cueva cementerio de los Mapoyo, contiene restos  de ms de 100 esqueletos antiguos,  que se encuentran en la parte central del abrigo 
2	5	t	
3	6	t	Restos seos individuales yacen dispersos en una grieta entre bloques
\.


--
-- Name: anarapp_manifestacionesoseo_id_seq; Type: SEQUENCE SET; Schema: public; Owner: postgres
--

SELECT pg_catalog.setval('anarapp_manifestacionesoseo_id_seq', 3, true);


--
-- Data for Name: anarapp_manifestacionesotros; Type: TABLE DATA; Schema: public; Owner: postgres
--

COPY anarapp_manifestacionesotros (id, yacimiento_id, otros) FROM stdin;
1	3	* Se encuentra tambin en la cueva un moderno atad de madera  (+ o  de 1990), dicen que es de un importante shaman..                                                             * Tambin se encuentran calabacitas, nylon, tela y algunas cestitas.\r\n\r\n A pesar de la profunda alteracin sociocultural que genera la actividad minera, comercial, evanglica y turstica de la zona, los habitantes criollos e indgenas del sector , en particular los Wothuha (Piaroa) no han abandonado sus costumbres y tradiciones, y disponen de viejas leyendas, "cuentos" y mitos que permiten contextualizar etnogrficamente las numerosas Manifestaciones Rupestres de la regin.                                                                          \r\n\r\nLa poblacin de la criolla (en gran parte descendientyes de indgenas <<Wanai>> en una, dos o ms generaciones), relata generalmente con cierto misterio, que destacan la existencia de distintos  fenmenos sobrenaturales , vinculados a los ros, piedras, cuevas y Manifestaciones Rupestres del sector.\r\n\r\nSe comenta con relativa frecuencia, que en los alrededores de las cavidades, sobretodo las que contienen pinturas rupestres y osarios, pueden orse ocasionalmente cantos misteriosos, flautas de sonido bajo y golpeteos de tambor, que segn informantes mestizos  Wothuha-Wanai,, son el sonido encantado de nimas indgenas que an continan haciendo fiestas en las cuevas, como solan hacer antes.\r\n\r\nEstas leyendas de gran divulgacin en la poblacin criolla, han sido parte de  la tradicin oral de la regin desde pocas anteriores al contacto, y los elementos de estos relatos han sido vinculados a las imgenes rupestres, cuya presencia  generalmente, proporciona al "cuento" un mayor grado de misterio.\r\n\r\nLa antigedad de estas leyendas y el papel de las imgenes rupestres en la tradicin oral, puede ejemplificarse en el relato de POECK, quien en 1684 seala: . "....Contronme otros indios que no lejos del origen y nacimiento del Orinoco, a tres das de camino, el mismo ro forma una isla, en la que sobresale una roca que tiene esculpida, o mejor, colocada encima, con arte maravilloso cierta capilla; en ella se puede apreciar un altar muy semejante al mo de Cusia, que hice fabricar en mi iglesia, y que en sus paredes de piedra aparecen estatuas o figuras medias de hombres, cinceladas de piedra igual, y dizque oyen de vez en cuando en los aires, cantos suavisimos; pero que los indios que viven all, no se atreven a acercarse, bien por reverencia o bien por temor.". 
2	4	En la roca basal existen BATEAS excavadas en la roca, Segn los muchachos que acompaaron a la cueva, estas BATEAS fueron hechas por los brujos (Shamanes) para preparar el yopo qu se utiliza en las ceremonias mortuorias.
3	5	Adornos                                                                                                                               Se hallaron 2 pendientes o cuentas de collar.Uno de ellos fue elaborado aprovechando la forma natural de un pequeo guijarro, modificndola mediante abrasin. Otro de los adornos es de azabache, Se trata de una cuenta o pendiente de forma aprox semi-circular, perforada en la parte media, La cara plana presenta 3 incisiones paralelas transvesales
4	6	Pequeos artefactos de molienda se encuentran en el lecho de la roca, tambin se encuentran algunas piedras.
\.


--
-- Name: anarapp_manifestacionesotros_id_seq; Type: SEQUENCE SET; Schema: public; Owner: postgres
--

SELECT pg_catalog.setval('anarapp_manifestacionesotros_id_seq', 4, true);


--
-- Data for Name: anarapp_manifestacionyacimiento; Type: TABLE DATA; Schema: public; Owner: postgres
--

COPY anarapp_manifestacionyacimiento (id, yacimiento_id, "esGeoglifo", "esPintura", "esPetroglifo", "esPetroglifoPintado", "esMicroPetroglifo", "esPiedraMiticaNatural", "esCerroMiticoNatural", "esCerroConPetroglifo", "esCerroConPintura", "esCerroConDolmen", "esMonumentosMegaliticos", "esMonolitos", "esMonolitoConGrabados", "esMenhires", "esMenhiresConPuntos", "esMenhiresConPetroglifo", "esMenhiresConPintura", "esAmolador", "esBatea", "esPuntosAcoplados", "esCupulas", "esMortero") FROM stdin;
1	3	f	t	f	f	f	f	f	f	f	f	f	f	f	f	f	f	f	f	f	f	f	f
2	4	f	t	f	f	f	f	f	f	f	f	f	f	f	f	f	f	f	f	f	f	f	f
3	5	f	t	f	f	f	f	f	f	f	f	f	f	f	f	f	f	f	f	f	f	f	f
4	6	f	t	f	f	f	f	f	f	f	f	f	f	f	f	f	f	f	f	f	f	f	f
5	7	t	f	f	f	f	f	f	f	f	f	f	f	f	f	f	f	f	f	f	f	f	f
\.


--
-- Name: anarapp_manifestacionyacimiento_id_seq; Type: SEQUENCE SET; Schema: public; Owner: postgres
--

SELECT pg_catalog.setval('anarapp_manifestacionyacimiento_id_seq', 5, true);


--
-- Data for Name: anarapp_mataudiovisual; Type: TABLE DATA; Schema: public; Owner: postgres
--

COPY anarapp_mataudiovisual (id) FROM stdin;
\.


--
-- Name: anarapp_mataudiovisual_id_seq; Type: SEQUENCE SET; Schema: public; Owner: postgres
--

SELECT pg_catalog.setval('anarapp_mataudiovisual_id_seq', 1, false);


--
-- Data for Name: anarapp_matavpiedra; Type: TABLE DATA; Schema: public; Owner: postgres
--

COPY anarapp_matavpiedra (mataudiovisual_ptr_id, piedra_id, ismatavy, format, archive) FROM stdin;
\.


--
-- Data for Name: anarapp_matavyacimiento; Type: TABLE DATA; Schema: public; Owner: postgres
--

COPY anarapp_matavyacimiento (mataudiovisual_ptr_id, yacimiento_id, ismatavy, format, archive) FROM stdin;
\.


--
-- Data for Name: anarapp_materialyacimiento; Type: TABLE DATA; Schema: public; Owner: postgres
--

COPY anarapp_materialyacimiento (id, "esRoca", "esIgnea", "esMetamor", "esSedimentaria", tipo, "esTierra", "esHueso", "esCorteza", "esPiel", otros, yacimiento_id) FROM stdin;
1	t	t	f	f		f	f	f	f		3
2	t	t	f	f		f	f	f	f		4
3	t	t	f	f	Se halla sobre roca cnica	f	f	f	f		5
4	t	f	f	f	Granito	f	f	f	f		6
5	f	f	f	f		t	f	f	f		7
\.


--
-- Name: anarapp_materialyacimiento_id_seq; Type: SEQUENCE SET; Schema: public; Owner: postgres
--

SELECT pg_catalog.setval('anarapp_materialyacimiento_id_seq', 5, true);


--
-- Data for Name: anarapp_multimedia; Type: TABLE DATA; Schema: public; Owner: postgres
--

COPY anarapp_multimedia (id) FROM stdin;
\.


--
-- Name: anarapp_multimedia_id_seq; Type: SEQUENCE SET; Schema: public; Owner: postgres
--

SELECT pg_catalog.setval('anarapp_multimedia_id_seq', 1, false);


--
-- Data for Name: anarapp_multimediapiedra; Type: TABLE DATA; Schema: public; Owner: postgres
--

COPY anarapp_multimediapiedra (multimedia_ptr_id, piedra_id, ismult, "tecnicaP", "archivoP") FROM stdin;
\.


--
-- Data for Name: anarapp_multimediayac; Type: TABLE DATA; Schema: public; Owner: postgres
--

COPY anarapp_multimediayac (multimedia_ptr_id, yacimiento_id, ismult, "tecnicaY", "archivoY") FROM stdin;
\.


--
-- Data for Name: anarapp_municipio; Type: TABLE DATA; Schema: public; Owner: postgres
--

COPY anarapp_municipio (id, nombre, estado_id, activo) FROM stdin;
2	Atabapo	1	1
3	Atures	1	1
4	Autana	1	1
5	Manapiare	1	1
6	Maroa	1	1
7	Ro Negro	1	1
8	Anaco	2	1
9	Aragua	2	1
11	Fernando de Pealver	2	1
12	Francisco de Carmen Carvajal	2	1
13	Francisco de Miranda	2	1
14	Guanta	2	1
15	Independencia	2	1
16	Jos Gregorio Monagas	2	1
17	Juan Antonio Sotillo	2	1
18	Juan Manuel Cajigal	2	1
19	Libertad	2	1
20	Manuel Ezequiel Bruzual	2	1
21	Pedro Mara Freites	2	1
22	Pritu	2	1
23	San Jos de Guanipa	2	1
24	San Juan de Capistrano	2	1
25	Santa Ana	2	1
26	Simn Bolvar	2	1
28	Sir Artur Mcgregor	2	1
29	Achaguas	3	1
30	Biruaca	3	1
31	Muoz	3	1
32	Pez	3	1
33	Pedro Camejo	3	1
34	Rmulo Gallegos	3	1
35	San Fernando	3	1
36	Bolvar	4	1
37	Camatagua	4	1
39	Girardot	4	1
40	Jos ngel Lamas	4	1
41	Jos Flix Ribas	4	1
42	Jos Rafael Revenga	4	1
43	Libertador	4	1
44	Mario Briceo Iragorry	4	1
45	Ocumare de la Costa de Oro	4	1
46	San Casimiro	4	1
47	San Sebastin	4	1
48	Santiago Mario	4	1
49	Santos Michelena	4	1
50	Sucre	4	1
51	Tovar	4	1
52	Urdaneta	4	1
53	Zamora	4	1
54	Alberto Arvelo Torrealba	5	1
55	Andrs Eloy Blanco	5	1
56	Antonio Jos de Sucre	5	1
57	Arismendi	5	1
58	Barinas	5	1
59	Bolvar	5	1
60	Cruz Paredes	5	1
61	Ezequiel Zamora	5	1
62	Obispos	5	1
63	Pedraza	5	1
64	Rojas	5	1
65	Sosa	5	1
66	Caron	6	1
67	Cedeo	6	1
68	El Callao	6	1
69	Gran Sabana	6	1
70	Heres	6	1
71	Padre Pedro Chien	6	1
72	Piar	6	1
73	Ral Leoni	6	1
74	Roscio	6	1
75	Sifontes	6	1
76	Sucre	6	1
77	Bejuma	7	1
78	Carlos Arvelo	7	1
79	Diego Ibarra	7	1
80	Guacara	7	1
81	Juan Jos Mora	7	1
82	Libertador	7	1
83	Los Guayos	7	1
84	Miranda	7	1
85	Montalbn	7	1
86	Naguanagua	7	1
87	Puerto Cabello	7	1
88	San Diego	7	1
89	San Joaqun	7	1
90	Valencia	7	1
91	Anzotegui	8	1
92	El Pao de San Juan Bautista	8	1
93	Falcn	8	1
94	Girardot	8	1
95	Lima Blanco	8	1
96	Ricaurte	8	1
97	Rmulo Gallegos	8	1
98	San Carlos de Austria	8	1
99	Tinaco	8	1
100	Antonio Daz	9	1
101	Casacoima	9	1
102	Pedernales	9	1
103	Tucupita	9	1
104	Acosta	10	1
105	Bolvar	10	1
106	Buchivacoa	10	1
107	Cacique Manaure	10	1
108	Carirubana	10	1
109	Colina	10	1
110	Dabajuro	10	1
111	Democracia	10	1
112	Falcn	10	1
113	Federacin	10	1
114	Jacura	10	1
115	Los Taques	10	1
116	Mauroa	10	1
117	Miranda	10	1
118	Monseor Iturriza	10	1
119	Palmasola	10	1
120	Petit	10	1
121	Pritu	10	1
122	San Francisco	10	1
123	Silva	10	1
124	Sucre	10	1
125	Tocpero	10	1
126	Unin	10	1
127	Urumaco	10	1
128	Zamora	10	1
129	Camagun	11	1
130	Chaguaramas	11	1
131	El Socorro	11	1
132	Francisco de Miranda	11	1
134	Jos Tadeo Monagas	11	1
135	Juan Germn Roscio	11	1
136	Julin Mellado	11	1
137	Las Mercedes	11	1
138	Leonardo Infante	11	1
139	Ortiz	11	1
140	Pedro Zaraza	11	1
141	San Gernimo de Guayabal	11	1
142	San Jos de Guaribe	11	1
143	Santa Mara de Ipire	11	1
144	Andrs Eloy Blanco	12	1
145	Crespo	12	1
146	Iribarren	12	1
147	Jimnez	12	1
148	Morn	12	1
149	Palavecino	12	1
150	Simn Planas	12	1
151	Torres	12	1
152	Urdaneta	12	1
153	Alberto Adriani	13	1
154	Andrs Bello	13	1
155	Antonio Pinto Salinas	13	1
156	Aricagua	13	1
157	Arzobispo chacn	13	1
158	Campo Elas	13	1
159	Caracciolo Parra Olmedo	13	1
160	Cardenal Quintero	13	1
161	Guaraque	13	1
162	Julio Csar Salas	13	1
164	Libertador	13	1
165	Miranda	13	1
166	Obispo Ramos de Lora	13	1
167	Padre Noguera	13	1
168	Pueblo Llano	13	1
169	Rangel	13	1
170	Rivas Dvila	13	1
171	Santos Marquina	13	1
172	Sucre	13	1
173	Tovar	13	1
174	Tulio Febres Cordero	13	1
175	Zea	13	1
176	Acevedo	14	1
177	Andrs Bello	14	1
178	Baruta	14	1
179	Brin	14	1
181	Carrizal	14	1
182	Chacao	14	1
183	Cristbal Rojas	14	1
184	El Hatillo	14	1
185	Guaicaipuro	14	1
186	Independencia	14	1
187	Lander	14	1
188	Los Salias	14	1
189	Pez	14	1
190	Paz Castillo	14	1
191	Pedro Gual	14	1
192	Plaza	14	1
194	Sucre	14	1
195	Urdaneta	14	1
196	Zamora	14	1
197	Acosta	15	1
198	Aguasay	15	1
199	Bolvar	15	1
200	Caripe	15	1
201	Cedeo	15	1
202	Ezequiel Zamora	15	1
203	Libertador	15	1
204	Maturn	15	1
205	Piar	15	1
206	Punceres	15	1
207	Santa Brbara	15	1
208	Sotillo	15	1
209	Uracoa	15	1
211	Arismendi	16	1
212	Daz	16	1
213	Garca	16	1
214	Gmez	16	1
215	Maneiro	16	1
216	Marcano	16	1
217	Mario	16	1
218	Pennsula de Macanao	16	1
219	Tubores	16	1
220	Villalba	16	1
221	Agua Blanca	17	1
222	Araure	17	1
223	Esteller	17	1
224	Guanare	17	1
225	Guanarito	17	1
226	Monseor Jos Vicente de Unda	17	1
227	Ospino	17	1
228	Pez	17	1
229	Papeln	17	1
230	San Genaro de Boconoito	17	1
231	San Rafael de Onoto	17	1
232	Santa Rosala	17	1
233	Sucre	17	1
234	Turn	17	1
235	Andrs Eloy Blanco	18	1
236	Andrs Mata	18	1
237	Arismendi	18	1
238	Bentez	18	1
239	Bermdez	18	1
240	Bolvar	18	1
241	Cajigal	18	1
242	Cruz Salmern Acosta	18	1
243	Libertador	18	1
244	Mario	18	1
245	Meja	18	1
246	Montes	18	1
247	Ribero	18	1
248	Sucre	18	1
249	Valdez	18	1
250	Andrs Bello	19	1
251	Antonio Rmulo Costa	19	1
252	Ayacucho	19	1
253	Bolvar	19	1
254	Crdenas	19	1
255	Crdoba	19	1
256	Fernndez Feo	19	1
257	Francisco de Miranda	19	1
258	Garca de Hevia	19	1
259	Guasimos	19	1
260	Independencia	19	1
261	Juregui	19	1
262	Jose Mara Vargas	19	1
263	Junn	19	1
264	Libertad	19	1
265	Libertador	19	1
266	Lobatera	19	1
267	Michelena	19	1
1	Alto Orinoco	1	1
10	Diego Bautista Urbaneja	2	1
27	Simn Rodrguez	2	1
38	Francisco Linares Alcntara	4	1
133	Jos Flix Ribas	11	1
163	Justo Briceo	13	1
180	Buroz	14	1
193	Simn Bolvar	14	1
210	Antoln del Campo	16	1
268	Panamericano	19	1
269	Pedro Mara Urea	19	1
270	Rafael Urdaneta	19	1
271	Samuel Daro Maldonado	19	1
272	San Cristbal	19	1
273	San Judas Tadeo	19	1
274	Seboruco	19	1
275	Simn Rodrguez	19	1
276	Sucre	19	1
277	Torbes	19	1
278	Uribante	19	1
279	Andrs Bello	20	1
280	Bocon	20	1
281	Bolvar	20	1
282	Candelaria	20	1
283	Carache	20	1
284	Escuque	20	1
285	Jos Felipe Mrquez Caizales	20	1
286	Jos Vicente campo Elas	20	1
287	La Ceiba	20	1
288	miranda	20	1
289	Monte Carmelo	20	1
290	Motatn	20	1
291	Pampn	20	1
292	Pampanito	20	1
293	Rafael Rangel	20	1
294	San Rafael de Carvajal	20	1
295	Sucre	20	1
296	Trujillo	20	1
297	Urdaneta	20	1
298	Valera	20	1
299	Vargas	21	1
300	Arstides Bastidas	22	1
301	Bolvar	22	1
302	Bruzual	22	1
303	Cocorote	22	1
304	Independencia	22	1
305	Jose Antonio Pez	22	1
306	La Trinidad	22	1
307	Manuel Monge	22	1
308	Nirgua	22	1
309	Pea	22	1
310	San Felipe	22	1
311	Sucre	22	1
312	Urachiche	22	1
313	Veroes	22	1
314	Almirante Padilla	23	1
315	Baralt	23	1
316	Cabimas	23	1
317	Catatumbo	23	1
318	Coln	23	1
319	Francisco Javier Pulgar	23	1
320	Jess Enrique Lossada	23	1
321	Jess Mara Semprn	23	1
322	La Caada de Urdaneta	23	1
323	Lagunillas	23	1
324	Machiques de Perij	23	1
325	Mara	23	1
326	Maracaibo	23	1
327	Miranda	23	1
328	Pez	23	1
329	Rosario de Perij	23	1
330	San Francisco	23	1
331	Santa Rita	23	1
332	Simn Bolvar	23	1
333	Sucre	23	1
334	Valmore Rodrguez	23	1
335	Libertador	24	1
\.


--
-- Name: anarapp_municipio_id_seq; Type: SEQUENCE SET; Schema: public; Owner: postgres
--

SELECT pg_catalog.setval('anarapp_municipio_id_seq', 336, true);


--
-- Data for Name: anarapp_notasyacimiento; Type: TABLE DATA; Schema: public; Owner: postgres
--

COPY anarapp_notasyacimiento (id, yacimiento_id, notas) FROM stdin;
\.


--
-- Name: anarapp_notasyacimiento_id_seq; Type: SEQUENCE SET; Schema: public; Owner: postgres
--

SELECT pg_catalog.setval('anarapp_notasyacimiento_id_seq', 1, false);


--
-- Data for Name: anarapp_observaciones; Type: TABLE DATA; Schema: public; Owner: postgres
--

COPY anarapp_observaciones (id) FROM stdin;
1
2
3
\.


--
-- Name: anarapp_observaciones_id_seq; Type: SEQUENCE SET; Schema: public; Owner: postgres
--

SELECT pg_catalog.setval('anarapp_observaciones_id_seq', 3, true);


--
-- Data for Name: anarapp_observacionesyac; Type: TABLE DATA; Schema: public; Owner: postgres
--

COPY anarapp_observacionesyac (observaciones_ptr_id, yacimiento_id, "textoY") FROM stdin;
1	5	
2	6	
3	7	
\.


--
-- Data for Name: anarapp_observacpiedra; Type: TABLE DATA; Schema: public; Owner: postgres
--

COPY anarapp_observacpiedra (observaciones_ptr_id, piedra_id, "textoP") FROM stdin;
\.


--
-- Data for Name: anarapp_obtencioninfo; Type: TABLE DATA; Schema: public; Owner: postgres
--

COPY anarapp_obtencioninfo (id) FROM stdin;
1
2
3
\.


--
-- Name: anarapp_obtencioninfo_id_seq; Type: SEQUENCE SET; Schema: public; Owner: postgres
--

SELECT pg_catalog.setval('anarapp_obtencioninfo_id_seq', 3, true);


--
-- Data for Name: anarapp_obtinfopiedra; Type: TABLE DATA; Schema: public; Owner: postgres
--

COPY anarapp_obtinfopiedra (obtencioninfo_ptr_id, piedra_id, isinfo, "prospeccionP", "comunicacionP", "nombreP", "direccionP", "telefonoP", "telefonoCelP", "mailP", "paginaWebP", "twitterP", "nombreFacebookP", "blogP", "fechaP", "verificadoP") FROM stdin;
\.


--
-- Data for Name: anarapp_obtinfoyac; Type: TABLE DATA; Schema: public; Owner: postgres
--

COPY anarapp_obtinfoyac (obtencioninfo_ptr_id, yacimiento_id, isinfo, "prospeccionY", "comunicacionY", "nombreY", "direccionY", "telefonoY", "telefonoCelY", "mailY", "paginaWebY", "twitterY", "nombreFacebookY", "blogY", "fechaY", "verificadoY") FROM stdin;
1	4	f	f	f										\N	f
2	5	f	f	f										\N	f
3	6	f	f	f										\N	f
\.


--
-- Data for Name: anarapp_orientacionyacimiento; Type: TABLE DATA; Schema: public; Owner: postgres
--

COPY anarapp_orientacionyacimiento (id, "haciaCerro", "haciaValle", "haciaRio", "haciaCosta", "haciaCielo", otros, orientacion, yacimiento_id) FROM stdin;
1	f	t	f	f	f	Mitad del valle del ro Parguaza, al noreste  del borde del valle                                                         		3
2	f	f	f	f	f	En la base del cerro		4
3	f	t	f	f	f	Cerro El Elefante		5
4	f	t	f	f	f	Se localiza sobre la llanura basal		6
5	f	t	f	f	f			7
\.


--
-- Name: anarapp_orientacionyacimiento_id_seq; Type: SEQUENCE SET; Schema: public; Owner: postgres
--

SELECT pg_catalog.setval('anarapp_orientacionyacimiento_id_seq', 5, true);


--
-- Data for Name: anarapp_otrosvalores; Type: TABLE DATA; Schema: public; Owner: postgres
--

COPY anarapp_otrosvalores (id) FROM stdin;
1
2
\.


--
-- Name: anarapp_otrosvalores_id_seq; Type: SEQUENCE SET; Schema: public; Owner: postgres
--

SELECT pg_catalog.setval('anarapp_otrosvalores_id_seq', 2, true);


--
-- Data for Name: anarapp_otrosvalpiedra; Type: TABLE DATA; Schema: public; Owner: postgres
--

COPY anarapp_otrosvalpiedra (otrosvalores_ptr_id, piedra_id, texto) FROM stdin;
\.


--
-- Data for Name: anarapp_otrosvalyac; Type: TABLE DATA; Schema: public; Owner: postgres
--

COPY anarapp_otrosvalyac (otrosvalores_ptr_id, yacimiento_id, texto) FROM stdin;
1	6	El sitio ocupa una posicin estratgica  con relacin al relieve local y la cueva constituye un lugar de peculiar belleza.
2	7	El Estado Venezolano considerando el inmenso valor antropolgico, cultural, histrico, escnico y su carcter singular en el norte de Sur Amrica lo declaro "Bien de Inters Cultural de la Nacin" con su correspondiente rea de proteccin mediante Gaceta Oficial No. 5.299 / 29 de Enero 1999 Resolucin No. 009-98 / 06 de Noviembre 1998 del Instituto de Patrimonio Cultural, Consejo Nacional de la Cultura, Ministerio Secretaria de la Presidencia 
\.


--
-- Data for Name: anarapp_paginaweb; Type: TABLE DATA; Schema: public; Owner: postgres
--

COPY anarapp_paginaweb (id) FROM stdin;
\.


--
-- Name: anarapp_paginaweb_id_seq; Type: SEQUENCE SET; Schema: public; Owner: postgres
--

SELECT pg_catalog.setval('anarapp_paginaweb_id_seq', 1, false);


--
-- Data for Name: anarapp_paginawebpiedra; Type: TABLE DATA; Schema: public; Owner: postgres
--

COPY anarapp_paginawebpiedra (paginaweb_ptr_id, piedra_id, "tieneWb", "direccionURLP") FROM stdin;
\.


--
-- Data for Name: anarapp_paginawebyac; Type: TABLE DATA; Schema: public; Owner: postgres
--

COPY anarapp_paginawebyac (paginaweb_ptr_id, yacimiento_id, "tieneWb", "direccionURLy") FROM stdin;
\.


--
-- Data for Name: anarapp_pelicula; Type: TABLE DATA; Schema: public; Owner: postgres
--

COPY anarapp_pelicula (video_ptr_id) FROM stdin;
\.


--
-- Data for Name: anarapp_peliculapiedra; Type: TABLE DATA; Schema: public; Owner: postgres
--

COPY anarapp_peliculapiedra (pelicula_ptr_id, piedra_id, isvidyac, anioy, formatoy, tituloy, autory, instituciony, "numReferenciay", "isFromAnary", "numCopiay", archivoy) FROM stdin;
\.


--
-- Data for Name: anarapp_peliyacimiento; Type: TABLE DATA; Schema: public; Owner: postgres
--

COPY anarapp_peliyacimiento (pelicula_ptr_id, yacimiento_id, isvidyac, anioy, formatoy, tituloy, autory, instituciony, "numReferenciay", "isFromAnary", "numCopiay", archivoy) FROM stdin;
\.


--
-- Data for Name: anarapp_piedra; Type: TABLE DATA; Schema: public; Owner: postgres
--

COPY anarapp_piedra (id, yacimiento_id, codigo, nombre, "manifiestacionAsociada", "nombreFiguras", "numeroCaras", "numeroCarasTrajabadas", estado_id) FROM stdin;
\.


--
-- Name: anarapp_piedra_id_seq; Type: SEQUENCE SET; Schema: public; Owner: postgres
--

SELECT pg_catalog.setval('anarapp_piedra_id_seq', 4, true);


--
-- Data for Name: anarapp_plano; Type: TABLE DATA; Schema: public; Owner: postgres
--

COPY anarapp_plano (id, "numeroPlano", yacimiento_id) FROM stdin;
2	Hoja 6734-I-SE (25k), Hoja 6734, Puerto Pez, DCN 1/100.000	3
3	Hoja 6734 - I- SE- Puerto Pez, DCN 1/ 100.000	4
4	Hoja 6734, -I- NE, Puerto Pez , DCN 1/100.000	6
\.


--
-- Name: anarapp_plano_id_seq; Type: SEQUENCE SET; Schema: public; Owner: postgres
--

SELECT pg_catalog.setval('anarapp_plano_id_seq', 4, true);


--
-- Data for Name: anarapp_repgrafpiedra; Type: TABLE DATA; Schema: public; Owner: postgres
--

COPY anarapp_repgrafpiedra (id, piedra_id, "numPiezas", instituto, persona) FROM stdin;
\.


--
-- Name: anarapp_repgrafpiedra_id_seq; Type: SEQUENCE SET; Schema: public; Owner: postgres
--

SELECT pg_catalog.setval('anarapp_repgrafpiedra_id_seq', 1, false);


--
-- Data for Name: anarapp_supervisadopiedra; Type: TABLE DATA; Schema: public; Owner: postgres
--

COPY anarapp_supervisadopiedra (supervisadopor_ptr_id, piedra_id, "nombreP", "fechaP") FROM stdin;
\.


--
-- Data for Name: anarapp_supervisadopor; Type: TABLE DATA; Schema: public; Owner: postgres
--

COPY anarapp_supervisadopor (id) FROM stdin;
1
2
3
4
\.


--
-- Name: anarapp_supervisadopor_id_seq; Type: SEQUENCE SET; Schema: public; Owner: postgres
--

SELECT pg_catalog.setval('anarapp_supervisadopor_id_seq', 4, true);


--
-- Data for Name: anarapp_supervisadoyac; Type: TABLE DATA; Schema: public; Owner: postgres
--

COPY anarapp_supervisadoyac (supervisadopor_ptr_id, yacimiento_id, "nombreY", "fechaY") FROM stdin;
1	4		\N
2	4		\N
3	5		\N
4	5		\N
\.


--
-- Data for Name: anarapp_tecnicaparageoglifo; Type: TABLE DATA; Schema: public; Owner: postgres
--

COPY anarapp_tecnicaparageoglifo (id, tecnicas, yacimiento_id, "esGeoflifo") FROM stdin;
1	El geoglifo es una zanja laberntica de unos 40 centmetros de profundidad y un metro de anchura, formando una figura en supuesta posicin vertical. Tiene 32 metros de longitud. La parte central de la figura esta formada por tres crculos concntricos; de la parte superior del circulo exterior salen dos zanjas ms, ligeramente divergentes entre si que terminan formando dos espirales apenas enrolladas; en la parte extrema del mismo circulo exterior, es decir en la que esta en el lugar mas bajo del monte, se forma una especie de paralelogramo, de unos tres metros de anchura, del que salen en su parte inferior dos zanjas rectas, del tamao de todas las dems, es decir de unos 40 centmetros de profundidad por 1 metro de anchura, que forman un ngulo agudo casi recto. Un detalle especial la voluta: sobre el circulo y la zanja inferior a manera de pata del lado izquierdo son visiblemente mayores que las similares del lado derecho	7	f
\.


--
-- Name: anarapp_tecnicaparageoglifo_id_seq; Type: SEQUENCE SET; Schema: public; Owner: postgres
--

SELECT pg_catalog.setval('anarapp_tecnicaparageoglifo_id_seq', 1, true);


--
-- Data for Name: anarapp_tecnicaparamicropetro; Type: TABLE DATA; Schema: public; Owner: postgres
--

COPY anarapp_tecnicaparamicropetro (id, "esGrabado", "esGrabadoPercusion", "esGrabadoPercusionDirecta", "esGrabadoPercusionIndirecta", "esAbrasionPiedra", "esAbrasionArena", "esAbrasion", otros, yacimiento_id, "esConcha", "esMicro") FROM stdin;
\.


--
-- Name: anarapp_tecnicaparamicropetro_id_seq; Type: SEQUENCE SET; Schema: public; Owner: postgres
--

SELECT pg_catalog.setval('anarapp_tecnicaparamicropetro_id_seq', 1, false);


--
-- Data for Name: anarapp_tecnicaparamonumentos; Type: TABLE DATA; Schema: public; Owner: postgres
--

COPY anarapp_tecnicaparamonumentos (id, "esMonolito", "esMenhir", "esDolmen", tecnicas, otros, yacimiento_id, "esMonumento") FROM stdin;
\.


--
-- Name: anarapp_tecnicaparamonumentos_id_seq; Type: SEQUENCE SET; Schema: public; Owner: postgres
--

SELECT pg_catalog.setval('anarapp_tecnicaparamonumentos_id_seq', 1, false);


--
-- Data for Name: anarapp_tecnicaparapetroglifo; Type: TABLE DATA; Schema: public; Owner: postgres
--

COPY anarapp_tecnicaparapetroglifo (id, "esGrabado", "esGrabadoPercusion", "esGrabadoPercusionDirecta", "esGrabadoPercusionIndirecta", "esAbrasionPiedra", "esAbrasionArena", "esAbrasion", otros, yacimiento_id, "esConcha", "esPetroglifo") FROM stdin;
\.


--
-- Name: anarapp_tecnicaparapetroglifo_id_seq; Type: SEQUENCE SET; Schema: public; Owner: postgres
--

SELECT pg_catalog.setval('anarapp_tecnicaparapetroglifo_id_seq', 1, false);


--
-- Data for Name: anarapp_tecnicaparapintura; Type: TABLE DATA; Schema: public; Owner: postgres
--

COPY anarapp_tecnicaparapintura (id, "conDedo", fibra, soplado, otros, yacimiento_id, "esPintura") FROM stdin;
1	t	t	f		3	f
2	t	t	f		4	f
3	t	t	f	La casi totalidad de las pinturas de la Cueva de El Elefante, se halla localizada sobre el fondo de la misma, formando una especie de panel continuo, con una longitud aproximada  de 38 mts y un ancho de 2 a 3 mtrs.  	5	f
4	t	t	f	Las pinturas rupestres estn esparcidas en el techo, en una zona de 17 mts	6	f
\.


--
-- Name: anarapp_tecnicaparapintura_id_seq; Type: SEQUENCE SET; Schema: public; Owner: postgres
--

SELECT pg_catalog.setval('anarapp_tecnicaparapintura_id_seq', 4, true);


--
-- Data for Name: anarapp_tenenciadetierra; Type: TABLE DATA; Schema: public; Owner: postgres
--

COPY anarapp_tenenciadetierra (id, "esPrivada", "esComunal", "esEjido", "esMunicipal", "esABRAE", "esTenenciaOtros", yacimiento_id) FROM stdin;
2	f	t	f	t	f		3
3	t	f	f	f	f		5
\.


--
-- Name: anarapp_tenenciadetierra_id_seq; Type: SEQUENCE SET; Schema: public; Owner: postgres
--

SELECT pg_catalog.setval('anarapp_tenenciadetierra_id_seq', 3, true);


--
-- Data for Name: anarapp_texturasuelo; Type: TABLE DATA; Schema: public; Owner: postgres
--

COPY anarapp_texturasuelo (id, "esRocaMadre", "esPedregoso", "esArenoso", "esArcilloso", mixto, yacimiento_id) FROM stdin;
2	t	f	f	f		3
3	f	f	f	f	Cerro grantico	4
4	t	f	f	f		5
5	f	f	f	f	Afloramiento de Granito	6
\.


--
-- Name: anarapp_texturasuelo_id_seq; Type: SEQUENCE SET; Schema: public; Owner: postgres
--

SELECT pg_catalog.setval('anarapp_texturasuelo_id_seq', 5, true);


--
-- Data for Name: anarapp_tipoexposicionyac; Type: TABLE DATA; Schema: public; Owner: postgres
--

COPY anarapp_tipoexposicionyac (id, expuesto, "expuestoPeriodicamente", observaciones, yacimiento_id, "noExpuesto") FROM stdin;
1	f	f		4	t
2	f	f	La casi totalidad de las pinturas de la Cueva de El Elefante, se halla localizada sobre el fondo de la misma, formando una especie de panel continuo, con una longitud aproximada  de 38 mts y un ancho de 2 a 3 mtrs.  	5	t
3	f	f		6	t
4	t	f		7	f
\.


--
-- Name: anarapp_tipoexposicionyac_id_seq; Type: SEQUENCE SET; Schema: public; Owner: postgres
--

SELECT pg_catalog.setval('anarapp_tipoexposicionyac_id_seq', 4, true);


--
-- Data for Name: anarapp_tipoyacimiento; Type: TABLE DATA; Schema: public; Owner: postgres
--

COPY anarapp_tipoyacimiento (id, "esParedRocosa", "esRoca", "esDolmen", "esAbrigo", "esCueva", "esCuevadeRec", "esTerrenoSup", "esTerrenoPro", yacimiento_id) FROM stdin;
2	t	f	f	t	t	f	f	f	3
3	f	f	f	t	f	f	f	f	4
4	f	f	f	f	t	f	f	f	5
5	f	f	f	f	t	f	f	f	6
\.


--
-- Name: anarapp_tipoyacimiento_id_seq; Type: SEQUENCE SET; Schema: public; Owner: postgres
--

SELECT pg_catalog.setval('anarapp_tipoyacimiento_id_seq', 5, true);


--
-- Data for Name: anarapp_tratfoto; Type: TABLE DATA; Schema: public; Owner: postgres
--

COPY anarapp_tratfoto (id, "limpiezaCon", "rellenoSurcos", "tratamientoDigital", "programaVersion", "otrosTratamientos") FROM stdin;
\.


--
-- Name: anarapp_tratfoto_id_seq; Type: SEQUENCE SET; Schema: public; Owner: postgres
--

SELECT pg_catalog.setval('anarapp_tratfoto_id_seq', 1, false);


--
-- Data for Name: anarapp_tratfotopiedra; Type: TABLE DATA; Schema: public; Owner: postgres
--

COPY anarapp_tratfotopiedra (tratfoto_ptr_id, piedra_id) FROM stdin;
\.


--
-- Data for Name: anarapp_ubicacioncaras; Type: TABLE DATA; Schema: public; Owner: postgres
--

COPY anarapp_ubicacioncaras (id, piedra_id, "todaLaCaverna", "areasEspecificas", "salaPrincipal", "otraSala", "lagoInterior", claraboya, "bocaPrincipal", luminosidad, altura, "requiereAndamiaje") FROM stdin;
\.


--
-- Name: anarapp_ubicacioncaras_id_seq; Type: SEQUENCE SET; Schema: public; Owner: postgres
--

SELECT pg_catalog.setval('anarapp_ubicacioncaras_id_seq', 1, false);


--
-- Data for Name: anarapp_ubicacionyacimiento; Type: TABLE DATA; Schema: public; Owner: postgres
--

COPY anarapp_ubicacionyacimiento (id, yacimiento_id, "enCerro", "enCerroCima", "enCerroLadera", "enCerroFalda", "enCerroFila", "enCerroPieDeMonte", "enCerroBarranco", "enCerroAcantilado", "enValle", "enRio", "enRioLecho", "enRioMargenDerecha", "enRioMargenIzquierda", "enRioIsla", "enRioRaudal", "enRioCosta") FROM stdin;
1	3	t	f	t	f	f	f	f	f	f	f	f	f	f	f	f	f
2	4	t	f	f	f	f	f	f	f	f	f	f	f	f	f	f	f
3	5	t	f	f	f	f	f	f	f	f	f	f	f	f	f	f	f
4	6	t	f	f	f	f	f	f	f	f	f	f	f	f	f	f	f
5	7	t	f	f	f	t	f	f	f	f	f	f	f	f	f	f	f
\.


--
-- Name: anarapp_ubicacionyacimiento_id_seq; Type: SEQUENCE SET; Schema: public; Owner: postgres
--

SELECT pg_catalog.setval('anarapp_ubicacionyacimiento_id_seq', 5, true);


--
-- Data for Name: anarapp_usoactsuelo; Type: TABLE DATA; Schema: public; Owner: postgres
--

COPY anarapp_usoactsuelo (id, "esForestal", "esGanadero", "esAgriRiesgo", "esAgriTemp", "esSueloUrbano", "esSueloTuristico", yacimiento_id) FROM stdin;
2	f	f	f	f	f	t	3
3	t	f	f	f	f	f	5
\.


--
-- Name: anarapp_usoactsuelo_id_seq; Type: SEQUENCE SET; Schema: public; Owner: postgres
--

SELECT pg_catalog.setval('anarapp_usoactsuelo_id_seq', 3, true);


--
-- Data for Name: anarapp_video; Type: TABLE DATA; Schema: public; Owner: postgres
--

COPY anarapp_video (id) FROM stdin;
\.


--
-- Name: anarapp_video_id_seq; Type: SEQUENCE SET; Schema: public; Owner: postgres
--

SELECT pg_catalog.setval('anarapp_video_id_seq', 1, false);


--
-- Data for Name: anarapp_videopiedra; Type: TABLE DATA; Schema: public; Owner: postgres
--

COPY anarapp_videopiedra (video_ptr_id, piedra_id, isvidyac, anioy, formatoy, tituloy, autory, instituciony, "numReferenciay", "isFromAnary", "numCopiay", archivoy) FROM stdin;
\.


--
-- Data for Name: anarapp_videoyacimiento; Type: TABLE DATA; Schema: public; Owner: postgres
--

COPY anarapp_videoyacimiento (video_ptr_id, yacimiento_id, isvidyac, anioy, formatoy, tituloy, autory, instituciony, "numReferenciay", "isFromAnary", "numCopiay", archivoy) FROM stdin;
\.


--
-- Data for Name: anarapp_yacimiento; Type: TABLE DATA; Schema: public; Owner: postgres
--

COPY anarapp_yacimiento (id, codigo, pais, nombre, estado_id, municipio_id) FROM stdin;
4	50	Venezuela	CUEVA SUSUDE INAVA, La Casa de Piedra; El Carmen, Casa de Piedra Norte, Tiger Cave	6	67
5	3	Venezuela	CUEVA de EL ELEFANTE	6	66
6	444	Venezuela	CUEVA CAO ORE, Cueva del Chamn, White Shaman Cave	6	67
3	327	Venezuela	CUEVA IGLESIA, Cueva del Cerro Iglesias, Cueva Mapoyo	6	67
7	51	Venezuela	LA RUEDA DEL INDIO	7	77
\.


--
-- Name: anarapp_yacimiento_id_seq; Type: SEQUENCE SET; Schema: public; Owner: postgres
--

SELECT pg_catalog.setval('anarapp_yacimiento_id_seq', 18, true);


--
-- Data for Name: auth_group; Type: TABLE DATA; Schema: public; Owner: postgres
--

COPY auth_group (id, name) FROM stdin;
\.


--
-- Name: auth_group_id_seq; Type: SEQUENCE SET; Schema: public; Owner: postgres
--

SELECT pg_catalog.setval('auth_group_id_seq', 1, false);


--
-- Data for Name: auth_group_permissions; Type: TABLE DATA; Schema: public; Owner: postgres
--

COPY auth_group_permissions (id, group_id, permission_id) FROM stdin;
\.


--
-- Name: auth_group_permissions_id_seq; Type: SEQUENCE SET; Schema: public; Owner: postgres
--

SELECT pg_catalog.setval('auth_group_permissions_id_seq', 1, false);


--
-- Data for Name: auth_permission; Type: TABLE DATA; Schema: public; Owner: postgres
--

COPY auth_permission (id, name, content_type_id, codename) FROM stdin;
1	Can add permission	1	add_permission
2	Can change permission	1	change_permission
3	Can delete permission	1	delete_permission
4	Can add group	2	add_group
5	Can change group	2	change_group
6	Can delete group	2	delete_group
7	Can add user	3	add_user
8	Can change user	3	change_user
9	Can delete user	3	delete_user
10	Can add content type	4	add_contenttype
11	Can change content type	4	change_contenttype
12	Can delete content type	4	delete_contenttype
13	Can add session	5	add_session
14	Can change session	5	change_session
15	Can delete session	5	delete_session
16	Can add site	6	add_site
17	Can change site	6	change_site
18	Can delete site	6	delete_site
19	Can add log entry	7	add_logentry
20	Can change log entry	7	change_logentry
21	Can delete log entry	7	delete_logentry
22	Can add migration history	8	add_migrationhistory
23	Can change migration history	8	change_migrationhistory
24	Can delete migration history	8	delete_migrationhistory
25	Can add 3. Estado/Provincia	9	add_estado
26	Can change 3. Estado/Provincia	9	change_estado
27	Can delete 3. Estado/Provincia	9	delete_estado
28	Can add 2. Municipio	10	add_municipio
29	Can change 2. Municipio	10	change_municipio
30	Can delete 2. Municipio	10	delete_municipio
31	Can add Yacimiento	11	add_yacimiento
32	Can change Yacimiento	11	change_yacimiento
33	Can delete Yacimiento	11	delete_yacimiento
34	Can add 4. Localidad	12	add_localidadyacimiento
35	Can change 4. Localidad	12	change_localidadyacimiento
36	Can delete 4. Localidad	12	delete_localidadyacimiento
37	Can add 5. Uso Actual Del Suelo	13	add_usoactsuelo
38	Can change 5. Uso Actual Del Suelo	13	change_usoactsuelo
39	Can delete 5. Uso Actual Del Suelo	13	delete_usoactsuelo
40	Can add 5.7 Tenencia de la Tierra	14	add_tenenciadetierra
41	Can change 5.7 Tenencia de la Tierra	14	change_tenenciadetierra
42	Can delete 5.7 Tenencia de la Tierra	14	delete_tenenciadetierra
43	Can add 6. Indicaciones para llegar al Yac.	15	add_indicaciones
44	Can change 6. Indicaciones para llegar al Yac.	15	change_indicaciones
45	Can delete 6. Indicaciones para llegar al Yac.	15	delete_indicaciones
46	Can add ..	16	add_croquis
47	Can change ..	16	change_croquis
48	Can delete ..	16	delete_croquis
49	Can add 7. Nmero de Plano	17	add_plano
50	Can change 7. Nmero de Plano	17	change_plano
51	Can delete 7. Nmero de Plano	17	delete_plano
52	Can add 8. Coordenadas	18	add_coordenadas
53	Can change 8. Coordenadas	18	change_coordenadas
54	Can delete 8. Coordenadas	18	delete_coordenadas
55	Can add 9. Datum GPS	19	add_datum
56	Can change 9. Datum GPS	19	change_datum
57	Can delete 9. Datum GPS	19	delete_datum
58	Can add 10. Altitud	20	add_altitud
59	Can change 10. Altitud	20	change_altitud
60	Can delete 10. Altitud	20	delete_altitud
61	Can add 11. Fotografia	21	add_fotografiayac
62	Can change 11. Fotografia	21	change_fotografiayac
63	Can delete 11. Fotografia	21	delete_fotografiayac
64	Can add 12. Tipo de Yacimiento	22	add_tipoyacimiento
65	Can change 12. Tipo de Yacimiento	22	change_tipoyacimiento
66	Can delete 12. Tipo de Yacimiento	22	delete_tipoyacimiento
67	Can add 13. Tipo de Manifestacin	23	add_manifestacionyacimiento
68	Can change 13. Tipo de Manifestacin	23	change_manifestacionyacimiento
69	Can delete 13. Tipo de Manifestacin	23	delete_manifestacionyacimiento
70	Can add 14. Ubicacin	24	add_ubicacionyacimiento
71	Can change 14. Ubicacin	24	change_ubicacionyacimiento
72	Can delete 14. Ubicacin	24	delete_ubicacionyacimiento
73	Can add 15. Orientacion del Yacimiento	25	add_orientacionyacimiento
74	Can change 15. Orientacion del Yacimiento	25	change_orientacionyacimiento
75	Can delete 15. Orientacion del Yacimiento	25	delete_orientacionyacimiento
76	Can add 16. Textura del Suelo	26	add_texturasuelo
77	Can change 16. Textura del Suelo	26	change_texturasuelo
78	Can delete 16. Textura del Suelo	26	delete_texturasuelo
79	Can add 17. Flora	27	add_florayacimiento
80	Can change 17. Flora	27	change_florayacimiento
81	Can delete 17. Flora	27	delete_florayacimiento
82	Can add 18. Fauna	28	add_faunayacimiento
83	Can change 18. Fauna	28	change_faunayacimiento
84	Can delete 18. Fauna	28	delete_faunayacimiento
85	Can add 19. Hidrologa	29	add_hidrologiayacimiento
86	Can change 19. Hidrologa	29	change_hidrologiayacimiento
87	Can delete 19. Hidrologa	29	delete_hidrologiayacimiento
88	Can add 20. Exposicin	30	add_tipoexposicionyac
89	Can change 20. Exposicin	30	change_tipoexposicionyac
90	Can delete 20. Exposicin	30	delete_tipoexposicionyac
91	Can add 21. Constitucin del Yacimiento	31	add_constitucionyacimiento
92	Can change 21. Constitucin del Yacimiento	31	change_constitucionyacimiento
93	Can delete 21. Constitucin del Yacimiento	31	delete_constitucionyacimiento
94	Can add 22. Material	32	add_materialyacimiento
95	Can change 22. Material	32	change_materialyacimiento
96	Can delete 22. Material	32	delete_materialyacimiento
97	Can add 13.1. Geoglifo	33	add_tecnicaparageoglifo
98	Can change 13.1. Geoglifo	33	change_tecnicaparageoglifo
99	Can delete 13.1. Geoglifo	33	delete_tecnicaparageoglifo
100	Can add 13.2. Pintura Rupestre	34	add_tecnicaparapintura
101	Can change 13.2. Pintura Rupestre	34	change_tecnicaparapintura
102	Can delete 13.2. Pintura Rupestre	34	delete_tecnicaparapintura
103	Can add 13.3. Petroglifo	35	add_tecnicaparapetroglifo
104	Can change 13.3. Petroglifo	35	change_tecnicaparapetroglifo
105	Can delete 13.3. Petroglifo	35	delete_tecnicaparapetroglifo
106	Can add 13.4. Micro-Petroglifo	36	add_tecnicaparamicropetro
107	Can change 13.4. Micro-Petroglifo	36	change_tecnicaparamicropetro
108	Can delete 13.4. Micro-Petroglifo	36	delete_tecnicaparamicropetro
109	Can add 13.7. Monumentos Megalticos	37	add_tecnicaparamonumentos
110	Can change 13.7. Monumentos Megalticos	37	change_tecnicaparamonumentos
111	Can delete 13.7. Monumentos Megalticos	37	delete_tecnicaparamonumentos
112	Can add 13.3. Petroglifo	38	add_caracsurcopetroglifo
113	Can change 13.3. Petroglifo	38	change_caracsurcopetroglifo
114	Can delete 13.3. Petroglifo	38	delete_caracsurcopetroglifo
115	Can add 13.9. Amoladores	39	add_caracsurcoamoladores
116	Can change 13.9. Amoladores	39	change_caracsurcoamoladores
117	Can delete 13.9. Amoladores	39	delete_caracsurcoamoladores
118	Can add 13.10. Bateas	40	add_caracsurcobateas
119	Can change 13.10. Bateas	40	change_caracsurcobateas
120	Can delete 13.10. Bateas	40	delete_caracsurcobateas
121	Can add 13.11. Puntos Acoplados	41	add_caracsurcopuntosacopl
122	Can change 13.11. Puntos Acoplados	41	change_caracsurcopuntosacopl
123	Can delete 13.11. Puntos Acoplados	41	delete_caracsurcopuntosacopl
124	Can add 13.12. Cpula	42	add_caracsurcocupulas
125	Can change 13.12. Cpula	42	change_caracsurcocupulas
126	Can delete 13.12. Cpula	42	delete_caracsurcocupulas
127	Can add 13.13. Mortero o Metate	43	add_caracsurcomortero
128	Can change 13.13. Mortero o Metate	43	change_caracsurcomortero
129	Can delete 13.13. Mortero o Metate	43	delete_caracsurcomortero
130	Can add 13.2. Pintura Rupestre	44	add_caracdelapintura
131	Can change 13.2. Pintura Rupestre	44	change_caracdelapintura
132	Can delete 13.2. Pintura Rupestre	44	delete_caracdelapintura
133	Can add 13.7.1. Monolitos	45	add_caracmonolitos
134	Can change 13.7.1. Monolitos	45	change_caracmonolitos
135	Can delete 13.7.1. Monolitos	45	delete_caracmonolitos
136	Can add 13.7.2. Menhires	46	add_caracmenhires
137	Can change 13.7.2. Menhires	46	change_caracmenhires
138	Can delete 13.7.2. Menhires	46	delete_caracmenhires
139	Can add 13.7.3. Dolmen	47	add_caracdolmenart
140	Can change 13.7.3. Dolmen	47	change_caracdolmenart
141	Can delete 13.7.3. Dolmen	47	delete_caracdolmenart
142	Can add 26.10 Notas	48	add_notasyacimiento
143	Can change 26.10 Notas	48	change_notasyacimiento
144	Can delete 26.10 Notas	48	delete_notasyacimiento
145	Can add 27. Estado de la Conservacin	49	add_estadoconseryac
146	Can change 27. Estado de la Conservacin	49	change_estadoconseryac
147	Can delete 27. Estado de la Conservacin	49	delete_estadoconseryac
148	Can add 27.5.1. Causas	50	add_causasdestruccionyac
149	Can change 27.5.1. Causas	50	change_causasdestruccionyac
150	Can delete 27.5.1. Causas	50	delete_causasdestruccionyac
151	Can add 27.6.1. Tiempo	51	add_intensidaddestruccionyac
152	Can change 27.6.1. Tiempo	51	change_intensidaddestruccionyac
153	Can delete 27.6.1. Tiempo	51	delete_intensidaddestruccionyac
154	Can add 28. Consider. sobre Temporalidad	52	add_considertemp
155	Can change 28. Consider. sobre Temporalidad	52	change_considertemp
156	Can delete 28. Consider. sobre Temporalidad	52	delete_considertemp
157	Can add 29. Cronologa Tentativa	53	add_cronologiatentativa
158	Can change 29. Cronologa Tentativa	53	change_cronologiatentativa
159	Can delete 29. Cronologa Tentativa	53	delete_cronologiatentativa
160	Can add 30. Manifestaciones Asociadas	54	add_manifestacionesasociadas
161	Can change 30. Manifestaciones Asociadas	54	change_manifestacionesasociadas
162	Can delete 30. Manifestaciones Asociadas	54	delete_manifestacionesasociadas
163	Can add 30. Manifestaciones Asociadas	55	add_manifestacioneslitica
164	Can change 30. Manifestaciones Asociadas	55	change_manifestacioneslitica
165	Can delete 30. Manifestaciones Asociadas	55	delete_manifestacioneslitica
166	Can add 30. Manifestaciones Asociadas	56	add_manifestacionesceramica
167	Can change 30. Manifestaciones Asociadas	56	change_manifestacionesceramica
168	Can delete 30. Manifestaciones Asociadas	56	delete_manifestacionesceramica
169	Can add 30. Manifestaciones Asociadas	57	add_manifestacionesoseo
170	Can change 30. Manifestaciones Asociadas	57	change_manifestacionesoseo
171	Can delete 30. Manifestaciones Asociadas	57	delete_manifestacionesoseo
172	Can add 30. Manifestaciones Asociadas	58	add_manifestacionesconcha
173	Can change 30. Manifestaciones Asociadas	58	change_manifestacionesconcha
174	Can delete 30. Manifestaciones Asociadas	58	delete_manifestacionesconcha
175	Can add 30. Manifestaciones Asociadas	59	add_manifestacionescarbon
176	Can change 30. Manifestaciones Asociadas	59	change_manifestacionescarbon
177	Can delete 30. Manifestaciones Asociadas	59	delete_manifestacionescarbon
178	Can add 30. Manifestaciones Asociadas	60	add_manifestacionesmito
179	Can change 30. Manifestaciones Asociadas	60	change_manifestacionesmito
180	Can delete 30. Manifestaciones Asociadas	60	delete_manifestacionesmito
181	Can add 30. Manifestaciones Asociadas	61	add_manifestacionescementerio
182	Can change 30. Manifestaciones Asociadas	61	change_manifestacionescementerio
183	Can delete 30. Manifestaciones Asociadas	61	delete_manifestacionescementerio
184	Can add 30. Manifestaciones Asociadas	62	add_manifestacionesmonticulo
185	Can change 30. Manifestaciones Asociadas	62	change_manifestacionesmonticulo
186	Can delete 30. Manifestaciones Asociadas	62	delete_manifestacionesmonticulo
187	Can add 30. Manifestaciones Asociadas	63	add_manifestacionesotros
188	Can change 30. Manifestaciones Asociadas	63	change_manifestacionesotros
189	Can delete 30. Manifestaciones Asociadas	63	delete_manifestacionesotros
190	Can add Roca	64	add_piedra
191	Can change Roca	64	change_piedra
192	Can delete Roca	64	delete_piedra
193	Can add 1.1. Fotografia	65	add_fotografiapiedra
194	Can change 1.1. Fotografia	65	change_fotografiapiedra
195	Can delete 1.1. Fotografia	65	delete_fotografiapiedra
196	Can add Dimensiones de la piedra	66	add_dimensionpiedra
197	Can change Dimensiones de la piedra	66	change_dimensionpiedra
198	Can delete Dimensiones de la piedra	66	delete_dimensionpiedra
199	Can add Cara trabajada	67	add_caratrabajada
200	Can change Cara trabajada	67	change_caratrabajada
201	Can delete Cara trabajada	67	delete_caratrabajada
202	Can add Ubic. cara trab. (cuevas/abrigos)	68	add_ubicacioncaras
203	Can change Ubic. cara trab. (cuevas/abrigos)	68	change_ubicacioncaras
204	Can delete Ubic. cara trab. (cuevas/abrigos)	68	delete_ubicacioncaras
205	Can add Conjunto de figuras por Tipo	69	add_figurasportipo
206	Can change Conjunto de figuras por Tipo	69	change_figurasportipo
207	Can delete Conjunto de figuras por Tipo	69	delete_figurasportipo
208	Can add Esquema por cara	70	add_esquemaporcara
209	Can change Esquema por cara	70	change_esquemaporcara
210	Can delete Esquema por cara	70	delete_esquemaporcara
211	Can add Conexion de figuras	71	add_conexionfiguras
212	Can change Conexion de figuras	71	change_conexionfiguras
213	Can delete Conexion de figuras	71	delete_conexionfiguras
214	Can add Manifestaciones de la piedra	72	add_manifestaciones
215	Can change Manifestaciones de la piedra	72	change_manifestaciones
216	Can delete Manifestaciones de la piedra	72	delete_manifestaciones
217	Can add trat foto	73	add_tratfoto
218	Can change trat foto	73	change_tratfoto
219	Can delete trat foto	73	delete_tratfoto
220	Can add Tratamiento para fotografas	74	add_tratfotopiedra
221	Can change Tratamiento para fotografas	74	change_tratfotopiedra
222	Can delete Tratamiento para fotografas	74	delete_tratfotopiedra
223	Can add foto	75	add_foto
224	Can change foto	75	change_foto
225	Can delete foto	75	delete_foto
226	Can add 13.1 Mat. de apoyo fotogrfico	76	add_fotopiedra
227	Can change 13.1 Mat. de apoyo fotogrfico	76	change_fotopiedra
228	Can delete 13.1 Mat. de apoyo fotogrfico	76	delete_fotopiedra
229	Can add rep graf piedra	77	add_repgrafpiedra
230	Can change rep graf piedra	77	change_repgrafpiedra
231	Can delete rep graf piedra	77	delete_repgrafpiedra
232	Can add Reproduccin grf. escala natural	78	add_escnatpiedra
233	Can change Reproduccin grf. escala natural	78	change_escnatpiedra
234	Can delete Reproduccin grf. escala natural	78	delete_escnatpiedra
235	Can add Reproduccin grf. escala reducida	79	add_escredpiedra
236	Can change Reproduccin grf. escala reducida	79	change_escredpiedra
237	Can delete Reproduccin grf. escala reducida	79	delete_escredpiedra
238	Can add bibliografia	80	add_bibliografia
239	Can change bibliografia	80	change_bibliografia
240	Can delete bibliografia	80	delete_bibliografia
241	Can add Bibliografa	81	add_bibyacimiento
242	Can change Bibliografa	81	change_bibyacimiento
243	Can delete Bibliografa	81	delete_bibyacimiento
244	Can add Bibliografa	82	add_bibpiedra
245	Can change Bibliografa	82	change_bibpiedra
246	Can delete Bibliografa	82	delete_bibpiedra
247	Can add mat audio visual	83	add_mataudiovisual
248	Can change mat audio visual	83	change_mataudiovisual
249	Can delete mat audio visual	83	delete_mataudiovisual
250	Can add Material audiovisual	84	add_matavyacimiento
251	Can change Material audiovisual	84	change_matavyacimiento
252	Can delete Material audiovisual	84	delete_matavyacimiento
253	Can add Material audiovisual	85	add_matavpiedra
254	Can change Material audiovisual	85	change_matavpiedra
255	Can delete Material audiovisual	85	delete_matavpiedra
256	Can add video	86	add_video
257	Can change video	86	change_video
258	Can delete video	86	delete_video
259	Can add Video	87	add_videoyacimiento
260	Can change Video	87	change_videoyacimiento
261	Can delete Video	87	delete_videoyacimiento
262	Can add Video	88	add_videopiedra
263	Can change Video	88	change_videopiedra
264	Can delete Video	88	delete_videopiedra
265	Can add pelicula	89	add_pelicula
266	Can change pelicula	89	change_pelicula
267	Can delete pelicula	89	delete_pelicula
268	Can add Pelcula	90	add_peliyacimiento
269	Can change Pelcula	90	change_peliyacimiento
270	Can delete Pelcula	90	delete_peliyacimiento
271	Can add Pelcula	91	add_peliculapiedra
272	Can change Pelcula	91	change_peliculapiedra
273	Can delete Pelcula	91	delete_peliculapiedra
274	Can add pagina web	92	add_paginaweb
275	Can change pagina web	92	change_paginaweb
276	Can delete pagina web	92	delete_paginaweb
277	Can add Pgina Web	93	add_paginawebyac
278	Can change Pgina Web	93	change_paginawebyac
279	Can delete Pgina Web	93	delete_paginawebyac
280	Can add Pgina Web	94	add_paginawebpiedra
281	Can change Pgina Web	94	change_paginawebpiedra
282	Can delete Pgina Web	94	delete_paginawebpiedra
283	Can add multimedia	95	add_multimedia
284	Can change multimedia	95	change_multimedia
285	Can delete multimedia	95	delete_multimedia
286	Can add Multimedia	96	add_multimediayac
287	Can change Multimedia	96	change_multimediayac
288	Can delete Multimedia	96	delete_multimediayac
289	Can add Multimedia	97	add_multimediapiedra
290	Can change Multimedia	97	change_multimediapiedra
291	Can delete Multimedia	97	delete_multimediapiedra
292	Can add obtencion info	98	add_obtencioninfo
293	Can change obtencion info	98	change_obtencioninfo
294	Can delete obtencion info	98	delete_obtencioninfo
295	Can add Informacin obtenida por	99	add_obtinfoyac
296	Can change Informacin obtenida por	99	change_obtinfoyac
297	Can delete Informacin obtenida por	99	delete_obtinfoyac
298	Can add Informacin obtenida por	100	add_obtinfopiedra
299	Can change Informacin obtenida por	100	change_obtinfopiedra
300	Can delete Informacin obtenida por	100	delete_obtinfopiedra
301	Can add otros valores	101	add_otrosvalores
302	Can change otros valores	101	change_otrosvalores
303	Can delete otros valores	101	delete_otrosvalores
304	Can add Otros valores del sitio	102	add_otrosvalyac
305	Can change Otros valores del sitio	102	change_otrosvalyac
306	Can delete Otros valores del sitio	102	delete_otrosvalyac
307	Can add Otros valores de la piedra	103	add_otrosvalpiedra
308	Can change Otros valores de la piedra	103	change_otrosvalpiedra
309	Can delete Otros valores de la piedra	103	delete_otrosvalpiedra
310	Can add observaciones	104	add_observaciones
311	Can change observaciones	104	change_observaciones
312	Can delete observaciones	104	delete_observaciones
313	Can add Observaciones	105	add_observacionesyac
314	Can change Observaciones	105	change_observacionesyac
315	Can delete Observaciones	105	delete_observacionesyac
316	Can add Observaciones	106	add_observacpiedra
317	Can change Observaciones	106	change_observacpiedra
318	Can delete Observaciones	106	delete_observacpiedra
319	Can add llenado por	107	add_llenadopor
320	Can change llenado por	107	change_llenadopor
321	Can delete llenado por	107	delete_llenadopor
322	Can add Ficha llenada por	108	add_llenadoyac
323	Can change Ficha llenada por	108	change_llenadoyac
324	Can delete Ficha llenada por	108	delete_llenadoyac
325	Can add Ficha llenada por	109	add_llenadopiedra
326	Can change Ficha llenada por	109	change_llenadopiedra
327	Can delete Ficha llenada por	109	delete_llenadopiedra
328	Can add supervisado por	110	add_supervisadopor
329	Can change supervisado por	110	change_supervisadopor
330	Can delete supervisado por	110	delete_supervisadopor
331	Can add Ficha Supervisada Por	111	add_supervisadoyac
332	Can change Ficha Supervisada Por	111	change_supervisadoyac
333	Can delete Ficha Supervisada Por	111	delete_supervisadoyac
334	Can add Ficha Supervisada Por	112	add_supervisadopiedra
335	Can change Ficha Supervisada Por	112	change_supervisadopiedra
336	Can delete Ficha Supervisada Por	112	delete_supervisadopiedra
337	Can add 25.6. Colores	113	add_colores
338	Can change 25.6. Colores	113	change_colores
339	Can delete 25.6. Colores	113	delete_colores
340	Can add 25.6. Colores	114	add_desccolores
341	Can change 25.6. Colores	114	change_desccolores
342	Can delete 25.6. Colores	114	delete_desccolores
\.


--
-- Name: auth_permission_id_seq; Type: SEQUENCE SET; Schema: public; Owner: postgres
--

SELECT pg_catalog.setval('auth_permission_id_seq', 342, true);


--
-- Data for Name: auth_user; Type: TABLE DATA; Schema: public; Owner: postgres
--

COPY auth_user (id, username, first_name, last_name, email, password, is_staff, is_active, is_superuser, last_login, date_joined) FROM stdin;
1	anar			savagej.p@gmail.com	pbkdf2_sha256$10000$A4LNQzzJTMTu$UmvZL5gmCohWlq6B2N8h4pYCUhO1v4CaFBmqnAiyiss=	t	t	t	2014-11-27 15:08:01.530202-05	2014-04-01 10:52:11.351767-04
\.


--
-- Data for Name: auth_user_groups; Type: TABLE DATA; Schema: public; Owner: postgres
--

COPY auth_user_groups (id, user_id, group_id) FROM stdin;
\.


--
-- Name: auth_user_groups_id_seq; Type: SEQUENCE SET; Schema: public; Owner: postgres
--

SELECT pg_catalog.setval('auth_user_groups_id_seq', 1, false);


--
-- Name: auth_user_id_seq; Type: SEQUENCE SET; Schema: public; Owner: postgres
--

SELECT pg_catalog.setval('auth_user_id_seq', 1, true);


--
-- Data for Name: auth_user_user_permissions; Type: TABLE DATA; Schema: public; Owner: postgres
--

COPY auth_user_user_permissions (id, user_id, permission_id) FROM stdin;
\.


--
-- Name: auth_user_user_permissions_id_seq; Type: SEQUENCE SET; Schema: public; Owner: postgres
--

SELECT pg_catalog.setval('auth_user_user_permissions_id_seq', 1, false);


--
-- Data for Name: django_admin_log; Type: TABLE DATA; Schema: public; Owner: postgres
--

COPY django_admin_log (id, action_time, user_id, content_type_id, object_id, object_repr, action_flag, change_message) FROM stdin;
1	2014-04-01 11:05:29.93366-04	1	11	1	PB1-Prueba-Prueba	1	
2	2014-04-01 11:07:11.72478-04	1	11	1	PB1-Prueba-Prueba	2	Aadido/a "" ...
3	2014-04-01 11:08:42.534449-04	1	11	1	PB1-Prueba-Prueba	2	Eliminado/a "" ...
4	2014-04-02 19:35:00.296779-04	1	11	1	PB1-Prueba-Prueba	2	Aadido/a "" 11. Fotografia. Aadido/a "" 11. Fotografia.
5	2014-04-03 11:21:26.875987-04	1	11	2	PB1-327-CUEVA IGLESIA, CUEVA DEL CERRO DE LAS IGLESIAS, CUEVA MAPOYO  	1	
6	2014-04-03 11:40:32.280379-04	1	11	2	PB1-327-CUEVA IGLESIA, CUEVA DEL CERRO DE LAS IGLESIAS, CUEVA MAPOYO  	3	
7	2014-04-03 11:41:18.603004-04	1	11	1	PB1-Prueba-Prueba	3	
8	2014-04-03 11:55:45.349251-04	1	11	3	PB1-327-CUEVA IGLESIA, CUEVA DEL CERRO DE LAS IGLESIAS, CUEVA MAPOYO  	1	
9	2014-04-03 23:43:07.27698-04	1	11	3	PB1-327-CUEVA IGLESIA, CUEVA DEL CERRO DE LAS IGLESIAS, CUEVA MAPOYO  	2	Aadido/a "" 13. Tipo de Manifestacin. Aadido/a "" 14. Ubicacin. Aadido/a "" 15. Orientacion del Yacimiento. Aadido/a "" 22. Material. Aadido/a "" 13.2. Pintura Rupestre. Aadido/a "" 13.2. Pintura Rupestre.
10	2014-04-05 08:09:35.153865-04	1	11	3	PB1-327-CUEVA IGLESIA, CUEVA DEL CERRO DE LAS IGLESIAS, CUEVA MAPOYO  	2	Aadido/a "" 11. Fotografia. Aadido/a "" 11. Fotografia.
11	2014-04-05 10:03:56.068302-04	1	11	3	PB1-327-CUEVA IGLESIA, CUEVA DEL CERRO DE LAS IGLESIAS, CUEVA MAPOYO  	2	Aadido/a "" 27. Estado de la Conservacin. Aadido/a "" 27.5.1. Causas. Aadido/a "" 27.6.1. Tiempo. Aadido/a "" 30. Manifestaciones Asociadas. Aadido/a "" 30. Manifestaciones Asociadas. Aadido/a "" 30. Manifestaciones Asociadas. Aadido/a "" 30. Manifestaciones Asociadas. Aadido/a "" 30. Manifestaciones Asociadas.
12	2014-04-05 11:18:00.543103-04	1	11	3	PB1-327-CUEVA IGLESIA, CUEVA DEL CERRO DE LAS IGLESIAS, CUEVA MAPOYO  	2	Modificados otros para "" 30. Manifestaciones Asociadas.
13	2014-04-05 19:50:50.289439-04	1	11	3	PB1-327-CUEVA IGLESIA, CUEVA DEL CERRO DE LAS IGLESIAS, CUEVA MAPOYO  	2	Aadido/a "" 30. Manifestaciones Asociadas. Modificados otros para "" 30. Manifestaciones Asociadas.
14	2014-04-06 20:48:18.401057-04	1	11	3	PB1-327-CUEVA IGLESIA, CUEVA DEL CERRO DE LAS IGLESIAS, CUEVA MAPOYO  	2	Modificado/a pais.
15	2014-05-01 12:48:35.064387-04	1	11	4	PB1-50-CUEVA SUSUDE INAVA, La Casa de Piedra	1	
16	2014-05-01 13:11:02.710707-04	1	11	4	PB1-50-CUEVA SUSUDE INAVA, La Casa de Piedra	2	Aadido/a "" 11. Fotografia. Aadido/a "" 11. Fotografia. Modificados fecha y archivo para "" 11. Fotografia. Aadido/a "" 12. Tipo de Yacimiento. Aadido/a "" 16. Textura del Suelo. Aadido/a "" 17. Flora. Aadido/a "" 19. Hidrologa. Aadido/a "" 20. Exposicin. Aadido/a "" 21. Constitucin del Yacimiento.
17	2014-05-01 15:12:19.610231-04	1	11	4	PB1-50-CUEVA SUSUDE INAVA, La Casa de Piedra	2	Aadido/a "" 13. Tipo de Manifestacin. Aadido/a "" 14. Ubicacin. Aadido/a "" 15. Orientacion del Yacimiento. Aadido/a "" 22. Material.
18	2014-05-01 15:58:45.55812-04	1	11	4	PB1-50-CUEVA SUSUDE INAVA, La Casa de Piedra	2	Aadido/a "" 13.2. Pintura Rupestre. Aadido/a "" 13.2. Pintura Rupestre. Aadido/a "" 25.6. Colores. Aadido/a "" 25.6. Colores. Aadido/a "" 27. Estado de la Conservacin. Aadido/a "" 30. Manifestaciones Asociadas. Aadido/a "" 30. Manifestaciones Asociadas. Aadido/a "" 30. Manifestaciones Asociadas.
19	2014-05-01 17:12:54.906454-04	1	11	4	PB1-50-CUEVA SUSUDE INAVA, La Casa de Piedra; El Carmen, Casa de Piedra Norte, Tiger Cave	2	Modificado/a nombre. Modificados numeroPlano para "" 7. Nmero de Plano. Aadido/a "" 11. Fotografia. Aadido/a "" 11. Fotografia. Aadido/a "" 11. Fotografia. Aadido/a "" 11. Fotografia. Aadido/a "" 11. Fotografia. Aadido/a "" 11. Fotografia. Aadido/a "" 11. Fotografia. Aadido/a "" 11. Fotografia. Modificados fecha para "" 11. Fotografia. Modificados fecha para "" 11. Fotografia. Modificados fecha para "" 11. Fotografia. Aadido/a "" 30. Manifestaciones Asociadas. Modificados descripcionCeramica para "" 30. Manifestaciones Asociadas. Aadido/a "" Bibliografa. Aadido/a "" Bibliografa. Aadido/a "" Bibliografa. Aadido/a "" Bibliografa. Aadido/a "" Informacin obtenida por. Aadido/a "" Ficha llenada por. Aadido/a "" Ficha llenada por. Aadido/a "" Ficha Supervisada Por. Aadido/a "" Ficha Supervisada Por.
20	2014-05-01 18:04:06.364789-04	1	11	5	PB1-3-CUEVA de EL ELEFANTE	1	
21	2014-05-01 18:19:33.529655-04	1	11	4	PB1-50-CUEVA SUSUDE INAVA, La Casa de Piedra; El Carmen, Casa de Piedra Norte, Tiger Cave	2	Modificados titulo para "" Bibliografa. Modificados titulo para "" Bibliografa. Modificados titulo y archivo para "" Bibliografa.
22	2014-05-01 19:32:20.935395-04	1	11	5	PB1-3-CUEVA de EL ELEFANTE	2	Aadido/a "" 13. Tipo de Manifestacin. Aadido/a "" 14. Ubicacin. Aadido/a "" 15. Orientacion del Yacimiento. Modificados observaciones para "" 20. Exposicin. Modificados otros para "" 21. Constitucin del Yacimiento. Aadido/a "" 22. Material. Aadido/a "" 13.2. Pintura Rupestre. Aadido/a "" 13.2. Pintura Rupestre. Aadido/a "" 25.6. Colores. Aadido/a "" 25.6. Colores. Aadido/a "" 27. Estado de la Conservacin. Aadido/a "" 27.5.1. Causas. Aadido/a "" 27.6.1. Tiempo. Aadido/a "" 29. Cronologa Tentativa. Aadido/a "" 30. Manifestaciones Asociadas. Aadido/a "" 30. Manifestaciones Asociadas. Aadido/a "" 30. Manifestaciones Asociadas. Aadido/a "" 30. Manifestaciones Asociadas. Aadido/a "" 30. Manifestaciones Asociadas. Aadido/a "" Bibliografa. Aadido/a "" Bibliografa. Aadido/a "" Bibliografa. Aadido/a "" Bibliografa. Aadido/a "" Informacin obtenida por. Aadido/a "" Observaciones. Aadido/a "" Ficha llenada por. Aadido/a "" Ficha llenada por. Aadido/a "" Ficha Supervisada Por. Aadido/a "" Ficha Supervisada Por.
23	2014-05-01 22:20:02.014579-04	1	11	6	PB1-444-Cueva Cao Ore, Cueva del Chamn, White Shaman Cave	1	
24	2014-05-01 22:44:18.95924-04	1	11	6	PB1-444-Cueva Cao Ore, Cueva del Chamn, White Shaman Cave	2	Aadido/a "" Bibliografa. Modificados codigo, titulo, autor, ano, institucion, conDibujo y archivo para "" Bibliografa. Aadido/a "" Informacin obtenida por. Aadido/a "" Ficha llenada por.
25	2014-05-01 22:52:46.086741-04	1	11	6	PB1-444-Cueva Cao Ore, Cueva del Chamn, White Shaman Cave	2	Modificados archivo para "" Bibliografa.
26	2014-05-01 23:00:54.318002-04	1	11	5	PB1-3-CUEVA de EL ELEFANTE	2	No ha cambiado ningn campo.
27	2014-05-01 23:09:53.802442-04	1	11	6	PB1-444-Cueva Cao Ore, Cueva del Chamn, White Shaman Cave	2	Modificados haciaValle para "" 15. Orientacion del Yacimiento. Modificados esRoca para "" 22. Material. Aadido/a "" Bibliografa. Modificados texto para "" Observaciones.
28	2014-05-01 23:14:48.558474-04	1	11	6	PB1-444-CUEVA CAO ORE, Cueva del Chamn, White Shaman Cave	2	Modificado/a nombre.
29	2014-05-01 23:16:31.600073-04	1	11	3	PB1-327-CUEVA IGLESIA, Cueva del Cerro Iglesias, Cueva Mapoyo	2	Modificado/a pais y nombre.
30	2014-05-16 18:02:23.80833-04	1	11	7	PB1-51-La Rueda del Indio	1	
31	2014-05-16 19:52:53.242412-04	1	11	7	PB1-51-La Rueda del Indio	2	Aadido/a "" 13. Tipo de Manifestacin. Aadido/a "" 14. Ubicacin. Aadido/a "" 15. Orientacion del Yacimiento. Aadido/a "" 20. Exposicin. Aadido/a "" 22. Material.
32	2014-05-16 19:58:05.995933-04	1	11	7	PB1-51-La Rueda del Indio	2	Aadido/a "" 13.1. Geoglifo. Aadido/a "" 27. Estado de la Conservacin.
33	2014-05-16 20:54:29.305356-04	1	11	7	PB1-51-La Rueda del Indio	2	Modificados latitud y utmAdicional para "" 8. Coordenadas. Aadido/a "" Otros valores del sitio. Aadido/a "" Bibliografa. Aadido/a "" Bibliografa. Aadido/a "" Bibliografa. Aadido/a "" Bibliografa. Aadido/a "" Bibliografa. Aadido/a "" Bibliografa. Aadido/a "" Bibliografa. Aadido/a "" Bibliografa. Aadido/a "" Bibliografa. Aadido/a "" Bibliografa. Aadido/a "" Observaciones. Aadido/a "" Ficha llenada por.
34	2014-05-16 20:56:12.950055-04	1	11	7	PB1-51-LA RUEDA DEL INDIO	2	Modificado/a nombre.
35	2014-10-28 12:12:05.961265-04	1	64	1	Pa-456456456-xghfh	1	
36	2014-10-28 12:12:40.300038-04	1	64	1	Pa-456456456-xghfh	3	
37	2014-10-28 12:13:02.010656-04	1	11	12	PB1-32132321-miyac	1	
38	2014-10-28 12:13:54.110518-04	1	11	12	PB1-32132321-miyac	3	
39	2014-10-30 11:05:14.498779-04	1	11	13	PB1-123456-yacimiento de prueba	1	
40	2014-10-30 11:05:36.243004-04	1	11	13	PB1-123456-yacimiento de prueba	3	
41	2014-11-11 10:56:28.248599-05	1	11	14	PB1-123456789-prueba2	1	
42	2014-11-11 10:56:43.915242-05	1	11	14	PB1-123456789-prueba2	3	
43	2014-11-13 11:52:35.395178-05	1	11	16	PB1-131221313-qwerty	1	
44	2014-11-13 11:53:05.369675-05	1	11	16	PB1-131221313-qwerty	3	
45	2014-11-21 08:33:20.936423-05	1	11	17	PB1-112312-sfgsdg	1	
46	2014-11-21 08:33:37.825843-05	1	11	17	PB1-112312-sfgsdg	3	
47	2014-11-21 08:34:27.209379-05	1	64	2	Pa-2312312313-cxvvcxbcvb	1	
48	2014-11-21 08:34:40.967278-05	1	64	2	Pa-2312312313-cxvvcxbcvb	3	
49	2014-11-25 15:34:20.390493-05	1	11	18	PB1-999999999-yacimiento de prueba	1	
50	2014-11-25 16:13:30.732686-05	1	11	18	PB1-999999999-yacimiento de prueba	2	Aadido/a "" ...
51	2014-11-25 16:14:05.423999-05	1	11	18	PB1-999999999-yacimiento de prueba	2	Eliminado/a "" ...
52	2014-11-25 16:14:21.869571-05	1	11	18	PB1-999999999-yacimiento de prueba	3	
53	2014-11-25 16:28:05.194065-05	1	64	3	Pa-9999999999-piedra de prueba	1	
54	2014-11-25 16:28:36.143185-05	1	64	3	Pa-9999999999-piedra de prueba	2	Aadido/a "" 1.1. Fotografia.
55	2014-11-25 16:28:53.246036-05	1	64	3	Pa-9999999999-piedra de prueba	2	Eliminado/a "" 1.1. Fotografia.
56	2014-11-25 16:29:02.34135-05	1	64	3	Pa-9999999999-piedra de prueba	3	
57	2014-11-27 15:09:19.990361-05	1	64	4	Pa-123123123-rocadeprueba	1	
58	2014-11-27 15:09:42.562956-05	1	64	4	Pa-123123123-rocadeprueba	3	
\.


--
-- Name: django_admin_log_id_seq; Type: SEQUENCE SET; Schema: public; Owner: postgres
--

SELECT pg_catalog.setval('django_admin_log_id_seq', 58, true);


--
-- Data for Name: django_content_type; Type: TABLE DATA; Schema: public; Owner: postgres
--

COPY django_content_type (id, name, app_label, model) FROM stdin;
1	permission	auth	permission
2	group	auth	group
3	user	auth	user
4	content type	contenttypes	contenttype
5	session	sessions	session
6	site	sites	site
7	log entry	admin	logentry
8	migration history	south	migrationhistory
9	3. Estado/Provincia	anarapp	estado
10	2. Municipio	anarapp	municipio
11	Yacimiento	anarapp	yacimiento
12	4. Localidad	anarapp	localidadyacimiento
13	5. Uso Actual Del Suelo	anarapp	usoactsuelo
14	5.7 Tenencia de la Tierra	anarapp	tenenciadetierra
15	6. Indicaciones para llegar al Yac.	anarapp	indicaciones
16	..	anarapp	croquis
17	7. Nmero de Plano	anarapp	plano
18	8. Coordenadas	anarapp	coordenadas
19	9. Datum GPS	anarapp	datum
20	10. Altitud	anarapp	altitud
21	11. Fotografia	anarapp	fotografiayac
22	12. Tipo de Yacimiento	anarapp	tipoyacimiento
23	13. Tipo de Manifestacin	anarapp	manifestacionyacimiento
24	14. Ubicacin	anarapp	ubicacionyacimiento
25	15. Orientacion del Yacimiento	anarapp	orientacionyacimiento
26	16. Textura del Suelo	anarapp	texturasuelo
27	17. Flora	anarapp	florayacimiento
28	18. Fauna	anarapp	faunayacimiento
29	19. Hidrologa	anarapp	hidrologiayacimiento
30	20. Exposicin	anarapp	tipoexposicionyac
31	21. Constitucin del Yacimiento	anarapp	constitucionyacimiento
32	22. Material	anarapp	materialyacimiento
33	13.1. Geoglifo	anarapp	tecnicaparageoglifo
34	13.2. Pintura Rupestre	anarapp	tecnicaparapintura
35	13.3. Petroglifo	anarapp	tecnicaparapetroglifo
36	13.4. Micro-Petroglifo	anarapp	tecnicaparamicropetro
37	13.7. Monumentos Megalticos	anarapp	tecnicaparamonumentos
38	13.3. Petroglifo	anarapp	caracsurcopetroglifo
39	13.9. Amoladores	anarapp	caracsurcoamoladores
40	13.10. Bateas	anarapp	caracsurcobateas
41	13.11. Puntos Acoplados	anarapp	caracsurcopuntosacopl
42	13.12. Cpula	anarapp	caracsurcocupulas
43	13.13. Mortero o Metate	anarapp	caracsurcomortero
44	13.2. Pintura Rupestre	anarapp	caracdelapintura
45	13.7.1. Monolitos	anarapp	caracmonolitos
46	13.7.2. Menhires	anarapp	caracmenhires
47	13.7.3. Dolmen	anarapp	caracdolmenart
48	26.10 Notas	anarapp	notasyacimiento
49	27. Estado de la Conservacin	anarapp	estadoconseryac
50	27.5.1. Causas	anarapp	causasdestruccionyac
51	27.6.1. Tiempo	anarapp	intensidaddestruccionyac
52	28. Consider. sobre Temporalidad	anarapp	considertemp
53	29. Cronologa Tentativa	anarapp	cronologiatentativa
54	30. Manifestaciones Asociadas	anarapp	manifestacionesasociadas
55	30. Manifestaciones Asociadas	anarapp	manifestacioneslitica
56	30. Manifestaciones Asociadas	anarapp	manifestacionesceramica
57	30. Manifestaciones Asociadas	anarapp	manifestacionesoseo
58	30. Manifestaciones Asociadas	anarapp	manifestacionesconcha
59	30. Manifestaciones Asociadas	anarapp	manifestacionescarbon
60	30. Manifestaciones Asociadas	anarapp	manifestacionesmito
61	30. Manifestaciones Asociadas	anarapp	manifestacionescementerio
62	30. Manifestaciones Asociadas	anarapp	manifestacionesmonticulo
63	30. Manifestaciones Asociadas	anarapp	manifestacionesotros
64	Roca	anarapp	piedra
65	1.1. Fotografia	anarapp	fotografiapiedra
66	Dimensiones de la piedra	anarapp	dimensionpiedra
67	Cara trabajada	anarapp	caratrabajada
68	Ubic. cara trab. (cuevas/abrigos)	anarapp	ubicacioncaras
69	Conjunto de figuras por Tipo	anarapp	figurasportipo
70	Esquema por cara	anarapp	esquemaporcara
71	Conexion de figuras	anarapp	conexionfiguras
72	Manifestaciones de la piedra	anarapp	manifestaciones
73	trat foto	anarapp	tratfoto
74	Tratamiento para fotografas	anarapp	tratfotopiedra
75	foto	anarapp	foto
76	13.1 Mat. de apoyo fotogrfico	anarapp	fotopiedra
77	rep graf piedra	anarapp	repgrafpiedra
78	Reproduccin grf. escala natural	anarapp	escnatpiedra
79	Reproduccin grf. escala reducida	anarapp	escredpiedra
80	bibliografia	anarapp	bibliografia
81	Bibliografa	anarapp	bibyacimiento
82	Bibliografa	anarapp	bibpiedra
83	mat audio visual	anarapp	mataudiovisual
84	Material audiovisual	anarapp	matavyacimiento
85	Material audiovisual	anarapp	matavpiedra
86	video	anarapp	video
87	Video	anarapp	videoyacimiento
88	Video	anarapp	videopiedra
89	pelicula	anarapp	pelicula
90	Pelcula	anarapp	peliyacimiento
91	Pelcula	anarapp	peliculapiedra
92	pagina web	anarapp	paginaweb
93	Pgina Web	anarapp	paginawebyac
94	Pgina Web	anarapp	paginawebpiedra
95	multimedia	anarapp	multimedia
96	Multimedia	anarapp	multimediayac
97	Multimedia	anarapp	multimediapiedra
98	obtencion info	anarapp	obtencioninfo
99	Informacin obtenida por	anarapp	obtinfoyac
100	Informacin obtenida por	anarapp	obtinfopiedra
101	otros valores	anarapp	otrosvalores
102	Otros valores del sitio	anarapp	otrosvalyac
103	Otros valores de la piedra	anarapp	otrosvalpiedra
104	observaciones	anarapp	observaciones
105	Observaciones	anarapp	observacionesyac
106	Observaciones	anarapp	observacpiedra
107	llenado por	anarapp	llenadopor
108	Ficha llenada por	anarapp	llenadoyac
109	Ficha llenada por	anarapp	llenadopiedra
110	supervisado por	anarapp	supervisadopor
111	Ficha Supervisada Por	anarapp	supervisadoyac
112	Ficha Supervisada Por	anarapp	supervisadopiedra
113	25.6. Colores	anarapp	colores
114	25.6. Colores	anarapp	desccolores
\.


--
-- Name: django_content_type_id_seq; Type: SEQUENCE SET; Schema: public; Owner: postgres
--

SELECT pg_catalog.setval('django_content_type_id_seq', 114, true);


--
-- Data for Name: django_session; Type: TABLE DATA; Schema: public; Owner: postgres
--

COPY django_session (session_key, session_data, expire_date) FROM stdin;
101421c7d2f4afca2d242fc4e976a641	Nzc3OWZlZjMzY2U1NDAwY2UzMzM5MTg1M2JlNGYyMDRmZGFlNTA4ZjqAAn1xAShVEl9hdXRoX3Vz\nZXJfYmFja2VuZHECVSlkamFuZ28uY29udHJpYi5hdXRoLmJhY2tlbmRzLk1vZGVsQmFja2VuZHED\nVQ1fYXV0aF91c2VyX2lkcQRLAXUu\n	2014-04-15 10:56:57.330141-04
cda6eb68683ccf450b12628b542a111d	YzI5OTQwM2JkZTg2MzgyMGVkNTQ2NjZlNmYxMDM0MmIxYTAwMmNmNTqAAn1xAVUKdGVzdGNvb2tp\nZXECVQZ3b3JrZWRxA3Mu\n	2014-04-15 11:24:10.763128-04
b992fd81fa8bb94a00d0469ab2d6771d	YzI5OTQwM2JkZTg2MzgyMGVkNTQ2NjZlNmYxMDM0MmIxYTAwMmNmNTqAAn1xAVUKdGVzdGNvb2tp\nZXECVQZ3b3JrZWRxA3Mu\n	2014-04-15 11:24:23.042783-04
8a91f2504167f2633c90be82f8bf6d58	NjJjNzVjNWRkMzM5MTUzMjJlNWUwYzJiMDA4ZGVlNGIyYjA2NTIwNDqAAn1xAS4=\n	2014-04-15 11:24:30.239282-04
2c8c761d16602a76e003d961f6ccf08a	NjJjNzVjNWRkMzM5MTUzMjJlNWUwYzJiMDA4ZGVlNGIyYjA2NTIwNDqAAn1xAS4=\n	2014-04-18 15:12:00.44726-04
97df21ca057172834a1e66e5ae1375ee	YzI5OTQwM2JkZTg2MzgyMGVkNTQ2NjZlNmYxMDM0MmIxYTAwMmNmNTqAAn1xAVUKdGVzdGNvb2tp\nZXECVQZ3b3JrZWRxA3Mu\n	2014-04-18 15:12:10.443988-04
0ab24f1d875a98001504c5a95cc257fd	NjJjNzVjNWRkMzM5MTUzMjJlNWUwYzJiMDA4ZGVlNGIyYjA2NTIwNDqAAn1xAS4=\n	2014-04-21 22:09:55.127127-04
abcf3481e0a6643529a16f87466dc224	Nzc3OWZlZjMzY2U1NDAwY2UzMzM5MTg1M2JlNGYyMDRmZGFlNTA4ZjqAAn1xAShVEl9hdXRoX3Vz\nZXJfYmFja2VuZHECVSlkamFuZ28uY29udHJpYi5hdXRoLmJhY2tlbmRzLk1vZGVsQmFja2VuZHED\nVQ1fYXV0aF91c2VyX2lkcQRLAXUu\n	2014-04-24 20:12:50.389279-04
e61753d5a4badf634b5b0ddacb3841e9	Nzc3OWZlZjMzY2U1NDAwY2UzMzM5MTg1M2JlNGYyMDRmZGFlNTA4ZjqAAn1xAShVEl9hdXRoX3Vz\nZXJfYmFja2VuZHECVSlkamFuZ28uY29udHJpYi5hdXRoLmJhY2tlbmRzLk1vZGVsQmFja2VuZHED\nVQ1fYXV0aF91c2VyX2lkcQRLAXUu\n	2014-05-08 12:06:36.963314-04
e10d69b42a01ca3cf834a02bd60c98ef	Nzc3OWZlZjMzY2U1NDAwY2UzMzM5MTg1M2JlNGYyMDRmZGFlNTA4ZjqAAn1xAShVEl9hdXRoX3Vz\nZXJfYmFja2VuZHECVSlkamFuZ28uY29udHJpYi5hdXRoLmJhY2tlbmRzLk1vZGVsQmFja2VuZHED\nVQ1fYXV0aF91c2VyX2lkcQRLAXUu\n	2014-05-16 09:17:04.588408-04
2290701ca20eefe51bf429cbe73e00c4	YzI5OTQwM2JkZTg2MzgyMGVkNTQ2NjZlNmYxMDM0MmIxYTAwMmNmNTqAAn1xAVUKdGVzdGNvb2tp\nZXECVQZ3b3JrZWRxA3Mu\n	2014-05-23 11:48:24.625362-04
a0e8cc9a7d4b596249ab09d2a31d964c	NjJjNzVjNWRkMzM5MTUzMjJlNWUwYzJiMDA4ZGVlNGIyYjA2NTIwNDqAAn1xAS4=\n	2014-05-23 11:48:35.747308-04
0198616fe3838d58d4ac05eb664b410b	YzI5OTQwM2JkZTg2MzgyMGVkNTQ2NjZlNmYxMDM0MmIxYTAwMmNmNTqAAn1xAVUKdGVzdGNvb2tp\nZXECVQZ3b3JrZWRxA3Mu\n	2014-05-23 11:48:49.073777-04
b558ae9a396ba93743ee964a7775e8c5	YzI5OTQwM2JkZTg2MzgyMGVkNTQ2NjZlNmYxMDM0MmIxYTAwMmNmNTqAAn1xAVUKdGVzdGNvb2tp\nZXECVQZ3b3JrZWRxA3Mu\n	2014-05-23 11:48:52.181423-04
b9b0bbd460963d9eabe96a48b14892f4	NjJjNzVjNWRkMzM5MTUzMjJlNWUwYzJiMDA4ZGVlNGIyYjA2NTIwNDqAAn1xAS4=\n	2014-05-24 14:57:08.108135-04
67ee430b782de406a6d8dd184b0501c1	Nzc3OWZlZjMzY2U1NDAwY2UzMzM5MTg1M2JlNGYyMDRmZGFlNTA4ZjqAAn1xAShVEl9hdXRoX3Vz\nZXJfYmFja2VuZHECVSlkamFuZ28uY29udHJpYi5hdXRoLmJhY2tlbmRzLk1vZGVsQmFja2VuZHED\nVQ1fYXV0aF91c2VyX2lkcQRLAXUu\n	2014-05-30 10:13:45.727506-04
47a136576e265f7c2f2e46eae513a608	YzI5OTQwM2JkZTg2MzgyMGVkNTQ2NjZlNmYxMDM0MmIxYTAwMmNmNTqAAn1xAVUKdGVzdGNvb2tp\nZXECVQZ3b3JrZWRxA3Mu\n	2014-06-02 22:27:55.269059-04
520a8bf0f8fbb103ad45774549ededec	YzI5OTQwM2JkZTg2MzgyMGVkNTQ2NjZlNmYxMDM0MmIxYTAwMmNmNTqAAn1xAVUKdGVzdGNvb2tp\nZXECVQZ3b3JrZWRxA3Mu\n	2014-06-07 10:52:54.289878-04
4dab03d6c1be5d2f6c59acec6d139d2a	Nzc3OWZlZjMzY2U1NDAwY2UzMzM5MTg1M2JlNGYyMDRmZGFlNTA4ZjqAAn1xAShVEl9hdXRoX3Vz\nZXJfYmFja2VuZHECVSlkamFuZ28uY29udHJpYi5hdXRoLmJhY2tlbmRzLk1vZGVsQmFja2VuZHED\nVQ1fYXV0aF91c2VyX2lkcQRLAXUu\n	2014-06-07 19:23:37.316907-04
cb66a810fb1abba88d24dcd93f84e168	Nzc3OWZlZjMzY2U1NDAwY2UzMzM5MTg1M2JlNGYyMDRmZGFlNTA4ZjqAAn1xAShVEl9hdXRoX3Vz\nZXJfYmFja2VuZHECVSlkamFuZ28uY29udHJpYi5hdXRoLmJhY2tlbmRzLk1vZGVsQmFja2VuZHED\nVQ1fYXV0aF91c2VyX2lkcQRLAXUu\n	2014-06-19 14:24:47.345274-04
22fba1f7937892c0036b064c41a21eb2	NjJjNzVjNWRkMzM5MTUzMjJlNWUwYzJiMDA4ZGVlNGIyYjA2NTIwNDqAAn1xAS4=\n	2014-07-09 17:09:14.041034-04
0bc877d7d724d380c23febc588863bbe	Nzc3OWZlZjMzY2U1NDAwY2UzMzM5MTg1M2JlNGYyMDRmZGFlNTA4ZjqAAn1xAShVEl9hdXRoX3Vz\nZXJfYmFja2VuZHECVSlkamFuZ28uY29udHJpYi5hdXRoLmJhY2tlbmRzLk1vZGVsQmFja2VuZHED\nVQ1fYXV0aF91c2VyX2lkcQRLAXUu\n	2014-07-09 17:59:11.474151-04
4a14d23006c7668e4d9b2b5766a2c98a	NjJjNzVjNWRkMzM5MTUzMjJlNWUwYzJiMDA4ZGVlNGIyYjA2NTIwNDqAAn1xAS4=\n	2014-07-16 17:29:55.772266-04
470d4658d5181f4ff169c1beb6795dc9	YzI5OTQwM2JkZTg2MzgyMGVkNTQ2NjZlNmYxMDM0MmIxYTAwMmNmNTqAAn1xAVUKdGVzdGNvb2tp\nZXECVQZ3b3JrZWRxA3Mu\n	2014-07-30 09:04:28.647528-04
400af2a40c88d4e48b674bd2f2bbc7a7	YjNhMzE3MzdlYTQwODY0ZjRjMzljNmE3MjJmMjE4OTVlODcxZjY5ODqAAn1xAVUKdGVzdGNvb2tp\nZVUGd29ya2VkcQJzLg==\n	2014-07-30 09:04:56.417474-04
a6c6fb249de460cf22907d38d9c06609	YjNhMzE3MzdlYTQwODY0ZjRjMzljNmE3MjJmMjE4OTVlODcxZjY5ODqAAn1xAVUKdGVzdGNvb2tp\nZVUGd29ya2VkcQJzLg==\n	2014-07-30 13:21:54.538197-04
82510c1e9cf00e074ea3adc7f971d3e4	YzI5OTQwM2JkZTg2MzgyMGVkNTQ2NjZlNmYxMDM0MmIxYTAwMmNmNTqAAn1xAVUKdGVzdGNvb2tp\nZXECVQZ3b3JrZWRxA3Mu\n	2014-08-02 10:42:19.024565-04
9e82ce5da81a748eee8ed79b7e3cf6eb	Nzc3OWZlZjMzY2U1NDAwY2UzMzM5MTg1M2JlNGYyMDRmZGFlNTA4ZjqAAn1xAShVEl9hdXRoX3Vz\nZXJfYmFja2VuZHECVSlkamFuZ28uY29udHJpYi5hdXRoLmJhY2tlbmRzLk1vZGVsQmFja2VuZHED\nVQ1fYXV0aF91c2VyX2lkcQRLAXUu\n	2014-08-02 16:10:48.969284-04
77aea2dec26af543bf695f660d7fac7e	YzI5OTQwM2JkZTg2MzgyMGVkNTQ2NjZlNmYxMDM0MmIxYTAwMmNmNTqAAn1xAVUKdGVzdGNvb2tp\nZXECVQZ3b3JrZWRxA3Mu\n	2014-08-10 11:25:28.433769-04
6bd3152cb39a934587ac36c66d4e17b1	YzI5OTQwM2JkZTg2MzgyMGVkNTQ2NjZlNmYxMDM0MmIxYTAwMmNmNTqAAn1xAVUKdGVzdGNvb2tp\nZXECVQZ3b3JrZWRxA3Mu\n	2014-08-10 19:09:10.551753-04
269f8a4a2553360e7cf793099c4da07a	Nzc3OWZlZjMzY2U1NDAwY2UzMzM5MTg1M2JlNGYyMDRmZGFlNTA4ZjqAAn1xAShVEl9hdXRoX3Vz\nZXJfYmFja2VuZHECVSlkamFuZ28uY29udHJpYi5hdXRoLmJhY2tlbmRzLk1vZGVsQmFja2VuZHED\nVQ1fYXV0aF91c2VyX2lkcQRLAXUu\n	2014-08-15 10:30:22.302377-04
cce91bbf4d4da251aa81684bdb7abf56	YzI5OTQwM2JkZTg2MzgyMGVkNTQ2NjZlNmYxMDM0MmIxYTAwMmNmNTqAAn1xAVUKdGVzdGNvb2tp\nZXECVQZ3b3JrZWRxA3Mu\n	2014-08-17 19:13:56.891147-04
fe23ec93731454a0c6779dc55199b495	YzI5OTQwM2JkZTg2MzgyMGVkNTQ2NjZlNmYxMDM0MmIxYTAwMmNmNTqAAn1xAVUKdGVzdGNvb2tp\nZXECVQZ3b3JrZWRxA3Mu\n	2014-08-19 07:34:49.547994-04
4ad90fc8bb80490aaab20a804a02ea3b	NjJjNzVjNWRkMzM5MTUzMjJlNWUwYzJiMDA4ZGVlNGIyYjA2NTIwNDqAAn1xAS4=\n	2014-08-19 09:26:36.110437-04
7b2d7f71dce6c4b7abff604ce59f7084	Nzc3OWZlZjMzY2U1NDAwY2UzMzM5MTg1M2JlNGYyMDRmZGFlNTA4ZjqAAn1xAShVEl9hdXRoX3Vz\nZXJfYmFja2VuZHECVSlkamFuZ28uY29udHJpYi5hdXRoLmJhY2tlbmRzLk1vZGVsQmFja2VuZHED\nVQ1fYXV0aF91c2VyX2lkcQRLAXUu\n	2014-09-26 20:38:21.590884-04
07cad08d6deb3b52cbb98c278dcaafbf	Nzc3OWZlZjMzY2U1NDAwY2UzMzM5MTg1M2JlNGYyMDRmZGFlNTA4ZjqAAn1xAShVEl9hdXRoX3Vz\nZXJfYmFja2VuZHECVSlkamFuZ28uY29udHJpYi5hdXRoLmJhY2tlbmRzLk1vZGVsQmFja2VuZHED\nVQ1fYXV0aF91c2VyX2lkcQRLAXUu\n	2014-09-27 12:00:33.620438-04
07ad9b31070953800bc7b6f4922e5bf1	Nzc3OWZlZjMzY2U1NDAwY2UzMzM5MTg1M2JlNGYyMDRmZGFlNTA4ZjqAAn1xAShVEl9hdXRoX3Vz\nZXJfYmFja2VuZHECVSlkamFuZ28uY29udHJpYi5hdXRoLmJhY2tlbmRzLk1vZGVsQmFja2VuZHED\nVQ1fYXV0aF91c2VyX2lkcQRLAXUu\n	2014-09-27 12:14:37.639644-04
95a3146f1a48cab62bb0b57e5ce1a4b8	Nzc3OWZlZjMzY2U1NDAwY2UzMzM5MTg1M2JlNGYyMDRmZGFlNTA4ZjqAAn1xAShVEl9hdXRoX3Vz\nZXJfYmFja2VuZHECVSlkamFuZ28uY29udHJpYi5hdXRoLmJhY2tlbmRzLk1vZGVsQmFja2VuZHED\nVQ1fYXV0aF91c2VyX2lkcQRLAXUu\n	2014-09-27 13:25:14.808732-04
1b9ad4c1a98401edc99391a1fe560ba3	Nzc3OWZlZjMzY2U1NDAwY2UzMzM5MTg1M2JlNGYyMDRmZGFlNTA4ZjqAAn1xAShVEl9hdXRoX3Vz\nZXJfYmFja2VuZHECVSlkamFuZ28uY29udHJpYi5hdXRoLmJhY2tlbmRzLk1vZGVsQmFja2VuZHED\nVQ1fYXV0aF91c2VyX2lkcQRLAXUu\n	2014-09-27 13:26:45.87471-04
1fa74596144e4540228cde7278549baa	YzI5OTQwM2JkZTg2MzgyMGVkNTQ2NjZlNmYxMDM0MmIxYTAwMmNmNTqAAn1xAVUKdGVzdGNvb2tp\nZXECVQZ3b3JrZWRxA3Mu\n	2014-09-27 22:24:30.02867-04
29a323814ec4d31b511e716e5edf9d21	Nzc3OWZlZjMzY2U1NDAwY2UzMzM5MTg1M2JlNGYyMDRmZGFlNTA4ZjqAAn1xAShVEl9hdXRoX3Vz\nZXJfYmFja2VuZHECVSlkamFuZ28uY29udHJpYi5hdXRoLmJhY2tlbmRzLk1vZGVsQmFja2VuZHED\nVQ1fYXV0aF91c2VyX2lkcQRLAXUu\n	2014-09-30 20:52:59.764597-04
fab6519ae67bacecd2e22a3386e5d40b	Nzc3OWZlZjMzY2U1NDAwY2UzMzM5MTg1M2JlNGYyMDRmZGFlNTA4ZjqAAn1xAShVEl9hdXRoX3Vz\nZXJfYmFja2VuZHECVSlkamFuZ28uY29udHJpYi5hdXRoLmJhY2tlbmRzLk1vZGVsQmFja2VuZHED\nVQ1fYXV0aF91c2VyX2lkcQRLAXUu\n	2014-09-30 20:58:46.928679-04
722c96f7aba04d104291d61728d7c795	Nzc3OWZlZjMzY2U1NDAwY2UzMzM5MTg1M2JlNGYyMDRmZGFlNTA4ZjqAAn1xAShVEl9hdXRoX3Vz\nZXJfYmFja2VuZHECVSlkamFuZ28uY29udHJpYi5hdXRoLmJhY2tlbmRzLk1vZGVsQmFja2VuZHED\nVQ1fYXV0aF91c2VyX2lkcQRLAXUu\n	2014-09-30 21:01:28.238532-04
60f15131d095b990065b16061479af2e	YzI5OTQwM2JkZTg2MzgyMGVkNTQ2NjZlNmYxMDM0MmIxYTAwMmNmNTqAAn1xAVUKdGVzdGNvb2tp\nZXECVQZ3b3JrZWRxA3Mu\n	2014-10-01 18:49:04.02715-04
e54470bb120c69ee9e26fcdada7e7c9c	Nzc3OWZlZjMzY2U1NDAwY2UzMzM5MTg1M2JlNGYyMDRmZGFlNTA4ZjqAAn1xAShVEl9hdXRoX3Vz\nZXJfYmFja2VuZHECVSlkamFuZ28uY29udHJpYi5hdXRoLmJhY2tlbmRzLk1vZGVsQmFja2VuZHED\nVQ1fYXV0aF91c2VyX2lkcQRLAXUu\n	2014-10-03 14:29:53.013686-04
4be6336cb467952893021d89a1910232	YzI5OTQwM2JkZTg2MzgyMGVkNTQ2NjZlNmYxMDM0MmIxYTAwMmNmNTqAAn1xAVUKdGVzdGNvb2tp\nZXECVQZ3b3JrZWRxA3Mu\n	2014-10-05 11:42:43.395152-04
778a27acb82b42130968dfa5a99172de	YzI5OTQwM2JkZTg2MzgyMGVkNTQ2NjZlNmYxMDM0MmIxYTAwMmNmNTqAAn1xAVUKdGVzdGNvb2tp\nZXECVQZ3b3JrZWRxA3Mu\n	2014-10-08 20:45:09.508251-04
1dd4bcb34fbb92b146dc81e72eb4cab5	Nzc3OWZlZjMzY2U1NDAwY2UzMzM5MTg1M2JlNGYyMDRmZGFlNTA4ZjqAAn1xAShVEl9hdXRoX3Vz\nZXJfYmFja2VuZHECVSlkamFuZ28uY29udHJpYi5hdXRoLmJhY2tlbmRzLk1vZGVsQmFja2VuZHED\nVQ1fYXV0aF91c2VyX2lkcQRLAXUu\n	2014-10-29 09:26:20.418909-04
8b96e14f5efabb096425731a9ff6a27c	Nzc3OWZlZjMzY2U1NDAwY2UzMzM5MTg1M2JlNGYyMDRmZGFlNTA4ZjqAAn1xAShVEl9hdXRoX3Vz\nZXJfYmFja2VuZHECVSlkamFuZ28uY29udHJpYi5hdXRoLmJhY2tlbmRzLk1vZGVsQmFja2VuZHED\nVQ1fYXV0aF91c2VyX2lkcQRLAXUu\n	2014-11-11 11:08:20.139301-05
55e37bb2b75b3ddfc4c3cca09d2211f3	Nzc3OWZlZjMzY2U1NDAwY2UzMzM5MTg1M2JlNGYyMDRmZGFlNTA4ZjqAAn1xAShVEl9hdXRoX3Vz\nZXJfYmFja2VuZHECVSlkamFuZ28uY29udHJpYi5hdXRoLmJhY2tlbmRzLk1vZGVsQmFja2VuZHED\nVQ1fYXV0aF91c2VyX2lkcQRLAXUu\n	2014-11-11 19:02:36.247284-05
fa475d684b481ef8c88a92c41cd4e3d5	YzI5OTQwM2JkZTg2MzgyMGVkNTQ2NjZlNmYxMDM0MmIxYTAwMmNmNTqAAn1xAVUKdGVzdGNvb2tp\nZXECVQZ3b3JrZWRxA3Mu\n	2014-11-15 23:11:44.831857-05
9ccfe26a2dc165435d6b36f15983affa	YzI5OTQwM2JkZTg2MzgyMGVkNTQ2NjZlNmYxMDM0MmIxYTAwMmNmNTqAAn1xAVUKdGVzdGNvb2tp\nZXECVQZ3b3JrZWRxA3Mu\n	2014-11-17 08:22:30.606111-05
76e24482de6a170ee5cb07ae2503c017	YjNhMzE3MzdlYTQwODY0ZjRjMzljNmE3MjJmMjE4OTVlODcxZjY5ODqAAn1xAVUKdGVzdGNvb2tp\nZVUGd29ya2VkcQJzLg==\n	2014-11-17 15:14:52.297587-05
2bf8209e8484c9313cc28ba33233681c	YzI5OTQwM2JkZTg2MzgyMGVkNTQ2NjZlNmYxMDM0MmIxYTAwMmNmNTqAAn1xAVUKdGVzdGNvb2tp\nZXECVQZ3b3JrZWRxA3Mu\n	2014-11-18 08:46:05.389711-05
e7a499ac365821d4eb4dc4863f5745fa	YzI5OTQwM2JkZTg2MzgyMGVkNTQ2NjZlNmYxMDM0MmIxYTAwMmNmNTqAAn1xAVUKdGVzdGNvb2tp\nZXECVQZ3b3JrZWRxA3Mu\n	2014-11-18 16:26:00.017714-05
abb730b9180044282cd2e47575573bf9	YzI5OTQwM2JkZTg2MzgyMGVkNTQ2NjZlNmYxMDM0MmIxYTAwMmNmNTqAAn1xAVUKdGVzdGNvb2tp\nZXECVQZ3b3JrZWRxA3Mu\n	2014-11-19 14:17:40.267425-05
7f01ea64c0a5cca643d3bf04f8c7ee00	Nzc3OWZlZjMzY2U1NDAwY2UzMzM5MTg1M2JlNGYyMDRmZGFlNTA4ZjqAAn1xAShVEl9hdXRoX3Vz\nZXJfYmFja2VuZHECVSlkamFuZ28uY29udHJpYi5hdXRoLmJhY2tlbmRzLk1vZGVsQmFja2VuZHED\nVQ1fYXV0aF91c2VyX2lkcQRLAXUu\n	2014-11-20 13:56:52.882775-05
3569677f38847716cee766f41c315cb5	YzI5OTQwM2JkZTg2MzgyMGVkNTQ2NjZlNmYxMDM0MmIxYTAwMmNmNTqAAn1xAVUKdGVzdGNvb2tp\nZXECVQZ3b3JrZWRxA3Mu\n	2014-11-25 10:51:42.554539-05
b753bf42348cfa25322ca0227a8f047c	YzI5OTQwM2JkZTg2MzgyMGVkNTQ2NjZlNmYxMDM0MmIxYTAwMmNmNTqAAn1xAVUKdGVzdGNvb2tp\nZXECVQZ3b3JrZWRxA3Mu\n	2014-11-26 16:27:14.52097-05
c7d9a2708270bdb20ad44234201a5ff6	Nzc3OWZlZjMzY2U1NDAwY2UzMzM5MTg1M2JlNGYyMDRmZGFlNTA4ZjqAAn1xAShVEl9hdXRoX3Vz\nZXJfYmFja2VuZHECVSlkamFuZ28uY29udHJpYi5hdXRoLmJhY2tlbmRzLk1vZGVsQmFja2VuZHED\nVQ1fYXV0aF91c2VyX2lkcQRLAXUu\n	2014-11-26 16:44:21.582304-05
2528121602c237925fde60019c406642	YzI5OTQwM2JkZTg2MzgyMGVkNTQ2NjZlNmYxMDM0MmIxYTAwMmNmNTqAAn1xAVUKdGVzdGNvb2tp\nZXECVQZ3b3JrZWRxA3Mu\n	2014-11-27 08:27:26.557891-05
f0515b62f1928a273a322a7ef31dec12	Nzc3OWZlZjMzY2U1NDAwY2UzMzM5MTg1M2JlNGYyMDRmZGFlNTA4ZjqAAn1xAShVEl9hdXRoX3Vz\nZXJfYmFja2VuZHECVSlkamFuZ28uY29udHJpYi5hdXRoLmJhY2tlbmRzLk1vZGVsQmFja2VuZHED\nVQ1fYXV0aF91c2VyX2lkcQRLAXUu\n	2014-11-27 11:45:00.523131-05
417988b4b3bed41bfd9a58b25956f671	YjNhMzE3MzdlYTQwODY0ZjRjMzljNmE3MjJmMjE4OTVlODcxZjY5ODqAAn1xAVUKdGVzdGNvb2tp\nZVUGd29ya2VkcQJzLg==\n	2014-11-27 23:03:41.76376-05
d8969402ec244cc8dfd4e42616360960	YzI5OTQwM2JkZTg2MzgyMGVkNTQ2NjZlNmYxMDM0MmIxYTAwMmNmNTqAAn1xAVUKdGVzdGNvb2tp\nZXECVQZ3b3JrZWRxA3Mu\n	2014-11-28 09:25:04.335078-05
285dd194144668da0e32f1bfd0dbc69d	YzI5OTQwM2JkZTg2MzgyMGVkNTQ2NjZlNmYxMDM0MmIxYTAwMmNmNTqAAn1xAVUKdGVzdGNvb2tp\nZXECVQZ3b3JrZWRxA3Mu\n	2014-11-29 17:58:59.65369-05
6899133cd6144f33a92fbc6012e7e5f3	YzI5OTQwM2JkZTg2MzgyMGVkNTQ2NjZlNmYxMDM0MmIxYTAwMmNmNTqAAn1xAVUKdGVzdGNvb2tp\nZXECVQZ3b3JrZWRxA3Mu\n	2014-11-30 18:59:04.2897-05
8173358f1179d81b31258e4dc5f0af2b	YzI5OTQwM2JkZTg2MzgyMGVkNTQ2NjZlNmYxMDM0MmIxYTAwMmNmNTqAAn1xAVUKdGVzdGNvb2tp\nZXECVQZ3b3JrZWRxA3Mu\n	2014-12-01 21:32:58.231086-05
42575bac4acab974fe9b860acb92c440	YzI5OTQwM2JkZTg2MzgyMGVkNTQ2NjZlNmYxMDM0MmIxYTAwMmNmNTqAAn1xAVUKdGVzdGNvb2tp\nZXECVQZ3b3JrZWRxA3Mu\n	2014-12-03 09:26:04.117576-05
c4e958b2921f85f082861985f28bc77c	YzI5OTQwM2JkZTg2MzgyMGVkNTQ2NjZlNmYxMDM0MmIxYTAwMmNmNTqAAn1xAVUKdGVzdGNvb2tp\nZXECVQZ3b3JrZWRxA3Mu\n	2014-12-04 08:54:54.315024-05
308054bfac67eebdaf52a52d46cf0d7e	YjNhMzE3MzdlYTQwODY0ZjRjMzljNmE3MjJmMjE4OTVlODcxZjY5ODqAAn1xAVUKdGVzdGNvb2tp\nZVUGd29ya2VkcQJzLg==\n	2014-12-05 10:25:22.857756-05
babab339bd7dac9c84822227b05c5bc1	YzI5OTQwM2JkZTg2MzgyMGVkNTQ2NjZlNmYxMDM0MmIxYTAwMmNmNTqAAn1xAVUKdGVzdGNvb2tp\nZXECVQZ3b3JrZWRxA3Mu\n	2014-12-05 17:16:51.9635-05
1a5c88383260e485d21d65d0bb32aff5	Nzc3OWZlZjMzY2U1NDAwY2UzMzM5MTg1M2JlNGYyMDRmZGFlNTA4ZjqAAn1xAShVEl9hdXRoX3Vz\nZXJfYmFja2VuZHECVSlkamFuZ28uY29udHJpYi5hdXRoLmJhY2tlbmRzLk1vZGVsQmFja2VuZHED\nVQ1fYXV0aF91c2VyX2lkcQRLAXUu\n	2014-12-06 13:36:35.067179-05
98e10b65f855253a9f6fc0026cb4680c	YzI5OTQwM2JkZTg2MzgyMGVkNTQ2NjZlNmYxMDM0MmIxYTAwMmNmNTqAAn1xAVUKdGVzdGNvb2tp\nZXECVQZ3b3JrZWRxA3Mu\n	2014-12-07 09:39:57.53815-05
97af0277bcfe928ca3072fda65fc033b	Nzc3OWZlZjMzY2U1NDAwY2UzMzM5MTg1M2JlNGYyMDRmZGFlNTA4ZjqAAn1xAShVEl9hdXRoX3Vz\nZXJfYmFja2VuZHECVSlkamFuZ28uY29udHJpYi5hdXRoLmJhY2tlbmRzLk1vZGVsQmFja2VuZHED\nVQ1fYXV0aF91c2VyX2lkcQRLAXUu\n	2014-12-08 12:41:45.529732-05
3972629bfc823f331c352f9c266fc388	YzI5OTQwM2JkZTg2MzgyMGVkNTQ2NjZlNmYxMDM0MmIxYTAwMmNmNTqAAn1xAVUKdGVzdGNvb2tp\nZXECVQZ3b3JrZWRxA3Mu\n	2014-12-08 16:36:09.325227-05
68e3f6736a69395b4c6fccfb2beccd21	Nzc3OWZlZjMzY2U1NDAwY2UzMzM5MTg1M2JlNGYyMDRmZGFlNTA4ZjqAAn1xAShVEl9hdXRoX3Vz\nZXJfYmFja2VuZHECVSlkamFuZ28uY29udHJpYi5hdXRoLmJhY2tlbmRzLk1vZGVsQmFja2VuZHED\nVQ1fYXV0aF91c2VyX2lkcQRLAXUu\n	2014-12-09 08:48:56.585069-05
f867617414ec5bc951972e30176712c0	YzI5OTQwM2JkZTg2MzgyMGVkNTQ2NjZlNmYxMDM0MmIxYTAwMmNmNTqAAn1xAVUKdGVzdGNvb2tp\nZXECVQZ3b3JrZWRxA3Mu\n	2014-12-09 16:39:35.457528-05
cce28393d091e151f8238ef423ad4232	YzI5OTQwM2JkZTg2MzgyMGVkNTQ2NjZlNmYxMDM0MmIxYTAwMmNmNTqAAn1xAVUKdGVzdGNvb2tp\nZXECVQZ3b3JrZWRxA3Mu\n	2014-12-10 17:01:19.462878-05
378c7b300a2abe13a4b3ae44d0c8f678	Nzc3OWZlZjMzY2U1NDAwY2UzMzM5MTg1M2JlNGYyMDRmZGFlNTA4ZjqAAn1xAShVEl9hdXRoX3Vz\nZXJfYmFja2VuZHECVSlkamFuZ28uY29udHJpYi5hdXRoLmJhY2tlbmRzLk1vZGVsQmFja2VuZHED\nVQ1fYXV0aF91c2VyX2lkcQRLAXUu\n	2014-12-11 11:53:59.442118-05
8dbfeaca344aa12f9cf50908b5e0c97a	Nzc3OWZlZjMzY2U1NDAwY2UzMzM5MTg1M2JlNGYyMDRmZGFlNTA4ZjqAAn1xAShVEl9hdXRoX3Vz\nZXJfYmFja2VuZHECVSlkamFuZ28uY29udHJpYi5hdXRoLmJhY2tlbmRzLk1vZGVsQmFja2VuZHED\nVQ1fYXV0aF91c2VyX2lkcQRLAXUu\n	2014-12-11 15:08:01.539167-05
\.


--
-- Data for Name: django_site; Type: TABLE DATA; Schema: public; Owner: postgres
--

COPY django_site (id, domain, name) FROM stdin;
1	example.com	example.com
\.


--
-- Name: django_site_id_seq; Type: SEQUENCE SET; Schema: public; Owner: postgres
--

SELECT pg_catalog.setval('django_site_id_seq', 1, true);


--
-- Data for Name: south_migrationhistory; Type: TABLE DATA; Schema: public; Owner: postgres
--

COPY south_migrationhistory (id, app_name, migration, applied) FROM stdin;
1	anarapp	0001_initial	2014-04-01 10:52:27.401637-04
2	anarapp	0002_auto__del_tipomanifestacion__del_ubicacionyacimiento__add_manifestubic	2014-04-01 10:52:27.837054-04
3	anarapp	0003_auto__chg_field_llenadapor_yacimiento__del_unique_llenadapor_yacimient	2014-04-01 10:52:29.50916-04
4	anarapp	0004_auto__del_bibliografia__del_llenadapor__del_paginaweb__del_materialapo	2014-04-01 10:52:29.772838-04
5	anarapp	0005_auto__add_dimensionpiedra__add_llenadopiedra__add_foto__add_piedra__ad	2014-04-01 10:52:33.463313-04
6	anarapp	0006_auto__del_manifestubicacionyacimiento__add_notasyacimiento__add_manife	2014-04-01 10:52:41.111337-04
7	anarapp	0007_auto__chg_field_cronologiatentativa_yacimiento__del_unique_cronologiat	2014-04-01 10:52:41.697029-04
8	anarapp	0008_auto__chg_field_tenenciadetierra_esTenenciaOtros__chg_field_foto_numMa	2014-04-01 10:52:48.183352-04
9	anarapp	0009_auto__del_field_fotografiayac_urlImagen__add_field_fotografiayac_archi	2014-04-01 10:52:48.77009-04
10	anarapp	0010_auto__add_fotografiapiedra	2014-04-01 10:52:49.31257-04
11	anarapp	0011_auto__add_unique_yacimiento_codigo__chg_field_piedra_yacimiento__del_u	2014-04-01 10:52:50.16216-04
12	anarapp	0012_auto__add_field_tecnicaparamicropetro_esConcha	2014-04-01 10:52:50.939913-04
13	anarapp	0013_auto__del_field_manifestacionyacimiento_tipoManifestacion__add_field_m	2014-04-01 10:52:55.284828-04
14	anarapp	0014_auto__add_intensidaddestruccionyac__add_causasdestruccionyac__del_fiel	2014-04-01 10:52:56.079466-04
15	anarapp	0015_auto__add_field_intensidaddestruccionyac_observaciones__del_field_caus	2014-04-01 10:52:56.677397-04
16	anarapp	0016_auto__add_manifestacionescementerio__add_manifestacionesmonticulo__add	2014-04-01 10:52:58.220132-04
17	anarapp	0017_auto__del_fotobibliografia__del_fotobibpiedra__del_fotobibyac__add_fie	2014-04-01 10:53:02.051907-04
18	anarapp	0018_auto__add_municipio__add_estado__del_field_yacimiento_estado__del_fiel	2014-04-01 10:53:03.030828-04
19	anarapp	0019_auto__del_field_yacimiento_estado_fk__del_field_yacimiento_municipio_f	2014-04-01 10:53:03.81479-04
20	anarapp	0020_auto__chg_field_foto_fecha__chg_field_yacimiento_municipio__chg_field_	2014-04-02 19:34:49.259241-04
21	anarapp	0021_auto__add_desccolores__add_colores	2014-04-05 22:12:25.754811-04
22	anarapp	0022_auto__add_field_tecnicaparapintura_esPintura__add_field_bibyacimiento_	2014-10-28 12:06:41.404475-04
23	anarapp	0023_auto__del_field_bibyacimiento_descripcion__add_field_bibyacimiento_des	2014-11-21 08:31:13.230835-05
24	anarapp	0024_auto__add_field_matavyacimiento_ismatavy__add_field_matavyacimiento_fo	2014-11-21 08:31:14.321799-05
25	anarapp	0025_auto__add_field_videoyacimiento_isvidyac__add_field_videoyacimiento_an	2014-11-21 08:31:16.915719-05
26	anarapp	0026_auto__add_field_peliyacimiento_isvidyac__add_field_peliyacimiento_anio	2014-11-21 08:31:19.489276-05
27	anarapp	0027_auto__add_field_paginawebpiedra_tieneWb__add_field_paginawebpiedra_dir	2014-11-21 08:31:20.651194-05
28	anarapp	0028_auto__add_field_multimediapiedra_ismult__add_field_multimediapiedra_te	2014-11-21 08:31:21.728356-05
29	anarapp	0029_auto__del_field_obtencioninfo_twitter__del_field_obtencioninfo_telefon	2014-11-21 08:31:25.496944-05
30	anarapp	0030_auto__del_field_observaciones_texto__add_field_observacionesyac_textoY	2014-11-21 08:31:26.495531-05
31	anarapp	0031_auto__add_field_llenadopiedra_nombreP__add_field_llenadopiedra_fechaP_	2014-11-21 08:31:27.442038-05
32	anarapp	0032_auto__del_field_supervisadopor_nombre__del_field_supervisadopor_fecha_	2014-11-21 08:31:28.405726-05
33	anarapp	0033_auto__add_field_bibyacimiento_archivo1__add_field_bibyacimiento_archiv	2014-11-21 08:31:29.264061-05
34	anarapp	0034_auto__add_field_bibpiedra_tieneFotografia__add_field_bibpiedra_tieneFo	2014-11-21 08:31:30.065796-05
35	anarapp	0035_auto__add_field_foto_esfoto__add_field_bibpiedra_esbilbio	2014-11-21 08:31:30.897535-05
36	anarapp	0036_auto__del_field_foto_tipoFotografia__add_field_foto_tipoFotoA__add_fie	2014-11-21 08:31:31.751326-05
37	anarapp	0037_auto__del_field_escnatpiedra_tipoReproduccion__add_field_escnatpiedra_	2014-11-27 15:05:40.377054-05
\.


--
-- Name: south_migrationhistory_id_seq; Type: SEQUENCE SET; Schema: public; Owner: postgres
--

SELECT pg_catalog.setval('south_migrationhistory_id_seq', 37, true);


--
-- Name: anarapp_altitud_pkey; Type: CONSTRAINT; Schema: public; Owner: postgres; Tablespace: 
--

ALTER TABLE ONLY anarapp_altitud
    ADD CONSTRAINT anarapp_altitud_pkey PRIMARY KEY (id);


--
-- Name: anarapp_altitud_yacimiento_id_uniq; Type: CONSTRAINT; Schema: public; Owner: postgres; Tablespace: 
--

ALTER TABLE ONLY anarapp_altitud
    ADD CONSTRAINT anarapp_altitud_yacimiento_id_uniq UNIQUE (yacimiento_id);


--
-- Name: anarapp_bibliografia_pkey; Type: CONSTRAINT; Schema: public; Owner: postgres; Tablespace: 
--

ALTER TABLE ONLY anarapp_bibliografia
    ADD CONSTRAINT anarapp_bibliografia_pkey PRIMARY KEY (id);


--
-- Name: anarapp_bibpiedra_pkey; Type: CONSTRAINT; Schema: public; Owner: postgres; Tablespace: 
--

ALTER TABLE ONLY anarapp_bibpiedra
    ADD CONSTRAINT anarapp_bibpiedra_pkey PRIMARY KEY (bibliografia_ptr_id);


--
-- Name: anarapp_bibyacimiento_pkey; Type: CONSTRAINT; Schema: public; Owner: postgres; Tablespace: 
--

ALTER TABLE ONLY anarapp_bibyacimiento
    ADD CONSTRAINT anarapp_bibyacimiento_pkey PRIMARY KEY (bibliografia_ptr_id);


--
-- Name: anarapp_caracdelapintura_pkey; Type: CONSTRAINT; Schema: public; Owner: postgres; Tablespace: 
--

ALTER TABLE ONLY anarapp_caracdelapintura
    ADD CONSTRAINT anarapp_caracdelapintura_pkey PRIMARY KEY (id);


--
-- Name: anarapp_caracdelapintura_yacimiento_id_key; Type: CONSTRAINT; Schema: public; Owner: postgres; Tablespace: 
--

ALTER TABLE ONLY anarapp_caracdelapintura
    ADD CONSTRAINT anarapp_caracdelapintura_yacimiento_id_key UNIQUE (yacimiento_id);


--
-- Name: anarapp_caracdolmenart_pkey; Type: CONSTRAINT; Schema: public; Owner: postgres; Tablespace: 
--

ALTER TABLE ONLY anarapp_caracdolmenart
    ADD CONSTRAINT anarapp_caracdolmenart_pkey PRIMARY KEY (id);


--
-- Name: anarapp_caracdolmenart_yacimiento_id_key; Type: CONSTRAINT; Schema: public; Owner: postgres; Tablespace: 
--

ALTER TABLE ONLY anarapp_caracdolmenart
    ADD CONSTRAINT anarapp_caracdolmenart_yacimiento_id_key UNIQUE (yacimiento_id);


--
-- Name: anarapp_caracmenhires_pkey; Type: CONSTRAINT; Schema: public; Owner: postgres; Tablespace: 
--

ALTER TABLE ONLY anarapp_caracmenhires
    ADD CONSTRAINT anarapp_caracmenhires_pkey PRIMARY KEY (id);


--
-- Name: anarapp_caracmenhires_yacimiento_id_key; Type: CONSTRAINT; Schema: public; Owner: postgres; Tablespace: 
--

ALTER TABLE ONLY anarapp_caracmenhires
    ADD CONSTRAINT anarapp_caracmenhires_yacimiento_id_key UNIQUE (yacimiento_id);


--
-- Name: anarapp_caracmonolitos_pkey; Type: CONSTRAINT; Schema: public; Owner: postgres; Tablespace: 
--

ALTER TABLE ONLY anarapp_caracmonolitos
    ADD CONSTRAINT anarapp_caracmonolitos_pkey PRIMARY KEY (id);


--
-- Name: anarapp_caracmonolitos_yacimiento_id_key; Type: CONSTRAINT; Schema: public; Owner: postgres; Tablespace: 
--

ALTER TABLE ONLY anarapp_caracmonolitos
    ADD CONSTRAINT anarapp_caracmonolitos_yacimiento_id_key UNIQUE (yacimiento_id);


--
-- Name: anarapp_caracsurcoamoladores_pkey; Type: CONSTRAINT; Schema: public; Owner: postgres; Tablespace: 
--

ALTER TABLE ONLY anarapp_caracsurcoamoladores
    ADD CONSTRAINT anarapp_caracsurcoamoladores_pkey PRIMARY KEY (id);


--
-- Name: anarapp_caracsurcoamoladores_yacimiento_id_uniq; Type: CONSTRAINT; Schema: public; Owner: postgres; Tablespace: 
--

ALTER TABLE ONLY anarapp_caracsurcoamoladores
    ADD CONSTRAINT anarapp_caracsurcoamoladores_yacimiento_id_uniq UNIQUE (yacimiento_id);


--
-- Name: anarapp_caracsurcobateas_pkey; Type: CONSTRAINT; Schema: public; Owner: postgres; Tablespace: 
--

ALTER TABLE ONLY anarapp_caracsurcobateas
    ADD CONSTRAINT anarapp_caracsurcobateas_pkey PRIMARY KEY (id);


--
-- Name: anarapp_caracsurcobateas_yacimiento_id_uniq; Type: CONSTRAINT; Schema: public; Owner: postgres; Tablespace: 
--

ALTER TABLE ONLY anarapp_caracsurcobateas
    ADD CONSTRAINT anarapp_caracsurcobateas_yacimiento_id_uniq UNIQUE (yacimiento_id);


--
-- Name: anarapp_caracsurcocupulas_pkey; Type: CONSTRAINT; Schema: public; Owner: postgres; Tablespace: 
--

ALTER TABLE ONLY anarapp_caracsurcocupulas
    ADD CONSTRAINT anarapp_caracsurcocupulas_pkey PRIMARY KEY (id);


--
-- Name: anarapp_caracsurcocupulas_yacimiento_id_uniq; Type: CONSTRAINT; Schema: public; Owner: postgres; Tablespace: 
--

ALTER TABLE ONLY anarapp_caracsurcocupulas
    ADD CONSTRAINT anarapp_caracsurcocupulas_yacimiento_id_uniq UNIQUE (yacimiento_id);


--
-- Name: anarapp_caracsurcomortero_pkey; Type: CONSTRAINT; Schema: public; Owner: postgres; Tablespace: 
--

ALTER TABLE ONLY anarapp_caracsurcomortero
    ADD CONSTRAINT anarapp_caracsurcomortero_pkey PRIMARY KEY (id);


--
-- Name: anarapp_caracsurcomortero_yacimiento_id_uniq; Type: CONSTRAINT; Schema: public; Owner: postgres; Tablespace: 
--

ALTER TABLE ONLY anarapp_caracsurcomortero
    ADD CONSTRAINT anarapp_caracsurcomortero_yacimiento_id_uniq UNIQUE (yacimiento_id);


--
-- Name: anarapp_caracsurcopetroglifo_pkey; Type: CONSTRAINT; Schema: public; Owner: postgres; Tablespace: 
--

ALTER TABLE ONLY anarapp_caracsurcopetroglifo
    ADD CONSTRAINT anarapp_caracsurcopetroglifo_pkey PRIMARY KEY (id);


--
-- Name: anarapp_caracsurcopetroglifo_yacimiento_id_uniq; Type: CONSTRAINT; Schema: public; Owner: postgres; Tablespace: 
--

ALTER TABLE ONLY anarapp_caracsurcopetroglifo
    ADD CONSTRAINT anarapp_caracsurcopetroglifo_yacimiento_id_uniq UNIQUE (yacimiento_id);


--
-- Name: anarapp_caracsurcopuntosacopl_pkey; Type: CONSTRAINT; Schema: public; Owner: postgres; Tablespace: 
--

ALTER TABLE ONLY anarapp_caracsurcopuntosacopl
    ADD CONSTRAINT anarapp_caracsurcopuntosacopl_pkey PRIMARY KEY (id);


--
-- Name: anarapp_caracsurcopuntosacopl_yacimiento_id_key; Type: CONSTRAINT; Schema: public; Owner: postgres; Tablespace: 
--

ALTER TABLE ONLY anarapp_caracsurcopuntosacopl
    ADD CONSTRAINT anarapp_caracsurcopuntosacopl_yacimiento_id_key UNIQUE (yacimiento_id);


--
-- Name: anarapp_caratrabajada_pkey; Type: CONSTRAINT; Schema: public; Owner: postgres; Tablespace: 
--

ALTER TABLE ONLY anarapp_caratrabajada
    ADD CONSTRAINT anarapp_caratrabajada_pkey PRIMARY KEY (id);


--
-- Name: anarapp_causasdestruccionyac_pkey; Type: CONSTRAINT; Schema: public; Owner: postgres; Tablespace: 
--

ALTER TABLE ONLY anarapp_causasdestruccionyac
    ADD CONSTRAINT anarapp_causasdestruccionyac_pkey PRIMARY KEY (id);


--
-- Name: anarapp_causasdestruccionyac_yacimiento_id_key; Type: CONSTRAINT; Schema: public; Owner: postgres; Tablespace: 
--

ALTER TABLE ONLY anarapp_causasdestruccionyac
    ADD CONSTRAINT anarapp_causasdestruccionyac_yacimiento_id_key UNIQUE (yacimiento_id);


--
-- Name: anarapp_colores_pkey; Type: CONSTRAINT; Schema: public; Owner: postgres; Tablespace: 
--

ALTER TABLE ONLY anarapp_colores
    ADD CONSTRAINT anarapp_colores_pkey PRIMARY KEY (id);


--
-- Name: anarapp_conexionfiguras_piedra_id_uniq; Type: CONSTRAINT; Schema: public; Owner: postgres; Tablespace: 
--

ALTER TABLE ONLY anarapp_conexionfiguras
    ADD CONSTRAINT anarapp_conexionfiguras_piedra_id_uniq UNIQUE (piedra_id);


--
-- Name: anarapp_conexionfiguras_pkey; Type: CONSTRAINT; Schema: public; Owner: postgres; Tablespace: 
--

ALTER TABLE ONLY anarapp_conexionfiguras
    ADD CONSTRAINT anarapp_conexionfiguras_pkey PRIMARY KEY (id);


--
-- Name: anarapp_considertemp_pkey; Type: CONSTRAINT; Schema: public; Owner: postgres; Tablespace: 
--

ALTER TABLE ONLY anarapp_considertemp
    ADD CONSTRAINT anarapp_considertemp_pkey PRIMARY KEY (id);


--
-- Name: anarapp_considertemp_yacimiento_id_key; Type: CONSTRAINT; Schema: public; Owner: postgres; Tablespace: 
--

ALTER TABLE ONLY anarapp_considertemp
    ADD CONSTRAINT anarapp_considertemp_yacimiento_id_key UNIQUE (yacimiento_id);


--
-- Name: anarapp_constitucionyacimiento_pkey; Type: CONSTRAINT; Schema: public; Owner: postgres; Tablespace: 
--

ALTER TABLE ONLY anarapp_constitucionyacimiento
    ADD CONSTRAINT anarapp_constitucionyacimiento_pkey PRIMARY KEY (id);


--
-- Name: anarapp_constitucionyacimiento_yacimiento_id_uniq; Type: CONSTRAINT; Schema: public; Owner: postgres; Tablespace: 
--

ALTER TABLE ONLY anarapp_constitucionyacimiento
    ADD CONSTRAINT anarapp_constitucionyacimiento_yacimiento_id_uniq UNIQUE (yacimiento_id);


--
-- Name: anarapp_coordenadas_pkey; Type: CONSTRAINT; Schema: public; Owner: postgres; Tablespace: 
--

ALTER TABLE ONLY anarapp_coordenadas
    ADD CONSTRAINT anarapp_coordenadas_pkey PRIMARY KEY (id);


--
-- Name: anarapp_coordenadas_yacimiento_id_uniq; Type: CONSTRAINT; Schema: public; Owner: postgres; Tablespace: 
--

ALTER TABLE ONLY anarapp_coordenadas
    ADD CONSTRAINT anarapp_coordenadas_yacimiento_id_uniq UNIQUE (yacimiento_id);


--
-- Name: anarapp_cronologiatentativa_pkey; Type: CONSTRAINT; Schema: public; Owner: postgres; Tablespace: 
--

ALTER TABLE ONLY anarapp_cronologiatentativa
    ADD CONSTRAINT anarapp_cronologiatentativa_pkey PRIMARY KEY (id);


--
-- Name: anarapp_croquis_pkey; Type: CONSTRAINT; Schema: public; Owner: postgres; Tablespace: 
--

ALTER TABLE ONLY anarapp_croquis
    ADD CONSTRAINT anarapp_croquis_pkey PRIMARY KEY (id);


--
-- Name: anarapp_datum_pkey; Type: CONSTRAINT; Schema: public; Owner: postgres; Tablespace: 
--

ALTER TABLE ONLY anarapp_datum
    ADD CONSTRAINT anarapp_datum_pkey PRIMARY KEY (id);


--
-- Name: anarapp_datum_yacimiento_id_uniq; Type: CONSTRAINT; Schema: public; Owner: postgres; Tablespace: 
--

ALTER TABLE ONLY anarapp_datum
    ADD CONSTRAINT anarapp_datum_yacimiento_id_uniq UNIQUE (yacimiento_id);


--
-- Name: anarapp_desccolores_pkey; Type: CONSTRAINT; Schema: public; Owner: postgres; Tablespace: 
--

ALTER TABLE ONLY anarapp_desccolores
    ADD CONSTRAINT anarapp_desccolores_pkey PRIMARY KEY (id);


--
-- Name: anarapp_desccolores_yacimiento_id_key; Type: CONSTRAINT; Schema: public; Owner: postgres; Tablespace: 
--

ALTER TABLE ONLY anarapp_desccolores
    ADD CONSTRAINT anarapp_desccolores_yacimiento_id_key UNIQUE (yacimiento_id);


--
-- Name: anarapp_dimensionpiedra_piedra_id_uniq; Type: CONSTRAINT; Schema: public; Owner: postgres; Tablespace: 
--

ALTER TABLE ONLY anarapp_dimensionpiedra
    ADD CONSTRAINT anarapp_dimensionpiedra_piedra_id_uniq UNIQUE (piedra_id);


--
-- Name: anarapp_dimensionpiedra_pkey; Type: CONSTRAINT; Schema: public; Owner: postgres; Tablespace: 
--

ALTER TABLE ONLY anarapp_dimensionpiedra
    ADD CONSTRAINT anarapp_dimensionpiedra_pkey PRIMARY KEY (id);


--
-- Name: anarapp_escnatpiedra_pkey; Type: CONSTRAINT; Schema: public; Owner: postgres; Tablespace: 
--

ALTER TABLE ONLY anarapp_escnatpiedra
    ADD CONSTRAINT anarapp_escnatpiedra_pkey PRIMARY KEY (repgrafpiedra_ptr_id);


--
-- Name: anarapp_escredpiedra_pkey; Type: CONSTRAINT; Schema: public; Owner: postgres; Tablespace: 
--

ALTER TABLE ONLY anarapp_escredpiedra
    ADD CONSTRAINT anarapp_escredpiedra_pkey PRIMARY KEY (repgrafpiedra_ptr_id);


--
-- Name: anarapp_esquemaporcara_pkey; Type: CONSTRAINT; Schema: public; Owner: postgres; Tablespace: 
--

ALTER TABLE ONLY anarapp_esquemaporcara
    ADD CONSTRAINT anarapp_esquemaporcara_pkey PRIMARY KEY (id);


--
-- Name: anarapp_estado_pkey; Type: CONSTRAINT; Schema: public; Owner: postgres; Tablespace: 
--

ALTER TABLE ONLY anarapp_estado
    ADD CONSTRAINT anarapp_estado_pkey PRIMARY KEY (id);


--
-- Name: anarapp_estadoconseryac_pkey; Type: CONSTRAINT; Schema: public; Owner: postgres; Tablespace: 
--

ALTER TABLE ONLY anarapp_estadoconseryac
    ADD CONSTRAINT anarapp_estadoconseryac_pkey PRIMARY KEY (id);


--
-- Name: anarapp_estadoconseryac_yacimiento_id_key; Type: CONSTRAINT; Schema: public; Owner: postgres; Tablespace: 
--

ALTER TABLE ONLY anarapp_estadoconseryac
    ADD CONSTRAINT anarapp_estadoconseryac_yacimiento_id_key UNIQUE (yacimiento_id);


--
-- Name: anarapp_faunayacimiento_pkey; Type: CONSTRAINT; Schema: public; Owner: postgres; Tablespace: 
--

ALTER TABLE ONLY anarapp_faunayacimiento
    ADD CONSTRAINT anarapp_faunayacimiento_pkey PRIMARY KEY (id);


--
-- Name: anarapp_faunayacimiento_yacimiento_id_uniq; Type: CONSTRAINT; Schema: public; Owner: postgres; Tablespace: 
--

ALTER TABLE ONLY anarapp_faunayacimiento
    ADD CONSTRAINT anarapp_faunayacimiento_yacimiento_id_uniq UNIQUE (yacimiento_id);


--
-- Name: anarapp_figurasportipo_pkey; Type: CONSTRAINT; Schema: public; Owner: postgres; Tablespace: 
--

ALTER TABLE ONLY anarapp_figurasportipo
    ADD CONSTRAINT anarapp_figurasportipo_pkey PRIMARY KEY (id);


--
-- Name: anarapp_florayacimiento_pkey; Type: CONSTRAINT; Schema: public; Owner: postgres; Tablespace: 
--

ALTER TABLE ONLY anarapp_florayacimiento
    ADD CONSTRAINT anarapp_florayacimiento_pkey PRIMARY KEY (id);


--
-- Name: anarapp_florayacimiento_yacimiento_id_uniq; Type: CONSTRAINT; Schema: public; Owner: postgres; Tablespace: 
--

ALTER TABLE ONLY anarapp_florayacimiento
    ADD CONSTRAINT anarapp_florayacimiento_yacimiento_id_uniq UNIQUE (yacimiento_id);


--
-- Name: anarapp_foto_pkey; Type: CONSTRAINT; Schema: public; Owner: postgres; Tablespace: 
--

ALTER TABLE ONLY anarapp_foto
    ADD CONSTRAINT anarapp_foto_pkey PRIMARY KEY (id);


--
-- Name: anarapp_fotografiapiedra_pkey; Type: CONSTRAINT; Schema: public; Owner: postgres; Tablespace: 
--

ALTER TABLE ONLY anarapp_fotografiapiedra
    ADD CONSTRAINT anarapp_fotografiapiedra_pkey PRIMARY KEY (id);


--
-- Name: anarapp_fotografiayac_pkey; Type: CONSTRAINT; Schema: public; Owner: postgres; Tablespace: 
--

ALTER TABLE ONLY anarapp_fotografiayac
    ADD CONSTRAINT anarapp_fotografiayac_pkey PRIMARY KEY (id);


--
-- Name: anarapp_fotopiedra_pkey; Type: CONSTRAINT; Schema: public; Owner: postgres; Tablespace: 
--

ALTER TABLE ONLY anarapp_fotopiedra
    ADD CONSTRAINT anarapp_fotopiedra_pkey PRIMARY KEY (foto_ptr_id);


--
-- Name: anarapp_hidrologiayacimiento_pkey; Type: CONSTRAINT; Schema: public; Owner: postgres; Tablespace: 
--

ALTER TABLE ONLY anarapp_hidrologiayacimiento
    ADD CONSTRAINT anarapp_hidrologiayacimiento_pkey PRIMARY KEY (id);


--
-- Name: anarapp_hidrologiayacimiento_yacimiento_id_uniq; Type: CONSTRAINT; Schema: public; Owner: postgres; Tablespace: 
--

ALTER TABLE ONLY anarapp_hidrologiayacimiento
    ADD CONSTRAINT anarapp_hidrologiayacimiento_yacimiento_id_uniq UNIQUE (yacimiento_id);


--
-- Name: anarapp_indicaciones_pkey; Type: CONSTRAINT; Schema: public; Owner: postgres; Tablespace: 
--

ALTER TABLE ONLY anarapp_indicaciones
    ADD CONSTRAINT anarapp_indicaciones_pkey PRIMARY KEY (id);


--
-- Name: anarapp_indicaciones_yacimiento_id_uniq; Type: CONSTRAINT; Schema: public; Owner: postgres; Tablespace: 
--

ALTER TABLE ONLY anarapp_indicaciones
    ADD CONSTRAINT anarapp_indicaciones_yacimiento_id_uniq UNIQUE (yacimiento_id);


--
-- Name: anarapp_intensidaddestruccionyac_pkey; Type: CONSTRAINT; Schema: public; Owner: postgres; Tablespace: 
--

ALTER TABLE ONLY anarapp_intensidaddestruccionyac
    ADD CONSTRAINT anarapp_intensidaddestruccionyac_pkey PRIMARY KEY (id);


--
-- Name: anarapp_intensidaddestruccionyac_yacimiento_id_key; Type: CONSTRAINT; Schema: public; Owner: postgres; Tablespace: 
--

ALTER TABLE ONLY anarapp_intensidaddestruccionyac
    ADD CONSTRAINT anarapp_intensidaddestruccionyac_yacimiento_id_key UNIQUE (yacimiento_id);


--
-- Name: anarapp_llenadopiedra_pkey; Type: CONSTRAINT; Schema: public; Owner: postgres; Tablespace: 
--

ALTER TABLE ONLY anarapp_llenadopiedra
    ADD CONSTRAINT anarapp_llenadopiedra_pkey PRIMARY KEY (llenadopor_ptr_id);


--
-- Name: anarapp_llenadopor_pkey; Type: CONSTRAINT; Schema: public; Owner: postgres; Tablespace: 
--

ALTER TABLE ONLY anarapp_llenadopor
    ADD CONSTRAINT anarapp_llenadopor_pkey PRIMARY KEY (id);


--
-- Name: anarapp_llenadoyac_pkey; Type: CONSTRAINT; Schema: public; Owner: postgres; Tablespace: 
--

ALTER TABLE ONLY anarapp_llenadoyac
    ADD CONSTRAINT anarapp_llenadoyac_pkey PRIMARY KEY (llenadopor_ptr_id);


--
-- Name: anarapp_localidadyacimiento_pkey; Type: CONSTRAINT; Schema: public; Owner: postgres; Tablespace: 
--

ALTER TABLE ONLY anarapp_localidadyacimiento
    ADD CONSTRAINT anarapp_localidadyacimiento_pkey PRIMARY KEY (id);


--
-- Name: anarapp_localidadyacimiento_yacimiento_id_uniq; Type: CONSTRAINT; Schema: public; Owner: postgres; Tablespace: 
--

ALTER TABLE ONLY anarapp_localidadyacimiento
    ADD CONSTRAINT anarapp_localidadyacimiento_yacimiento_id_uniq UNIQUE (yacimiento_id);


--
-- Name: anarapp_manifestaciones_piedra_id_uniq; Type: CONSTRAINT; Schema: public; Owner: postgres; Tablespace: 
--

ALTER TABLE ONLY anarapp_manifestaciones
    ADD CONSTRAINT anarapp_manifestaciones_piedra_id_uniq UNIQUE (piedra_id);


--
-- Name: anarapp_manifestaciones_pkey; Type: CONSTRAINT; Schema: public; Owner: postgres; Tablespace: 
--

ALTER TABLE ONLY anarapp_manifestaciones
    ADD CONSTRAINT anarapp_manifestaciones_pkey PRIMARY KEY (id);


--
-- Name: anarapp_manifestacionesasociadas_pkey; Type: CONSTRAINT; Schema: public; Owner: postgres; Tablespace: 
--

ALTER TABLE ONLY anarapp_manifestacionesasociadas
    ADD CONSTRAINT anarapp_manifestacionesasociadas_pkey PRIMARY KEY (id);


--
-- Name: anarapp_manifestacionesasociadas_yacimiento_id_key; Type: CONSTRAINT; Schema: public; Owner: postgres; Tablespace: 
--

ALTER TABLE ONLY anarapp_manifestacionesasociadas
    ADD CONSTRAINT anarapp_manifestacionesasociadas_yacimiento_id_key UNIQUE (yacimiento_id);


--
-- Name: anarapp_manifestacionescarbon_pkey; Type: CONSTRAINT; Schema: public; Owner: postgres; Tablespace: 
--

ALTER TABLE ONLY anarapp_manifestacionescarbon
    ADD CONSTRAINT anarapp_manifestacionescarbon_pkey PRIMARY KEY (id);


--
-- Name: anarapp_manifestacionescarbon_yacimiento_id_key; Type: CONSTRAINT; Schema: public; Owner: postgres; Tablespace: 
--

ALTER TABLE ONLY anarapp_manifestacionescarbon
    ADD CONSTRAINT anarapp_manifestacionescarbon_yacimiento_id_key UNIQUE (yacimiento_id);


--
-- Name: anarapp_manifestacionescementerio_pkey; Type: CONSTRAINT; Schema: public; Owner: postgres; Tablespace: 
--

ALTER TABLE ONLY anarapp_manifestacionescementerio
    ADD CONSTRAINT anarapp_manifestacionescementerio_pkey PRIMARY KEY (id);


--
-- Name: anarapp_manifestacionescementerio_yacimiento_id_key; Type: CONSTRAINT; Schema: public; Owner: postgres; Tablespace: 
--

ALTER TABLE ONLY anarapp_manifestacionescementerio
    ADD CONSTRAINT anarapp_manifestacionescementerio_yacimiento_id_key UNIQUE (yacimiento_id);


--
-- Name: anarapp_manifestacionesceramica_pkey; Type: CONSTRAINT; Schema: public; Owner: postgres; Tablespace: 
--

ALTER TABLE ONLY anarapp_manifestacionesceramica
    ADD CONSTRAINT anarapp_manifestacionesceramica_pkey PRIMARY KEY (id);


--
-- Name: anarapp_manifestacionesceramica_yacimiento_id_key; Type: CONSTRAINT; Schema: public; Owner: postgres; Tablespace: 
--

ALTER TABLE ONLY anarapp_manifestacionesceramica
    ADD CONSTRAINT anarapp_manifestacionesceramica_yacimiento_id_key UNIQUE (yacimiento_id);


--
-- Name: anarapp_manifestacionesconcha_pkey; Type: CONSTRAINT; Schema: public; Owner: postgres; Tablespace: 
--

ALTER TABLE ONLY anarapp_manifestacionesconcha
    ADD CONSTRAINT anarapp_manifestacionesconcha_pkey PRIMARY KEY (id);


--
-- Name: anarapp_manifestacionesconcha_yacimiento_id_key; Type: CONSTRAINT; Schema: public; Owner: postgres; Tablespace: 
--

ALTER TABLE ONLY anarapp_manifestacionesconcha
    ADD CONSTRAINT anarapp_manifestacionesconcha_yacimiento_id_key UNIQUE (yacimiento_id);


--
-- Name: anarapp_manifestacioneslitica_pkey; Type: CONSTRAINT; Schema: public; Owner: postgres; Tablespace: 
--

ALTER TABLE ONLY anarapp_manifestacioneslitica
    ADD CONSTRAINT anarapp_manifestacioneslitica_pkey PRIMARY KEY (id);


--
-- Name: anarapp_manifestacioneslitica_yacimiento_id_key; Type: CONSTRAINT; Schema: public; Owner: postgres; Tablespace: 
--

ALTER TABLE ONLY anarapp_manifestacioneslitica
    ADD CONSTRAINT anarapp_manifestacioneslitica_yacimiento_id_key UNIQUE (yacimiento_id);


--
-- Name: anarapp_manifestacionesmito_pkey; Type: CONSTRAINT; Schema: public; Owner: postgres; Tablespace: 
--

ALTER TABLE ONLY anarapp_manifestacionesmito
    ADD CONSTRAINT anarapp_manifestacionesmito_pkey PRIMARY KEY (id);


--
-- Name: anarapp_manifestacionesmito_yacimiento_id_key; Type: CONSTRAINT; Schema: public; Owner: postgres; Tablespace: 
--

ALTER TABLE ONLY anarapp_manifestacionesmito
    ADD CONSTRAINT anarapp_manifestacionesmito_yacimiento_id_key UNIQUE (yacimiento_id);


--
-- Name: anarapp_manifestacionesmonticulo_pkey; Type: CONSTRAINT; Schema: public; Owner: postgres; Tablespace: 
--

ALTER TABLE ONLY anarapp_manifestacionesmonticulo
    ADD CONSTRAINT anarapp_manifestacionesmonticulo_pkey PRIMARY KEY (id);


--
-- Name: anarapp_manifestacionesmonticulo_yacimiento_id_key; Type: CONSTRAINT; Schema: public; Owner: postgres; Tablespace: 
--

ALTER TABLE ONLY anarapp_manifestacionesmonticulo
    ADD CONSTRAINT anarapp_manifestacionesmonticulo_yacimiento_id_key UNIQUE (yacimiento_id);


--
-- Name: anarapp_manifestacionesoseo_pkey; Type: CONSTRAINT; Schema: public; Owner: postgres; Tablespace: 
--

ALTER TABLE ONLY anarapp_manifestacionesoseo
    ADD CONSTRAINT anarapp_manifestacionesoseo_pkey PRIMARY KEY (id);


--
-- Name: anarapp_manifestacionesoseo_yacimiento_id_key; Type: CONSTRAINT; Schema: public; Owner: postgres; Tablespace: 
--

ALTER TABLE ONLY anarapp_manifestacionesoseo
    ADD CONSTRAINT anarapp_manifestacionesoseo_yacimiento_id_key UNIQUE (yacimiento_id);


--
-- Name: anarapp_manifestacionesotros_pkey; Type: CONSTRAINT; Schema: public; Owner: postgres; Tablespace: 
--

ALTER TABLE ONLY anarapp_manifestacionesotros
    ADD CONSTRAINT anarapp_manifestacionesotros_pkey PRIMARY KEY (id);


--
-- Name: anarapp_manifestacionesotros_yacimiento_id_key; Type: CONSTRAINT; Schema: public; Owner: postgres; Tablespace: 
--

ALTER TABLE ONLY anarapp_manifestacionesotros
    ADD CONSTRAINT anarapp_manifestacionesotros_yacimiento_id_key UNIQUE (yacimiento_id);


--
-- Name: anarapp_manifestacionyacimiento_pkey; Type: CONSTRAINT; Schema: public; Owner: postgres; Tablespace: 
--

ALTER TABLE ONLY anarapp_manifestacionyacimiento
    ADD CONSTRAINT anarapp_manifestacionyacimiento_pkey PRIMARY KEY (id);


--
-- Name: anarapp_manifestacionyacimiento_yacimiento_id_uniq; Type: CONSTRAINT; Schema: public; Owner: postgres; Tablespace: 
--

ALTER TABLE ONLY anarapp_manifestacionyacimiento
    ADD CONSTRAINT anarapp_manifestacionyacimiento_yacimiento_id_uniq UNIQUE (yacimiento_id);


--
-- Name: anarapp_mataudiovisual_pkey; Type: CONSTRAINT; Schema: public; Owner: postgres; Tablespace: 
--

ALTER TABLE ONLY anarapp_mataudiovisual
    ADD CONSTRAINT anarapp_mataudiovisual_pkey PRIMARY KEY (id);


--
-- Name: anarapp_matavpiedra_pkey; Type: CONSTRAINT; Schema: public; Owner: postgres; Tablespace: 
--

ALTER TABLE ONLY anarapp_matavpiedra
    ADD CONSTRAINT anarapp_matavpiedra_pkey PRIMARY KEY (mataudiovisual_ptr_id);


--
-- Name: anarapp_matavyacimiento_pkey; Type: CONSTRAINT; Schema: public; Owner: postgres; Tablespace: 
--

ALTER TABLE ONLY anarapp_matavyacimiento
    ADD CONSTRAINT anarapp_matavyacimiento_pkey PRIMARY KEY (mataudiovisual_ptr_id);


--
-- Name: anarapp_materialyacimiento_pkey; Type: CONSTRAINT; Schema: public; Owner: postgres; Tablespace: 
--

ALTER TABLE ONLY anarapp_materialyacimiento
    ADD CONSTRAINT anarapp_materialyacimiento_pkey PRIMARY KEY (id);


--
-- Name: anarapp_materialyacimiento_yacimiento_id_uniq; Type: CONSTRAINT; Schema: public; Owner: postgres; Tablespace: 
--

ALTER TABLE ONLY anarapp_materialyacimiento
    ADD CONSTRAINT anarapp_materialyacimiento_yacimiento_id_uniq UNIQUE (yacimiento_id);


--
-- Name: anarapp_multimedia_pkey; Type: CONSTRAINT; Schema: public; Owner: postgres; Tablespace: 
--

ALTER TABLE ONLY anarapp_multimedia
    ADD CONSTRAINT anarapp_multimedia_pkey PRIMARY KEY (id);


--
-- Name: anarapp_multimediapiedra_pkey; Type: CONSTRAINT; Schema: public; Owner: postgres; Tablespace: 
--

ALTER TABLE ONLY anarapp_multimediapiedra
    ADD CONSTRAINT anarapp_multimediapiedra_pkey PRIMARY KEY (multimedia_ptr_id);


--
-- Name: anarapp_multimediayac_pkey; Type: CONSTRAINT; Schema: public; Owner: postgres; Tablespace: 
--

ALTER TABLE ONLY anarapp_multimediayac
    ADD CONSTRAINT anarapp_multimediayac_pkey PRIMARY KEY (multimedia_ptr_id);


--
-- Name: anarapp_municipio_pkey; Type: CONSTRAINT; Schema: public; Owner: postgres; Tablespace: 
--

ALTER TABLE ONLY anarapp_municipio
    ADD CONSTRAINT anarapp_municipio_pkey PRIMARY KEY (id);


--
-- Name: anarapp_notasyacimiento_pkey; Type: CONSTRAINT; Schema: public; Owner: postgres; Tablespace: 
--

ALTER TABLE ONLY anarapp_notasyacimiento
    ADD CONSTRAINT anarapp_notasyacimiento_pkey PRIMARY KEY (id);


--
-- Name: anarapp_notasyacimiento_yacimiento_id_key; Type: CONSTRAINT; Schema: public; Owner: postgres; Tablespace: 
--

ALTER TABLE ONLY anarapp_notasyacimiento
    ADD CONSTRAINT anarapp_notasyacimiento_yacimiento_id_key UNIQUE (yacimiento_id);


--
-- Name: anarapp_observaciones_pkey; Type: CONSTRAINT; Schema: public; Owner: postgres; Tablespace: 
--

ALTER TABLE ONLY anarapp_observaciones
    ADD CONSTRAINT anarapp_observaciones_pkey PRIMARY KEY (id);


--
-- Name: anarapp_observacionesyac_pkey; Type: CONSTRAINT; Schema: public; Owner: postgres; Tablespace: 
--

ALTER TABLE ONLY anarapp_observacionesyac
    ADD CONSTRAINT anarapp_observacionesyac_pkey PRIMARY KEY (observaciones_ptr_id);


--
-- Name: anarapp_observacpiedra_pkey; Type: CONSTRAINT; Schema: public; Owner: postgres; Tablespace: 
--

ALTER TABLE ONLY anarapp_observacpiedra
    ADD CONSTRAINT anarapp_observacpiedra_pkey PRIMARY KEY (observaciones_ptr_id);


--
-- Name: anarapp_obtencioninfo_pkey; Type: CONSTRAINT; Schema: public; Owner: postgres; Tablespace: 
--

ALTER TABLE ONLY anarapp_obtencioninfo
    ADD CONSTRAINT anarapp_obtencioninfo_pkey PRIMARY KEY (id);


--
-- Name: anarapp_obtinfopiedra_pkey; Type: CONSTRAINT; Schema: public; Owner: postgres; Tablespace: 
--

ALTER TABLE ONLY anarapp_obtinfopiedra
    ADD CONSTRAINT anarapp_obtinfopiedra_pkey PRIMARY KEY (obtencioninfo_ptr_id);


--
-- Name: anarapp_obtinfoyac_pkey; Type: CONSTRAINT; Schema: public; Owner: postgres; Tablespace: 
--

ALTER TABLE ONLY anarapp_obtinfoyac
    ADD CONSTRAINT anarapp_obtinfoyac_pkey PRIMARY KEY (obtencioninfo_ptr_id);


--
-- Name: anarapp_orientacionyacimiento_pkey; Type: CONSTRAINT; Schema: public; Owner: postgres; Tablespace: 
--

ALTER TABLE ONLY anarapp_orientacionyacimiento
    ADD CONSTRAINT anarapp_orientacionyacimiento_pkey PRIMARY KEY (id);


--
-- Name: anarapp_orientacionyacimiento_yacimiento_id_uniq; Type: CONSTRAINT; Schema: public; Owner: postgres; Tablespace: 
--

ALTER TABLE ONLY anarapp_orientacionyacimiento
    ADD CONSTRAINT anarapp_orientacionyacimiento_yacimiento_id_uniq UNIQUE (yacimiento_id);


--
-- Name: anarapp_otrosvalores_pkey; Type: CONSTRAINT; Schema: public; Owner: postgres; Tablespace: 
--

ALTER TABLE ONLY anarapp_otrosvalores
    ADD CONSTRAINT anarapp_otrosvalores_pkey PRIMARY KEY (id);


--
-- Name: anarapp_otrosvalpiedra_pkey; Type: CONSTRAINT; Schema: public; Owner: postgres; Tablespace: 
--

ALTER TABLE ONLY anarapp_otrosvalpiedra
    ADD CONSTRAINT anarapp_otrosvalpiedra_pkey PRIMARY KEY (otrosvalores_ptr_id);


--
-- Name: anarapp_otrosvalyac_pkey; Type: CONSTRAINT; Schema: public; Owner: postgres; Tablespace: 
--

ALTER TABLE ONLY anarapp_otrosvalyac
    ADD CONSTRAINT anarapp_otrosvalyac_pkey PRIMARY KEY (otrosvalores_ptr_id);


--
-- Name: anarapp_paginaweb_pkey; Type: CONSTRAINT; Schema: public; Owner: postgres; Tablespace: 
--

ALTER TABLE ONLY anarapp_paginaweb
    ADD CONSTRAINT anarapp_paginaweb_pkey PRIMARY KEY (id);


--
-- Name: anarapp_paginawebpiedra_pkey; Type: CONSTRAINT; Schema: public; Owner: postgres; Tablespace: 
--

ALTER TABLE ONLY anarapp_paginawebpiedra
    ADD CONSTRAINT anarapp_paginawebpiedra_pkey PRIMARY KEY (paginaweb_ptr_id);


--
-- Name: anarapp_paginawebyac_pkey; Type: CONSTRAINT; Schema: public; Owner: postgres; Tablespace: 
--

ALTER TABLE ONLY anarapp_paginawebyac
    ADD CONSTRAINT anarapp_paginawebyac_pkey PRIMARY KEY (paginaweb_ptr_id);


--
-- Name: anarapp_pelicula_pkey; Type: CONSTRAINT; Schema: public; Owner: postgres; Tablespace: 
--

ALTER TABLE ONLY anarapp_pelicula
    ADD CONSTRAINT anarapp_pelicula_pkey PRIMARY KEY (video_ptr_id);


--
-- Name: anarapp_peliculapiedra_pkey; Type: CONSTRAINT; Schema: public; Owner: postgres; Tablespace: 
--

ALTER TABLE ONLY anarapp_peliculapiedra
    ADD CONSTRAINT anarapp_peliculapiedra_pkey PRIMARY KEY (pelicula_ptr_id);


--
-- Name: anarapp_peliyacimiento_pkey; Type: CONSTRAINT; Schema: public; Owner: postgres; Tablespace: 
--

ALTER TABLE ONLY anarapp_peliyacimiento
    ADD CONSTRAINT anarapp_peliyacimiento_pkey PRIMARY KEY (pelicula_ptr_id);


--
-- Name: anarapp_piedra_codigo_uniq; Type: CONSTRAINT; Schema: public; Owner: postgres; Tablespace: 
--

ALTER TABLE ONLY anarapp_piedra
    ADD CONSTRAINT anarapp_piedra_codigo_uniq UNIQUE (codigo);


--
-- Name: anarapp_piedra_pkey; Type: CONSTRAINT; Schema: public; Owner: postgres; Tablespace: 
--

ALTER TABLE ONLY anarapp_piedra
    ADD CONSTRAINT anarapp_piedra_pkey PRIMARY KEY (id);


--
-- Name: anarapp_plano_pkey; Type: CONSTRAINT; Schema: public; Owner: postgres; Tablespace: 
--

ALTER TABLE ONLY anarapp_plano
    ADD CONSTRAINT anarapp_plano_pkey PRIMARY KEY (id);


--
-- Name: anarapp_plano_yacimiento_id_uniq; Type: CONSTRAINT; Schema: public; Owner: postgres; Tablespace: 
--

ALTER TABLE ONLY anarapp_plano
    ADD CONSTRAINT anarapp_plano_yacimiento_id_uniq UNIQUE (yacimiento_id);


--
-- Name: anarapp_repgrafpiedra_pkey; Type: CONSTRAINT; Schema: public; Owner: postgres; Tablespace: 
--

ALTER TABLE ONLY anarapp_repgrafpiedra
    ADD CONSTRAINT anarapp_repgrafpiedra_pkey PRIMARY KEY (id);


--
-- Name: anarapp_supervisadopiedra_pkey; Type: CONSTRAINT; Schema: public; Owner: postgres; Tablespace: 
--

ALTER TABLE ONLY anarapp_supervisadopiedra
    ADD CONSTRAINT anarapp_supervisadopiedra_pkey PRIMARY KEY (supervisadopor_ptr_id);


--
-- Name: anarapp_supervisadopor_pkey; Type: CONSTRAINT; Schema: public; Owner: postgres; Tablespace: 
--

ALTER TABLE ONLY anarapp_supervisadopor
    ADD CONSTRAINT anarapp_supervisadopor_pkey PRIMARY KEY (id);


--
-- Name: anarapp_supervisadoyac_pkey; Type: CONSTRAINT; Schema: public; Owner: postgres; Tablespace: 
--

ALTER TABLE ONLY anarapp_supervisadoyac
    ADD CONSTRAINT anarapp_supervisadoyac_pkey PRIMARY KEY (supervisadopor_ptr_id);


--
-- Name: anarapp_tecnicaparageoglifo_pkey; Type: CONSTRAINT; Schema: public; Owner: postgres; Tablespace: 
--

ALTER TABLE ONLY anarapp_tecnicaparageoglifo
    ADD CONSTRAINT anarapp_tecnicaparageoglifo_pkey PRIMARY KEY (id);


--
-- Name: anarapp_tecnicaparageoglifo_yacimiento_id_uniq; Type: CONSTRAINT; Schema: public; Owner: postgres; Tablespace: 
--

ALTER TABLE ONLY anarapp_tecnicaparageoglifo
    ADD CONSTRAINT anarapp_tecnicaparageoglifo_yacimiento_id_uniq UNIQUE (yacimiento_id);


--
-- Name: anarapp_tecnicaparamicropetro_pkey; Type: CONSTRAINT; Schema: public; Owner: postgres; Tablespace: 
--

ALTER TABLE ONLY anarapp_tecnicaparamicropetro
    ADD CONSTRAINT anarapp_tecnicaparamicropetro_pkey PRIMARY KEY (id);


--
-- Name: anarapp_tecnicaparamicropetro_yacimiento_id_uniq; Type: CONSTRAINT; Schema: public; Owner: postgres; Tablespace: 
--

ALTER TABLE ONLY anarapp_tecnicaparamicropetro
    ADD CONSTRAINT anarapp_tecnicaparamicropetro_yacimiento_id_uniq UNIQUE (yacimiento_id);


--
-- Name: anarapp_tecnicaparamonumentos_pkey; Type: CONSTRAINT; Schema: public; Owner: postgres; Tablespace: 
--

ALTER TABLE ONLY anarapp_tecnicaparamonumentos
    ADD CONSTRAINT anarapp_tecnicaparamonumentos_pkey PRIMARY KEY (id);


--
-- Name: anarapp_tecnicaparamonumentos_yacimiento_id_uniq; Type: CONSTRAINT; Schema: public; Owner: postgres; Tablespace: 
--

ALTER TABLE ONLY anarapp_tecnicaparamonumentos
    ADD CONSTRAINT anarapp_tecnicaparamonumentos_yacimiento_id_uniq UNIQUE (yacimiento_id);


--
-- Name: anarapp_tecnicaparapetroglifo_pkey; Type: CONSTRAINT; Schema: public; Owner: postgres; Tablespace: 
--

ALTER TABLE ONLY anarapp_tecnicaparapetroglifo
    ADD CONSTRAINT anarapp_tecnicaparapetroglifo_pkey PRIMARY KEY (id);


--
-- Name: anarapp_tecnicaparapetroglifo_yacimiento_id_uniq; Type: CONSTRAINT; Schema: public; Owner: postgres; Tablespace: 
--

ALTER TABLE ONLY anarapp_tecnicaparapetroglifo
    ADD CONSTRAINT anarapp_tecnicaparapetroglifo_yacimiento_id_uniq UNIQUE (yacimiento_id);


--
-- Name: anarapp_tecnicaparapintura_pkey; Type: CONSTRAINT; Schema: public; Owner: postgres; Tablespace: 
--

ALTER TABLE ONLY anarapp_tecnicaparapintura
    ADD CONSTRAINT anarapp_tecnicaparapintura_pkey PRIMARY KEY (id);


--
-- Name: anarapp_tecnicaparapintura_yacimiento_id_uniq; Type: CONSTRAINT; Schema: public; Owner: postgres; Tablespace: 
--

ALTER TABLE ONLY anarapp_tecnicaparapintura
    ADD CONSTRAINT anarapp_tecnicaparapintura_yacimiento_id_uniq UNIQUE (yacimiento_id);


--
-- Name: anarapp_tenenciadetierra_pkey; Type: CONSTRAINT; Schema: public; Owner: postgres; Tablespace: 
--

ALTER TABLE ONLY anarapp_tenenciadetierra
    ADD CONSTRAINT anarapp_tenenciadetierra_pkey PRIMARY KEY (id);


--
-- Name: anarapp_tenenciadetierra_yacimiento_id_uniq; Type: CONSTRAINT; Schema: public; Owner: postgres; Tablespace: 
--

ALTER TABLE ONLY anarapp_tenenciadetierra
    ADD CONSTRAINT anarapp_tenenciadetierra_yacimiento_id_uniq UNIQUE (yacimiento_id);


--
-- Name: anarapp_texturasuelo_pkey; Type: CONSTRAINT; Schema: public; Owner: postgres; Tablespace: 
--

ALTER TABLE ONLY anarapp_texturasuelo
    ADD CONSTRAINT anarapp_texturasuelo_pkey PRIMARY KEY (id);


--
-- Name: anarapp_texturasuelo_yacimiento_id_uniq; Type: CONSTRAINT; Schema: public; Owner: postgres; Tablespace: 
--

ALTER TABLE ONLY anarapp_texturasuelo
    ADD CONSTRAINT anarapp_texturasuelo_yacimiento_id_uniq UNIQUE (yacimiento_id);


--
-- Name: anarapp_tipoexposicionyac_pkey; Type: CONSTRAINT; Schema: public; Owner: postgres; Tablespace: 
--

ALTER TABLE ONLY anarapp_tipoexposicionyac
    ADD CONSTRAINT anarapp_tipoexposicionyac_pkey PRIMARY KEY (id);


--
-- Name: anarapp_tipoexposicionyac_yacimiento_id_uniq; Type: CONSTRAINT; Schema: public; Owner: postgres; Tablespace: 
--

ALTER TABLE ONLY anarapp_tipoexposicionyac
    ADD CONSTRAINT anarapp_tipoexposicionyac_yacimiento_id_uniq UNIQUE (yacimiento_id);


--
-- Name: anarapp_tipoyacimiento_pkey; Type: CONSTRAINT; Schema: public; Owner: postgres; Tablespace: 
--

ALTER TABLE ONLY anarapp_tipoyacimiento
    ADD CONSTRAINT anarapp_tipoyacimiento_pkey PRIMARY KEY (id);


--
-- Name: anarapp_tipoyacimiento_yacimiento_id_uniq; Type: CONSTRAINT; Schema: public; Owner: postgres; Tablespace: 
--

ALTER TABLE ONLY anarapp_tipoyacimiento
    ADD CONSTRAINT anarapp_tipoyacimiento_yacimiento_id_uniq UNIQUE (yacimiento_id);


--
-- Name: anarapp_tratfoto_pkey; Type: CONSTRAINT; Schema: public; Owner: postgres; Tablespace: 
--

ALTER TABLE ONLY anarapp_tratfoto
    ADD CONSTRAINT anarapp_tratfoto_pkey PRIMARY KEY (id);


--
-- Name: anarapp_tratfotopiedra_piedra_id_uniq; Type: CONSTRAINT; Schema: public; Owner: postgres; Tablespace: 
--

ALTER TABLE ONLY anarapp_tratfotopiedra
    ADD CONSTRAINT anarapp_tratfotopiedra_piedra_id_uniq UNIQUE (piedra_id);


--
-- Name: anarapp_tratfotopiedra_pkey; Type: CONSTRAINT; Schema: public; Owner: postgres; Tablespace: 
--

ALTER TABLE ONLY anarapp_tratfotopiedra
    ADD CONSTRAINT anarapp_tratfotopiedra_pkey PRIMARY KEY (tratfoto_ptr_id);


--
-- Name: anarapp_ubicacioncaras_piedra_id_uniq; Type: CONSTRAINT; Schema: public; Owner: postgres; Tablespace: 
--

ALTER TABLE ONLY anarapp_ubicacioncaras
    ADD CONSTRAINT anarapp_ubicacioncaras_piedra_id_uniq UNIQUE (piedra_id);


--
-- Name: anarapp_ubicacioncaras_pkey; Type: CONSTRAINT; Schema: public; Owner: postgres; Tablespace: 
--

ALTER TABLE ONLY anarapp_ubicacioncaras
    ADD CONSTRAINT anarapp_ubicacioncaras_pkey PRIMARY KEY (id);


--
-- Name: anarapp_ubicacionyacimiento_pkey; Type: CONSTRAINT; Schema: public; Owner: postgres; Tablespace: 
--

ALTER TABLE ONLY anarapp_ubicacionyacimiento
    ADD CONSTRAINT anarapp_ubicacionyacimiento_pkey PRIMARY KEY (id);


--
-- Name: anarapp_ubicacionyacimiento_yacimiento_id_uniq; Type: CONSTRAINT; Schema: public; Owner: postgres; Tablespace: 
--

ALTER TABLE ONLY anarapp_ubicacionyacimiento
    ADD CONSTRAINT anarapp_ubicacionyacimiento_yacimiento_id_uniq UNIQUE (yacimiento_id);


--
-- Name: anarapp_usoactsuelo_pkey; Type: CONSTRAINT; Schema: public; Owner: postgres; Tablespace: 
--

ALTER TABLE ONLY anarapp_usoactsuelo
    ADD CONSTRAINT anarapp_usoactsuelo_pkey PRIMARY KEY (id);


--
-- Name: anarapp_usoactsuelo_yacimiento_id_uniq; Type: CONSTRAINT; Schema: public; Owner: postgres; Tablespace: 
--

ALTER TABLE ONLY anarapp_usoactsuelo
    ADD CONSTRAINT anarapp_usoactsuelo_yacimiento_id_uniq UNIQUE (yacimiento_id);


--
-- Name: anarapp_video_pkey; Type: CONSTRAINT; Schema: public; Owner: postgres; Tablespace: 
--

ALTER TABLE ONLY anarapp_video
    ADD CONSTRAINT anarapp_video_pkey PRIMARY KEY (id);


--
-- Name: anarapp_videopiedra_pkey; Type: CONSTRAINT; Schema: public; Owner: postgres; Tablespace: 
--

ALTER TABLE ONLY anarapp_videopiedra
    ADD CONSTRAINT anarapp_videopiedra_pkey PRIMARY KEY (video_ptr_id);


--
-- Name: anarapp_videoyacimiento_pkey; Type: CONSTRAINT; Schema: public; Owner: postgres; Tablespace: 
--

ALTER TABLE ONLY anarapp_videoyacimiento
    ADD CONSTRAINT anarapp_videoyacimiento_pkey PRIMARY KEY (video_ptr_id);


--
-- Name: anarapp_yacimiento_codigo_uniq; Type: CONSTRAINT; Schema: public; Owner: postgres; Tablespace: 
--

ALTER TABLE ONLY anarapp_yacimiento
    ADD CONSTRAINT anarapp_yacimiento_codigo_uniq UNIQUE (codigo);


--
-- Name: anarapp_yacimiento_pkey; Type: CONSTRAINT; Schema: public; Owner: postgres; Tablespace: 
--

ALTER TABLE ONLY anarapp_yacimiento
    ADD CONSTRAINT anarapp_yacimiento_pkey PRIMARY KEY (id);


--
-- Name: auth_group_name_key; Type: CONSTRAINT; Schema: public; Owner: postgres; Tablespace: 
--

ALTER TABLE ONLY auth_group
    ADD CONSTRAINT auth_group_name_key UNIQUE (name);


--
-- Name: auth_group_permissions_group_id_permission_id_key; Type: CONSTRAINT; Schema: public; Owner: postgres; Tablespace: 
--

ALTER TABLE ONLY auth_group_permissions
    ADD CONSTRAINT auth_group_permissions_group_id_permission_id_key UNIQUE (group_id, permission_id);


--
-- Name: auth_group_permissions_pkey; Type: CONSTRAINT; Schema: public; Owner: postgres; Tablespace: 
--

ALTER TABLE ONLY auth_group_permissions
    ADD CONSTRAINT auth_group_permissions_pkey PRIMARY KEY (id);


--
-- Name: auth_group_pkey; Type: CONSTRAINT; Schema: public; Owner: postgres; Tablespace: 
--

ALTER TABLE ONLY auth_group
    ADD CONSTRAINT auth_group_pkey PRIMARY KEY (id);


--
-- Name: auth_permission_content_type_id_codename_key; Type: CONSTRAINT; Schema: public; Owner: postgres; Tablespace: 
--

ALTER TABLE ONLY auth_permission
    ADD CONSTRAINT auth_permission_content_type_id_codename_key UNIQUE (content_type_id, codename);


--
-- Name: auth_permission_pkey; Type: CONSTRAINT; Schema: public; Owner: postgres; Tablespace: 
--

ALTER TABLE ONLY auth_permission
    ADD CONSTRAINT auth_permission_pkey PRIMARY KEY (id);


--
-- Name: auth_user_groups_pkey; Type: CONSTRAINT; Schema: public; Owner: postgres; Tablespace: 
--

ALTER TABLE ONLY auth_user_groups
    ADD CONSTRAINT auth_user_groups_pkey PRIMARY KEY (id);


--
-- Name: auth_user_groups_user_id_group_id_key; Type: CONSTRAINT; Schema: public; Owner: postgres; Tablespace: 
--

ALTER TABLE ONLY auth_user_groups
    ADD CONSTRAINT auth_user_groups_user_id_group_id_key UNIQUE (user_id, group_id);


--
-- Name: auth_user_pkey; Type: CONSTRAINT; Schema: public; Owner: postgres; Tablespace: 
--

ALTER TABLE ONLY auth_user
    ADD CONSTRAINT auth_user_pkey PRIMARY KEY (id);


--
-- Name: auth_user_user_permissions_pkey; Type: CONSTRAINT; Schema: public; Owner: postgres; Tablespace: 
--

ALTER TABLE ONLY auth_user_user_permissions
    ADD CONSTRAINT auth_user_user_permissions_pkey PRIMARY KEY (id);


--
-- Name: auth_user_user_permissions_user_id_permission_id_key; Type: CONSTRAINT; Schema: public; Owner: postgres; Tablespace: 
--

ALTER TABLE ONLY auth_user_user_permissions
    ADD CONSTRAINT auth_user_user_permissions_user_id_permission_id_key UNIQUE (user_id, permission_id);


--
-- Name: auth_user_username_key; Type: CONSTRAINT; Schema: public; Owner: postgres; Tablespace: 
--

ALTER TABLE ONLY auth_user
    ADD CONSTRAINT auth_user_username_key UNIQUE (username);


--
-- Name: django_admin_log_pkey; Type: CONSTRAINT; Schema: public; Owner: postgres; Tablespace: 
--

ALTER TABLE ONLY django_admin_log
    ADD CONSTRAINT django_admin_log_pkey PRIMARY KEY (id);


--
-- Name: django_content_type_app_label_model_key; Type: CONSTRAINT; Schema: public; Owner: postgres; Tablespace: 
--

ALTER TABLE ONLY django_content_type
    ADD CONSTRAINT django_content_type_app_label_model_key UNIQUE (app_label, model);


--
-- Name: django_content_type_pkey; Type: CONSTRAINT; Schema: public; Owner: postgres; Tablespace: 
--

ALTER TABLE ONLY django_content_type
    ADD CONSTRAINT django_content_type_pkey PRIMARY KEY (id);


--
-- Name: django_session_pkey; Type: CONSTRAINT; Schema: public; Owner: postgres; Tablespace: 
--

ALTER TABLE ONLY django_session
    ADD CONSTRAINT django_session_pkey PRIMARY KEY (session_key);


--
-- Name: django_site_pkey; Type: CONSTRAINT; Schema: public; Owner: postgres; Tablespace: 
--

ALTER TABLE ONLY django_site
    ADD CONSTRAINT django_site_pkey PRIMARY KEY (id);


--
-- Name: south_migrationhistory_pkey; Type: CONSTRAINT; Schema: public; Owner: postgres; Tablespace: 
--

ALTER TABLE ONLY south_migrationhistory
    ADD CONSTRAINT south_migrationhistory_pkey PRIMARY KEY (id);


--
-- Name: anarapp_altitud_yacimiento_id; Type: INDEX; Schema: public; Owner: postgres; Tablespace: 
--

CREATE INDEX anarapp_altitud_yacimiento_id ON anarapp_altitud USING btree (yacimiento_id);


--
-- Name: anarapp_bibpiedra_piedra_id; Type: INDEX; Schema: public; Owner: postgres; Tablespace: 
--

CREATE INDEX anarapp_bibpiedra_piedra_id ON anarapp_bibpiedra USING btree (piedra_id);


--
-- Name: anarapp_bibyacimiento_yacimiento_id; Type: INDEX; Schema: public; Owner: postgres; Tablespace: 
--

CREATE INDEX anarapp_bibyacimiento_yacimiento_id ON anarapp_bibyacimiento USING btree (yacimiento_id);


--
-- Name: anarapp_caracsurcoamoladores_yacimiento_id; Type: INDEX; Schema: public; Owner: postgres; Tablespace: 
--

CREATE INDEX anarapp_caracsurcoamoladores_yacimiento_id ON anarapp_caracsurcoamoladores USING btree (yacimiento_id);


--
-- Name: anarapp_caracsurcobateas_yacimiento_id; Type: INDEX; Schema: public; Owner: postgres; Tablespace: 
--

CREATE INDEX anarapp_caracsurcobateas_yacimiento_id ON anarapp_caracsurcobateas USING btree (yacimiento_id);


--
-- Name: anarapp_caracsurcocupulas_yacimiento_id; Type: INDEX; Schema: public; Owner: postgres; Tablespace: 
--

CREATE INDEX anarapp_caracsurcocupulas_yacimiento_id ON anarapp_caracsurcocupulas USING btree (yacimiento_id);


--
-- Name: anarapp_caracsurcomortero_yacimiento_id; Type: INDEX; Schema: public; Owner: postgres; Tablespace: 
--

CREATE INDEX anarapp_caracsurcomortero_yacimiento_id ON anarapp_caracsurcomortero USING btree (yacimiento_id);


--
-- Name: anarapp_caracsurcopetroglifo_yacimiento_id; Type: INDEX; Schema: public; Owner: postgres; Tablespace: 
--

CREATE INDEX anarapp_caracsurcopetroglifo_yacimiento_id ON anarapp_caracsurcopetroglifo USING btree (yacimiento_id);


--
-- Name: anarapp_caratrabajada_piedra_id; Type: INDEX; Schema: public; Owner: postgres; Tablespace: 
--

CREATE INDEX anarapp_caratrabajada_piedra_id ON anarapp_caratrabajada USING btree (piedra_id);


--
-- Name: anarapp_colores_yacimiento_id; Type: INDEX; Schema: public; Owner: postgres; Tablespace: 
--

CREATE INDEX anarapp_colores_yacimiento_id ON anarapp_colores USING btree (yacimiento_id);


--
-- Name: anarapp_conexionfiguras_piedra_id; Type: INDEX; Schema: public; Owner: postgres; Tablespace: 
--

CREATE INDEX anarapp_conexionfiguras_piedra_id ON anarapp_conexionfiguras USING btree (piedra_id);


--
-- Name: anarapp_constitucionyacimiento_yacimiento_id; Type: INDEX; Schema: public; Owner: postgres; Tablespace: 
--

CREATE INDEX anarapp_constitucionyacimiento_yacimiento_id ON anarapp_constitucionyacimiento USING btree (yacimiento_id);


--
-- Name: anarapp_coordenadas_yacimiento_id; Type: INDEX; Schema: public; Owner: postgres; Tablespace: 
--

CREATE INDEX anarapp_coordenadas_yacimiento_id ON anarapp_coordenadas USING btree (yacimiento_id);


--
-- Name: anarapp_croquis_yacimiento_id; Type: INDEX; Schema: public; Owner: postgres; Tablespace: 
--

CREATE INDEX anarapp_croquis_yacimiento_id ON anarapp_croquis USING btree (yacimiento_id);


--
-- Name: anarapp_datum_yacimiento_id; Type: INDEX; Schema: public; Owner: postgres; Tablespace: 
--

CREATE INDEX anarapp_datum_yacimiento_id ON anarapp_datum USING btree (yacimiento_id);


--
-- Name: anarapp_dimensionpiedra_piedra_id; Type: INDEX; Schema: public; Owner: postgres; Tablespace: 
--

CREATE INDEX anarapp_dimensionpiedra_piedra_id ON anarapp_dimensionpiedra USING btree (piedra_id);


--
-- Name: anarapp_esquemaporcara_piedra_id; Type: INDEX; Schema: public; Owner: postgres; Tablespace: 
--

CREATE INDEX anarapp_esquemaporcara_piedra_id ON anarapp_esquemaporcara USING btree (piedra_id);


--
-- Name: anarapp_faunayacimiento_yacimiento_id; Type: INDEX; Schema: public; Owner: postgres; Tablespace: 
--

CREATE INDEX anarapp_faunayacimiento_yacimiento_id ON anarapp_faunayacimiento USING btree (yacimiento_id);


--
-- Name: anarapp_figurasportipo_piedra_id; Type: INDEX; Schema: public; Owner: postgres; Tablespace: 
--

CREATE INDEX anarapp_figurasportipo_piedra_id ON anarapp_figurasportipo USING btree (piedra_id);


--
-- Name: anarapp_florayacimiento_yacimiento_id; Type: INDEX; Schema: public; Owner: postgres; Tablespace: 
--

CREATE INDEX anarapp_florayacimiento_yacimiento_id ON anarapp_florayacimiento USING btree (yacimiento_id);


--
-- Name: anarapp_fotografiapiedra_piedra_id; Type: INDEX; Schema: public; Owner: postgres; Tablespace: 
--

CREATE INDEX anarapp_fotografiapiedra_piedra_id ON anarapp_fotografiapiedra USING btree (piedra_id);


--
-- Name: anarapp_fotografiayac_yacimiento_id; Type: INDEX; Schema: public; Owner: postgres; Tablespace: 
--

CREATE INDEX anarapp_fotografiayac_yacimiento_id ON anarapp_fotografiayac USING btree (yacimiento_id);


--
-- Name: anarapp_fotopiedra_piedra_id; Type: INDEX; Schema: public; Owner: postgres; Tablespace: 
--

CREATE INDEX anarapp_fotopiedra_piedra_id ON anarapp_fotopiedra USING btree (piedra_id);


--
-- Name: anarapp_hidrologiayacimiento_yacimiento_id; Type: INDEX; Schema: public; Owner: postgres; Tablespace: 
--

CREATE INDEX anarapp_hidrologiayacimiento_yacimiento_id ON anarapp_hidrologiayacimiento USING btree (yacimiento_id);


--
-- Name: anarapp_indicaciones_yacimiento_id; Type: INDEX; Schema: public; Owner: postgres; Tablespace: 
--

CREATE INDEX anarapp_indicaciones_yacimiento_id ON anarapp_indicaciones USING btree (yacimiento_id);


--
-- Name: anarapp_llenadopiedra_piedra_id; Type: INDEX; Schema: public; Owner: postgres; Tablespace: 
--

CREATE INDEX anarapp_llenadopiedra_piedra_id ON anarapp_llenadopiedra USING btree (piedra_id);


--
-- Name: anarapp_llenadoyac_yacimiento_id; Type: INDEX; Schema: public; Owner: postgres; Tablespace: 
--

CREATE INDEX anarapp_llenadoyac_yacimiento_id ON anarapp_llenadoyac USING btree (yacimiento_id);


--
-- Name: anarapp_localidadyacimiento_yacimiento_id; Type: INDEX; Schema: public; Owner: postgres; Tablespace: 
--

CREATE INDEX anarapp_localidadyacimiento_yacimiento_id ON anarapp_localidadyacimiento USING btree (yacimiento_id);


--
-- Name: anarapp_manifestaciones_piedra_id; Type: INDEX; Schema: public; Owner: postgres; Tablespace: 
--

CREATE INDEX anarapp_manifestaciones_piedra_id ON anarapp_manifestaciones USING btree (piedra_id);


--
-- Name: anarapp_manifestacionyacimiento_yacimiento_id; Type: INDEX; Schema: public; Owner: postgres; Tablespace: 
--

CREATE INDEX anarapp_manifestacionyacimiento_yacimiento_id ON anarapp_manifestacionyacimiento USING btree (yacimiento_id);


--
-- Name: anarapp_matavpiedra_piedra_id; Type: INDEX; Schema: public; Owner: postgres; Tablespace: 
--

CREATE INDEX anarapp_matavpiedra_piedra_id ON anarapp_matavpiedra USING btree (piedra_id);


--
-- Name: anarapp_matavyacimiento_yacimiento_id; Type: INDEX; Schema: public; Owner: postgres; Tablespace: 
--

CREATE INDEX anarapp_matavyacimiento_yacimiento_id ON anarapp_matavyacimiento USING btree (yacimiento_id);


--
-- Name: anarapp_materialyacimiento_yacimiento_id; Type: INDEX; Schema: public; Owner: postgres; Tablespace: 
--

CREATE INDEX anarapp_materialyacimiento_yacimiento_id ON anarapp_materialyacimiento USING btree (yacimiento_id);


--
-- Name: anarapp_multimediapiedra_piedra_id; Type: INDEX; Schema: public; Owner: postgres; Tablespace: 
--

CREATE INDEX anarapp_multimediapiedra_piedra_id ON anarapp_multimediapiedra USING btree (piedra_id);


--
-- Name: anarapp_multimediayac_yacimiento_id; Type: INDEX; Schema: public; Owner: postgres; Tablespace: 
--

CREATE INDEX anarapp_multimediayac_yacimiento_id ON anarapp_multimediayac USING btree (yacimiento_id);


--
-- Name: anarapp_municipio_estado_id; Type: INDEX; Schema: public; Owner: postgres; Tablespace: 
--

CREATE INDEX anarapp_municipio_estado_id ON anarapp_municipio USING btree (estado_id);


--
-- Name: anarapp_observacionesyac_yacimiento_id; Type: INDEX; Schema: public; Owner: postgres; Tablespace: 
--

CREATE INDEX anarapp_observacionesyac_yacimiento_id ON anarapp_observacionesyac USING btree (yacimiento_id);


--
-- Name: anarapp_observacpiedra_piedra_id; Type: INDEX; Schema: public; Owner: postgres; Tablespace: 
--

CREATE INDEX anarapp_observacpiedra_piedra_id ON anarapp_observacpiedra USING btree (piedra_id);


--
-- Name: anarapp_obtinfopiedra_piedra_id; Type: INDEX; Schema: public; Owner: postgres; Tablespace: 
--

CREATE INDEX anarapp_obtinfopiedra_piedra_id ON anarapp_obtinfopiedra USING btree (piedra_id);


--
-- Name: anarapp_obtinfoyac_yacimiento_id; Type: INDEX; Schema: public; Owner: postgres; Tablespace: 
--

CREATE INDEX anarapp_obtinfoyac_yacimiento_id ON anarapp_obtinfoyac USING btree (yacimiento_id);


--
-- Name: anarapp_orientacionyacimiento_yacimiento_id; Type: INDEX; Schema: public; Owner: postgres; Tablespace: 
--

CREATE INDEX anarapp_orientacionyacimiento_yacimiento_id ON anarapp_orientacionyacimiento USING btree (yacimiento_id);


--
-- Name: anarapp_otrosvalpiedra_piedra_id; Type: INDEX; Schema: public; Owner: postgres; Tablespace: 
--

CREATE INDEX anarapp_otrosvalpiedra_piedra_id ON anarapp_otrosvalpiedra USING btree (piedra_id);


--
-- Name: anarapp_otrosvalyac_yacimiento_id; Type: INDEX; Schema: public; Owner: postgres; Tablespace: 
--

CREATE INDEX anarapp_otrosvalyac_yacimiento_id ON anarapp_otrosvalyac USING btree (yacimiento_id);


--
-- Name: anarapp_paginawebpiedra_piedra_id; Type: INDEX; Schema: public; Owner: postgres; Tablespace: 
--

CREATE INDEX anarapp_paginawebpiedra_piedra_id ON anarapp_paginawebpiedra USING btree (piedra_id);


--
-- Name: anarapp_paginawebyac_yacimiento_id; Type: INDEX; Schema: public; Owner: postgres; Tablespace: 
--

CREATE INDEX anarapp_paginawebyac_yacimiento_id ON anarapp_paginawebyac USING btree (yacimiento_id);


--
-- Name: anarapp_peliculapiedra_piedra_id; Type: INDEX; Schema: public; Owner: postgres; Tablespace: 
--

CREATE INDEX anarapp_peliculapiedra_piedra_id ON anarapp_peliculapiedra USING btree (piedra_id);


--
-- Name: anarapp_peliyacimiento_yacimiento_id; Type: INDEX; Schema: public; Owner: postgres; Tablespace: 
--

CREATE INDEX anarapp_peliyacimiento_yacimiento_id ON anarapp_peliyacimiento USING btree (yacimiento_id);


--
-- Name: anarapp_piedra_estado_id; Type: INDEX; Schema: public; Owner: postgres; Tablespace: 
--

CREATE INDEX anarapp_piedra_estado_id ON anarapp_piedra USING btree (estado_id);


--
-- Name: anarapp_piedra_yacimiento_id; Type: INDEX; Schema: public; Owner: postgres; Tablespace: 
--

CREATE INDEX anarapp_piedra_yacimiento_id ON anarapp_piedra USING btree (yacimiento_id);


--
-- Name: anarapp_plano_yacimiento_id; Type: INDEX; Schema: public; Owner: postgres; Tablespace: 
--

CREATE INDEX anarapp_plano_yacimiento_id ON anarapp_plano USING btree (yacimiento_id);


--
-- Name: anarapp_repgrafpiedra_piedra_id; Type: INDEX; Schema: public; Owner: postgres; Tablespace: 
--

CREATE INDEX anarapp_repgrafpiedra_piedra_id ON anarapp_repgrafpiedra USING btree (piedra_id);


--
-- Name: anarapp_supervisadopiedra_piedra_id; Type: INDEX; Schema: public; Owner: postgres; Tablespace: 
--

CREATE INDEX anarapp_supervisadopiedra_piedra_id ON anarapp_supervisadopiedra USING btree (piedra_id);


--
-- Name: anarapp_supervisadoyac_yacimiento_id; Type: INDEX; Schema: public; Owner: postgres; Tablespace: 
--

CREATE INDEX anarapp_supervisadoyac_yacimiento_id ON anarapp_supervisadoyac USING btree (yacimiento_id);


--
-- Name: anarapp_tecnicaparageoglifo_yacimiento_id; Type: INDEX; Schema: public; Owner: postgres; Tablespace: 
--

CREATE INDEX anarapp_tecnicaparageoglifo_yacimiento_id ON anarapp_tecnicaparageoglifo USING btree (yacimiento_id);


--
-- Name: anarapp_tecnicaparamicropetro_yacimiento_id; Type: INDEX; Schema: public; Owner: postgres; Tablespace: 
--

CREATE INDEX anarapp_tecnicaparamicropetro_yacimiento_id ON anarapp_tecnicaparamicropetro USING btree (yacimiento_id);


--
-- Name: anarapp_tecnicaparamonumentos_yacimiento_id; Type: INDEX; Schema: public; Owner: postgres; Tablespace: 
--

CREATE INDEX anarapp_tecnicaparamonumentos_yacimiento_id ON anarapp_tecnicaparamonumentos USING btree (yacimiento_id);


--
-- Name: anarapp_tecnicaparapetroglifo_yacimiento_id; Type: INDEX; Schema: public; Owner: postgres; Tablespace: 
--

CREATE INDEX anarapp_tecnicaparapetroglifo_yacimiento_id ON anarapp_tecnicaparapetroglifo USING btree (yacimiento_id);


--
-- Name: anarapp_tecnicaparapintura_yacimiento_id; Type: INDEX; Schema: public; Owner: postgres; Tablespace: 
--

CREATE INDEX anarapp_tecnicaparapintura_yacimiento_id ON anarapp_tecnicaparapintura USING btree (yacimiento_id);


--
-- Name: anarapp_tenenciadetierra_yacimiento_id; Type: INDEX; Schema: public; Owner: postgres; Tablespace: 
--

CREATE INDEX anarapp_tenenciadetierra_yacimiento_id ON anarapp_tenenciadetierra USING btree (yacimiento_id);


--
-- Name: anarapp_texturasuelo_yacimiento_id; Type: INDEX; Schema: public; Owner: postgres; Tablespace: 
--

CREATE INDEX anarapp_texturasuelo_yacimiento_id ON anarapp_texturasuelo USING btree (yacimiento_id);


--
-- Name: anarapp_tipoexposicionyac_yacimiento_id; Type: INDEX; Schema: public; Owner: postgres; Tablespace: 
--

CREATE INDEX anarapp_tipoexposicionyac_yacimiento_id ON anarapp_tipoexposicionyac USING btree (yacimiento_id);


--
-- Name: anarapp_tipoyacimiento_yacimiento_id; Type: INDEX; Schema: public; Owner: postgres; Tablespace: 
--

CREATE INDEX anarapp_tipoyacimiento_yacimiento_id ON anarapp_tipoyacimiento USING btree (yacimiento_id);


--
-- Name: anarapp_tratfotopiedra_piedra_id; Type: INDEX; Schema: public; Owner: postgres; Tablespace: 
--

CREATE INDEX anarapp_tratfotopiedra_piedra_id ON anarapp_tratfotopiedra USING btree (piedra_id);


--
-- Name: anarapp_ubicacioncaras_piedra_id; Type: INDEX; Schema: public; Owner: postgres; Tablespace: 
--

CREATE INDEX anarapp_ubicacioncaras_piedra_id ON anarapp_ubicacioncaras USING btree (piedra_id);


--
-- Name: anarapp_ubicacionyacimiento_yacimiento_id; Type: INDEX; Schema: public; Owner: postgres; Tablespace: 
--

CREATE INDEX anarapp_ubicacionyacimiento_yacimiento_id ON anarapp_ubicacionyacimiento USING btree (yacimiento_id);


--
-- Name: anarapp_usoactsuelo_yacimiento_id; Type: INDEX; Schema: public; Owner: postgres; Tablespace: 
--

CREATE INDEX anarapp_usoactsuelo_yacimiento_id ON anarapp_usoactsuelo USING btree (yacimiento_id);


--
-- Name: anarapp_videopiedra_piedra_id; Type: INDEX; Schema: public; Owner: postgres; Tablespace: 
--

CREATE INDEX anarapp_videopiedra_piedra_id ON anarapp_videopiedra USING btree (piedra_id);


--
-- Name: anarapp_videoyacimiento_yacimiento_id; Type: INDEX; Schema: public; Owner: postgres; Tablespace: 
--

CREATE INDEX anarapp_videoyacimiento_yacimiento_id ON anarapp_videoyacimiento USING btree (yacimiento_id);


--
-- Name: anarapp_yacimiento_estado_id; Type: INDEX; Schema: public; Owner: postgres; Tablespace: 
--

CREATE INDEX anarapp_yacimiento_estado_id ON anarapp_yacimiento USING btree (estado_id);


--
-- Name: anarapp_yacimiento_municipio_id; Type: INDEX; Schema: public; Owner: postgres; Tablespace: 
--

CREATE INDEX anarapp_yacimiento_municipio_id ON anarapp_yacimiento USING btree (municipio_id);


--
-- Name: auth_group_permissions_group_id; Type: INDEX; Schema: public; Owner: postgres; Tablespace: 
--

CREATE INDEX auth_group_permissions_group_id ON auth_group_permissions USING btree (group_id);


--
-- Name: auth_group_permissions_permission_id; Type: INDEX; Schema: public; Owner: postgres; Tablespace: 
--

CREATE INDEX auth_group_permissions_permission_id ON auth_group_permissions USING btree (permission_id);


--
-- Name: auth_permission_content_type_id; Type: INDEX; Schema: public; Owner: postgres; Tablespace: 
--

CREATE INDEX auth_permission_content_type_id ON auth_permission USING btree (content_type_id);


--
-- Name: auth_user_groups_group_id; Type: INDEX; Schema: public; Owner: postgres; Tablespace: 
--

CREATE INDEX auth_user_groups_group_id ON auth_user_groups USING btree (group_id);


--
-- Name: auth_user_groups_user_id; Type: INDEX; Schema: public; Owner: postgres; Tablespace: 
--

CREATE INDEX auth_user_groups_user_id ON auth_user_groups USING btree (user_id);


--
-- Name: auth_user_user_permissions_permission_id; Type: INDEX; Schema: public; Owner: postgres; Tablespace: 
--

CREATE INDEX auth_user_user_permissions_permission_id ON auth_user_user_permissions USING btree (permission_id);


--
-- Name: auth_user_user_permissions_user_id; Type: INDEX; Schema: public; Owner: postgres; Tablespace: 
--

CREATE INDEX auth_user_user_permissions_user_id ON auth_user_user_permissions USING btree (user_id);


--
-- Name: django_admin_log_content_type_id; Type: INDEX; Schema: public; Owner: postgres; Tablespace: 
--

CREATE INDEX django_admin_log_content_type_id ON django_admin_log USING btree (content_type_id);


--
-- Name: django_admin_log_user_id; Type: INDEX; Schema: public; Owner: postgres; Tablespace: 
--

CREATE INDEX django_admin_log_user_id ON django_admin_log USING btree (user_id);


--
-- Name: django_session_expire_date; Type: INDEX; Schema: public; Owner: postgres; Tablespace: 
--

CREATE INDEX django_session_expire_date ON django_session USING btree (expire_date);


--
-- Name: auth_group_permissions_permission_id_fkey; Type: FK CONSTRAINT; Schema: public; Owner: postgres
--

ALTER TABLE ONLY auth_group_permissions
    ADD CONSTRAINT auth_group_permissions_permission_id_fkey FOREIGN KEY (permission_id) REFERENCES auth_permission(id) DEFERRABLE INITIALLY DEFERRED;


--
-- Name: auth_user_groups_group_id_fkey; Type: FK CONSTRAINT; Schema: public; Owner: postgres
--

ALTER TABLE ONLY auth_user_groups
    ADD CONSTRAINT auth_user_groups_group_id_fkey FOREIGN KEY (group_id) REFERENCES auth_group(id) DEFERRABLE INITIALLY DEFERRED;


--
-- Name: auth_user_user_permissions_permission_id_fkey; Type: FK CONSTRAINT; Schema: public; Owner: postgres
--

ALTER TABLE ONLY auth_user_user_permissions
    ADD CONSTRAINT auth_user_user_permissions_permission_id_fkey FOREIGN KEY (permission_id) REFERENCES auth_permission(id) DEFERRABLE INITIALLY DEFERRED;


--
-- Name: bibliografia_ptr_id_refs_id_b9233dc0; Type: FK CONSTRAINT; Schema: public; Owner: postgres
--

ALTER TABLE ONLY anarapp_bibyacimiento
    ADD CONSTRAINT bibliografia_ptr_id_refs_id_b9233dc0 FOREIGN KEY (bibliografia_ptr_id) REFERENCES anarapp_bibliografia(id) DEFERRABLE INITIALLY DEFERRED;


--
-- Name: bibliografia_ptr_id_refs_id_c410a45; Type: FK CONSTRAINT; Schema: public; Owner: postgres
--

ALTER TABLE ONLY anarapp_bibpiedra
    ADD CONSTRAINT bibliografia_ptr_id_refs_id_c410a45 FOREIGN KEY (bibliografia_ptr_id) REFERENCES anarapp_bibliografia(id) DEFERRABLE INITIALLY DEFERRED;


--
-- Name: content_type_id_refs_id_728de91f; Type: FK CONSTRAINT; Schema: public; Owner: postgres
--

ALTER TABLE ONLY auth_permission
    ADD CONSTRAINT content_type_id_refs_id_728de91f FOREIGN KEY (content_type_id) REFERENCES django_content_type(id) DEFERRABLE INITIALLY DEFERRED;


--
-- Name: django_admin_log_content_type_id_fkey; Type: FK CONSTRAINT; Schema: public; Owner: postgres
--

ALTER TABLE ONLY django_admin_log
    ADD CONSTRAINT django_admin_log_content_type_id_fkey FOREIGN KEY (content_type_id) REFERENCES django_content_type(id) DEFERRABLE INITIALLY DEFERRED;


--
-- Name: django_admin_log_user_id_fkey; Type: FK CONSTRAINT; Schema: public; Owner: postgres
--

ALTER TABLE ONLY django_admin_log
    ADD CONSTRAINT django_admin_log_user_id_fkey FOREIGN KEY (user_id) REFERENCES auth_user(id) DEFERRABLE INITIALLY DEFERRED;


--
-- Name: estado_id_refs_id_2cc3dc83; Type: FK CONSTRAINT; Schema: public; Owner: postgres
--

ALTER TABLE ONLY anarapp_yacimiento
    ADD CONSTRAINT estado_id_refs_id_2cc3dc83 FOREIGN KEY (estado_id) REFERENCES anarapp_estado(id) DEFERRABLE INITIALLY DEFERRED;


--
-- Name: estado_id_refs_id_82842671; Type: FK CONSTRAINT; Schema: public; Owner: postgres
--

ALTER TABLE ONLY anarapp_municipio
    ADD CONSTRAINT estado_id_refs_id_82842671 FOREIGN KEY (estado_id) REFERENCES anarapp_estado(id) DEFERRABLE INITIALLY DEFERRED;


--
-- Name: estado_id_refs_id_f2665b8; Type: FK CONSTRAINT; Schema: public; Owner: postgres
--

ALTER TABLE ONLY anarapp_piedra
    ADD CONSTRAINT estado_id_refs_id_f2665b8 FOREIGN KEY (estado_id) REFERENCES anarapp_estado(id) DEFERRABLE INITIALLY DEFERRED;


--
-- Name: foto_ptr_id_refs_id_79466768; Type: FK CONSTRAINT; Schema: public; Owner: postgres
--

ALTER TABLE ONLY anarapp_fotopiedra
    ADD CONSTRAINT foto_ptr_id_refs_id_79466768 FOREIGN KEY (foto_ptr_id) REFERENCES anarapp_foto(id) DEFERRABLE INITIALLY DEFERRED;


--
-- Name: group_id_refs_id_3cea63fe; Type: FK CONSTRAINT; Schema: public; Owner: postgres
--

ALTER TABLE ONLY auth_group_permissions
    ADD CONSTRAINT group_id_refs_id_3cea63fe FOREIGN KEY (group_id) REFERENCES auth_group(id) DEFERRABLE INITIALLY DEFERRED;


--
-- Name: llenadopor_ptr_id_refs_id_70cac1e7; Type: FK CONSTRAINT; Schema: public; Owner: postgres
--

ALTER TABLE ONLY anarapp_llenadoyac
    ADD CONSTRAINT llenadopor_ptr_id_refs_id_70cac1e7 FOREIGN KEY (llenadopor_ptr_id) REFERENCES anarapp_llenadopor(id) DEFERRABLE INITIALLY DEFERRED;


--
-- Name: llenadopor_ptr_id_refs_id_72be0744; Type: FK CONSTRAINT; Schema: public; Owner: postgres
--

ALTER TABLE ONLY anarapp_llenadopiedra
    ADD CONSTRAINT llenadopor_ptr_id_refs_id_72be0744 FOREIGN KEY (llenadopor_ptr_id) REFERENCES anarapp_llenadopor(id) DEFERRABLE INITIALLY DEFERRED;


--
-- Name: mataudiovisual_ptr_id_refs_id_2ee71e04; Type: FK CONSTRAINT; Schema: public; Owner: postgres
--

ALTER TABLE ONLY anarapp_matavpiedra
    ADD CONSTRAINT mataudiovisual_ptr_id_refs_id_2ee71e04 FOREIGN KEY (mataudiovisual_ptr_id) REFERENCES anarapp_mataudiovisual(id) DEFERRABLE INITIALLY DEFERRED;


--
-- Name: mataudiovisual_ptr_id_refs_id_d705c34b; Type: FK CONSTRAINT; Schema: public; Owner: postgres
--

ALTER TABLE ONLY anarapp_matavyacimiento
    ADD CONSTRAINT mataudiovisual_ptr_id_refs_id_d705c34b FOREIGN KEY (mataudiovisual_ptr_id) REFERENCES anarapp_mataudiovisual(id) DEFERRABLE INITIALLY DEFERRED;


--
-- Name: multimedia_ptr_id_refs_id_2cb1e4ee; Type: FK CONSTRAINT; Schema: public; Owner: postgres
--

ALTER TABLE ONLY anarapp_multimediapiedra
    ADD CONSTRAINT multimedia_ptr_id_refs_id_2cb1e4ee FOREIGN KEY (multimedia_ptr_id) REFERENCES anarapp_multimedia(id) DEFERRABLE INITIALLY DEFERRED;


--
-- Name: multimedia_ptr_id_refs_id_c4646195; Type: FK CONSTRAINT; Schema: public; Owner: postgres
--

ALTER TABLE ONLY anarapp_multimediayac
    ADD CONSTRAINT multimedia_ptr_id_refs_id_c4646195 FOREIGN KEY (multimedia_ptr_id) REFERENCES anarapp_multimedia(id) DEFERRABLE INITIALLY DEFERRED;


--
-- Name: municipio_id_refs_id_cc74d183; Type: FK CONSTRAINT; Schema: public; Owner: postgres
--

ALTER TABLE ONLY anarapp_yacimiento
    ADD CONSTRAINT municipio_id_refs_id_cc74d183 FOREIGN KEY (municipio_id) REFERENCES anarapp_municipio(id) DEFERRABLE INITIALLY DEFERRED;


--
-- Name: observaciones_ptr_id_refs_id_f4701d37; Type: FK CONSTRAINT; Schema: public; Owner: postgres
--

ALTER TABLE ONLY anarapp_observacionesyac
    ADD CONSTRAINT observaciones_ptr_id_refs_id_f4701d37 FOREIGN KEY (observaciones_ptr_id) REFERENCES anarapp_observaciones(id) DEFERRABLE INITIALLY DEFERRED;


--
-- Name: observaciones_ptr_id_refs_id_f90b4033; Type: FK CONSTRAINT; Schema: public; Owner: postgres
--

ALTER TABLE ONLY anarapp_observacpiedra
    ADD CONSTRAINT observaciones_ptr_id_refs_id_f90b4033 FOREIGN KEY (observaciones_ptr_id) REFERENCES anarapp_observaciones(id) DEFERRABLE INITIALLY DEFERRED;


--
-- Name: obtencioninfo_ptr_id_refs_id_57595cd0; Type: FK CONSTRAINT; Schema: public; Owner: postgres
--

ALTER TABLE ONLY anarapp_obtinfopiedra
    ADD CONSTRAINT obtencioninfo_ptr_id_refs_id_57595cd0 FOREIGN KEY (obtencioninfo_ptr_id) REFERENCES anarapp_obtencioninfo(id) DEFERRABLE INITIALLY DEFERRED;


--
-- Name: obtencioninfo_ptr_id_refs_id_e63b7323; Type: FK CONSTRAINT; Schema: public; Owner: postgres
--

ALTER TABLE ONLY anarapp_obtinfoyac
    ADD CONSTRAINT obtencioninfo_ptr_id_refs_id_e63b7323 FOREIGN KEY (obtencioninfo_ptr_id) REFERENCES anarapp_obtencioninfo(id) DEFERRABLE INITIALLY DEFERRED;


--
-- Name: otrosvalores_ptr_id_refs_id_4ca26dec; Type: FK CONSTRAINT; Schema: public; Owner: postgres
--

ALTER TABLE ONLY anarapp_otrosvalyac
    ADD CONSTRAINT otrosvalores_ptr_id_refs_id_4ca26dec FOREIGN KEY (otrosvalores_ptr_id) REFERENCES anarapp_otrosvalores(id) DEFERRABLE INITIALLY DEFERRED;


--
-- Name: otrosvalores_ptr_id_refs_id_dac0e93d; Type: FK CONSTRAINT; Schema: public; Owner: postgres
--

ALTER TABLE ONLY anarapp_otrosvalpiedra
    ADD CONSTRAINT otrosvalores_ptr_id_refs_id_dac0e93d FOREIGN KEY (otrosvalores_ptr_id) REFERENCES anarapp_otrosvalores(id) DEFERRABLE INITIALLY DEFERRED;


--
-- Name: paginaweb_ptr_id_refs_id_2927bd0d; Type: FK CONSTRAINT; Schema: public; Owner: postgres
--

ALTER TABLE ONLY anarapp_paginawebyac
    ADD CONSTRAINT paginaweb_ptr_id_refs_id_2927bd0d FOREIGN KEY (paginaweb_ptr_id) REFERENCES anarapp_paginaweb(id) DEFERRABLE INITIALLY DEFERRED;


--
-- Name: paginaweb_ptr_id_refs_id_81abf2; Type: FK CONSTRAINT; Schema: public; Owner: postgres
--

ALTER TABLE ONLY anarapp_paginawebpiedra
    ADD CONSTRAINT paginaweb_ptr_id_refs_id_81abf2 FOREIGN KEY (paginaweb_ptr_id) REFERENCES anarapp_paginaweb(id) DEFERRABLE INITIALLY DEFERRED;


--
-- Name: pelicula_ptr_id_refs_video_ptr_id_19fe12e0; Type: FK CONSTRAINT; Schema: public; Owner: postgres
--

ALTER TABLE ONLY anarapp_peliyacimiento
    ADD CONSTRAINT pelicula_ptr_id_refs_video_ptr_id_19fe12e0 FOREIGN KEY (pelicula_ptr_id) REFERENCES anarapp_pelicula(video_ptr_id) DEFERRABLE INITIALLY DEFERRED;


--
-- Name: pelicula_ptr_id_refs_video_ptr_id_597796a2; Type: FK CONSTRAINT; Schema: public; Owner: postgres
--

ALTER TABLE ONLY anarapp_peliculapiedra
    ADD CONSTRAINT pelicula_ptr_id_refs_video_ptr_id_597796a2 FOREIGN KEY (pelicula_ptr_id) REFERENCES anarapp_pelicula(video_ptr_id) DEFERRABLE INITIALLY DEFERRED;


--
-- Name: piedra_id_refs_id_2d541164; Type: FK CONSTRAINT; Schema: public; Owner: postgres
--

ALTER TABLE ONLY anarapp_peliculapiedra
    ADD CONSTRAINT piedra_id_refs_id_2d541164 FOREIGN KEY (piedra_id) REFERENCES anarapp_piedra(id) DEFERRABLE INITIALLY DEFERRED;


--
-- Name: piedra_id_refs_id_35083e31; Type: FK CONSTRAINT; Schema: public; Owner: postgres
--

ALTER TABLE ONLY anarapp_fotopiedra
    ADD CONSTRAINT piedra_id_refs_id_35083e31 FOREIGN KEY (piedra_id) REFERENCES anarapp_piedra(id) DEFERRABLE INITIALLY DEFERRED;


--
-- Name: piedra_id_refs_id_46a90c8e; Type: FK CONSTRAINT; Schema: public; Owner: postgres
--

ALTER TABLE ONLY anarapp_manifestaciones
    ADD CONSTRAINT piedra_id_refs_id_46a90c8e FOREIGN KEY (piedra_id) REFERENCES anarapp_piedra(id) DEFERRABLE INITIALLY DEFERRED;


--
-- Name: piedra_id_refs_id_54e35838; Type: FK CONSTRAINT; Schema: public; Owner: postgres
--

ALTER TABLE ONLY anarapp_dimensionpiedra
    ADD CONSTRAINT piedra_id_refs_id_54e35838 FOREIGN KEY (piedra_id) REFERENCES anarapp_piedra(id) DEFERRABLE INITIALLY DEFERRED;


--
-- Name: piedra_id_refs_id_588e1f85; Type: FK CONSTRAINT; Schema: public; Owner: postgres
--

ALTER TABLE ONLY anarapp_esquemaporcara
    ADD CONSTRAINT piedra_id_refs_id_588e1f85 FOREIGN KEY (piedra_id) REFERENCES anarapp_piedra(id) DEFERRABLE INITIALLY DEFERRED;


--
-- Name: piedra_id_refs_id_5d5a986f; Type: FK CONSTRAINT; Schema: public; Owner: postgres
--

ALTER TABLE ONLY anarapp_fotografiapiedra
    ADD CONSTRAINT piedra_id_refs_id_5d5a986f FOREIGN KEY (piedra_id) REFERENCES anarapp_piedra(id) DEFERRABLE INITIALLY DEFERRED;


--
-- Name: piedra_id_refs_id_68a3592e; Type: FK CONSTRAINT; Schema: public; Owner: postgres
--

ALTER TABLE ONLY anarapp_observacpiedra
    ADD CONSTRAINT piedra_id_refs_id_68a3592e FOREIGN KEY (piedra_id) REFERENCES anarapp_piedra(id) DEFERRABLE INITIALLY DEFERRED;


--
-- Name: piedra_id_refs_id_69fcce13; Type: FK CONSTRAINT; Schema: public; Owner: postgres
--

ALTER TABLE ONLY anarapp_conexionfiguras
    ADD CONSTRAINT piedra_id_refs_id_69fcce13 FOREIGN KEY (piedra_id) REFERENCES anarapp_piedra(id) DEFERRABLE INITIALLY DEFERRED;


--
-- Name: piedra_id_refs_id_750c9d91; Type: FK CONSTRAINT; Schema: public; Owner: postgres
--

ALTER TABLE ONLY anarapp_otrosvalpiedra
    ADD CONSTRAINT piedra_id_refs_id_750c9d91 FOREIGN KEY (piedra_id) REFERENCES anarapp_piedra(id) DEFERRABLE INITIALLY DEFERRED;


--
-- Name: piedra_id_refs_id_7eadbb7e; Type: FK CONSTRAINT; Schema: public; Owner: postgres
--

ALTER TABLE ONLY anarapp_multimediapiedra
    ADD CONSTRAINT piedra_id_refs_id_7eadbb7e FOREIGN KEY (piedra_id) REFERENCES anarapp_piedra(id) DEFERRABLE INITIALLY DEFERRED;


--
-- Name: piedra_id_refs_id_8913200c; Type: FK CONSTRAINT; Schema: public; Owner: postgres
--

ALTER TABLE ONLY anarapp_paginawebpiedra
    ADD CONSTRAINT piedra_id_refs_id_8913200c FOREIGN KEY (piedra_id) REFERENCES anarapp_piedra(id) DEFERRABLE INITIALLY DEFERRED;


--
-- Name: piedra_id_refs_id_891a94b1; Type: FK CONSTRAINT; Schema: public; Owner: postgres
--

ALTER TABLE ONLY anarapp_supervisadopiedra
    ADD CONSTRAINT piedra_id_refs_id_891a94b1 FOREIGN KEY (piedra_id) REFERENCES anarapp_piedra(id) DEFERRABLE INITIALLY DEFERRED;


--
-- Name: piedra_id_refs_id_bc346b31; Type: FK CONSTRAINT; Schema: public; Owner: postgres
--

ALTER TABLE ONLY anarapp_ubicacioncaras
    ADD CONSTRAINT piedra_id_refs_id_bc346b31 FOREIGN KEY (piedra_id) REFERENCES anarapp_piedra(id) DEFERRABLE INITIALLY DEFERRED;


--
-- Name: piedra_id_refs_id_c2e1d6a1; Type: FK CONSTRAINT; Schema: public; Owner: postgres
--

ALTER TABLE ONLY anarapp_bibpiedra
    ADD CONSTRAINT piedra_id_refs_id_c2e1d6a1 FOREIGN KEY (piedra_id) REFERENCES anarapp_piedra(id) DEFERRABLE INITIALLY DEFERRED;


--
-- Name: piedra_id_refs_id_c40b1dc1; Type: FK CONSTRAINT; Schema: public; Owner: postgres
--

ALTER TABLE ONLY anarapp_videopiedra
    ADD CONSTRAINT piedra_id_refs_id_c40b1dc1 FOREIGN KEY (piedra_id) REFERENCES anarapp_piedra(id) DEFERRABLE INITIALLY DEFERRED;


--
-- Name: piedra_id_refs_id_c43e92cd; Type: FK CONSTRAINT; Schema: public; Owner: postgres
--

ALTER TABLE ONLY anarapp_repgrafpiedra
    ADD CONSTRAINT piedra_id_refs_id_c43e92cd FOREIGN KEY (piedra_id) REFERENCES anarapp_piedra(id) DEFERRABLE INITIALLY DEFERRED;


--
-- Name: piedra_id_refs_id_c5ff1c8f; Type: FK CONSTRAINT; Schema: public; Owner: postgres
--

ALTER TABLE ONLY anarapp_obtinfopiedra
    ADD CONSTRAINT piedra_id_refs_id_c5ff1c8f FOREIGN KEY (piedra_id) REFERENCES anarapp_piedra(id) DEFERRABLE INITIALLY DEFERRED;


--
-- Name: piedra_id_refs_id_c7eb7594; Type: FK CONSTRAINT; Schema: public; Owner: postgres
--

ALTER TABLE ONLY anarapp_figurasportipo
    ADD CONSTRAINT piedra_id_refs_id_c7eb7594 FOREIGN KEY (piedra_id) REFERENCES anarapp_piedra(id) DEFERRABLE INITIALLY DEFERRED;


--
-- Name: piedra_id_refs_id_cda6019d; Type: FK CONSTRAINT; Schema: public; Owner: postgres
--

ALTER TABLE ONLY anarapp_llenadopiedra
    ADD CONSTRAINT piedra_id_refs_id_cda6019d FOREIGN KEY (piedra_id) REFERENCES anarapp_piedra(id) DEFERRABLE INITIALLY DEFERRED;


--
-- Name: piedra_id_refs_id_d11f3a57; Type: FK CONSTRAINT; Schema: public; Owner: postgres
--

ALTER TABLE ONLY anarapp_matavpiedra
    ADD CONSTRAINT piedra_id_refs_id_d11f3a57 FOREIGN KEY (piedra_id) REFERENCES anarapp_piedra(id) DEFERRABLE INITIALLY DEFERRED;


--
-- Name: piedra_id_refs_id_ef06dd5c; Type: FK CONSTRAINT; Schema: public; Owner: postgres
--

ALTER TABLE ONLY anarapp_caratrabajada
    ADD CONSTRAINT piedra_id_refs_id_ef06dd5c FOREIGN KEY (piedra_id) REFERENCES anarapp_piedra(id) DEFERRABLE INITIALLY DEFERRED;


--
-- Name: piedra_id_refs_id_f5949126; Type: FK CONSTRAINT; Schema: public; Owner: postgres
--

ALTER TABLE ONLY anarapp_tratfotopiedra
    ADD CONSTRAINT piedra_id_refs_id_f5949126 FOREIGN KEY (piedra_id) REFERENCES anarapp_piedra(id) DEFERRABLE INITIALLY DEFERRED;


--
-- Name: repgrafpiedra_ptr_id_refs_id_48e289d1; Type: FK CONSTRAINT; Schema: public; Owner: postgres
--

ALTER TABLE ONLY anarapp_escredpiedra
    ADD CONSTRAINT repgrafpiedra_ptr_id_refs_id_48e289d1 FOREIGN KEY (repgrafpiedra_ptr_id) REFERENCES anarapp_repgrafpiedra(id) DEFERRABLE INITIALLY DEFERRED;


--
-- Name: repgrafpiedra_ptr_id_refs_id_73f518cf; Type: FK CONSTRAINT; Schema: public; Owner: postgres
--

ALTER TABLE ONLY anarapp_escnatpiedra
    ADD CONSTRAINT repgrafpiedra_ptr_id_refs_id_73f518cf FOREIGN KEY (repgrafpiedra_ptr_id) REFERENCES anarapp_repgrafpiedra(id) DEFERRABLE INITIALLY DEFERRED;


--
-- Name: supervisadopor_ptr_id_refs_id_4ac4d7df; Type: FK CONSTRAINT; Schema: public; Owner: postgres
--

ALTER TABLE ONLY anarapp_supervisadoyac
    ADD CONSTRAINT supervisadopor_ptr_id_refs_id_4ac4d7df FOREIGN KEY (supervisadopor_ptr_id) REFERENCES anarapp_supervisadopor(id) DEFERRABLE INITIALLY DEFERRED;


--
-- Name: supervisadopor_ptr_id_refs_id_fd838d74; Type: FK CONSTRAINT; Schema: public; Owner: postgres
--

ALTER TABLE ONLY anarapp_supervisadopiedra
    ADD CONSTRAINT supervisadopor_ptr_id_refs_id_fd838d74 FOREIGN KEY (supervisadopor_ptr_id) REFERENCES anarapp_supervisadopor(id) DEFERRABLE INITIALLY DEFERRED;


--
-- Name: tratfoto_ptr_id_refs_id_85ff9ade; Type: FK CONSTRAINT; Schema: public; Owner: postgres
--

ALTER TABLE ONLY anarapp_tratfotopiedra
    ADD CONSTRAINT tratfoto_ptr_id_refs_id_85ff9ade FOREIGN KEY (tratfoto_ptr_id) REFERENCES anarapp_tratfoto(id) DEFERRABLE INITIALLY DEFERRED;


--
-- Name: user_id_refs_id_831107f1; Type: FK CONSTRAINT; Schema: public; Owner: postgres
--

ALTER TABLE ONLY auth_user_groups
    ADD CONSTRAINT user_id_refs_id_831107f1 FOREIGN KEY (user_id) REFERENCES auth_user(id) DEFERRABLE INITIALLY DEFERRED;


--
-- Name: user_id_refs_id_f2045483; Type: FK CONSTRAINT; Schema: public; Owner: postgres
--

ALTER TABLE ONLY auth_user_user_permissions
    ADD CONSTRAINT user_id_refs_id_f2045483 FOREIGN KEY (user_id) REFERENCES auth_user(id) DEFERRABLE INITIALLY DEFERRED;


--
-- Name: video_ptr_id_refs_id_1e1123ed; Type: FK CONSTRAINT; Schema: public; Owner: postgres
--

ALTER TABLE ONLY anarapp_videoyacimiento
    ADD CONSTRAINT video_ptr_id_refs_id_1e1123ed FOREIGN KEY (video_ptr_id) REFERENCES anarapp_video(id) DEFERRABLE INITIALLY DEFERRED;


--
-- Name: video_ptr_id_refs_id_477d2624; Type: FK CONSTRAINT; Schema: public; Owner: postgres
--

ALTER TABLE ONLY anarapp_videopiedra
    ADD CONSTRAINT video_ptr_id_refs_id_477d2624 FOREIGN KEY (video_ptr_id) REFERENCES anarapp_video(id) DEFERRABLE INITIALLY DEFERRED;


--
-- Name: video_ptr_id_refs_id_e734fae2; Type: FK CONSTRAINT; Schema: public; Owner: postgres
--

ALTER TABLE ONLY anarapp_pelicula
    ADD CONSTRAINT video_ptr_id_refs_id_e734fae2 FOREIGN KEY (video_ptr_id) REFERENCES anarapp_video(id) DEFERRABLE INITIALLY DEFERRED;


--
-- Name: yacimiento_id_refs_id_163911af; Type: FK CONSTRAINT; Schema: public; Owner: postgres
--

ALTER TABLE ONLY anarapp_caracmenhires
    ADD CONSTRAINT yacimiento_id_refs_id_163911af FOREIGN KEY (yacimiento_id) REFERENCES anarapp_yacimiento(id) DEFERRABLE INITIALLY DEFERRED;


--
-- Name: yacimiento_id_refs_id_1682848b; Type: FK CONSTRAINT; Schema: public; Owner: postgres
--

ALTER TABLE ONLY anarapp_manifestacioneslitica
    ADD CONSTRAINT yacimiento_id_refs_id_1682848b FOREIGN KEY (yacimiento_id) REFERENCES anarapp_yacimiento(id) DEFERRABLE INITIALLY DEFERRED;


--
-- Name: yacimiento_id_refs_id_1d02de81; Type: FK CONSTRAINT; Schema: public; Owner: postgres
--

ALTER TABLE ONLY anarapp_notasyacimiento
    ADD CONSTRAINT yacimiento_id_refs_id_1d02de81 FOREIGN KEY (yacimiento_id) REFERENCES anarapp_yacimiento(id) DEFERRABLE INITIALLY DEFERRED;


--
-- Name: yacimiento_id_refs_id_1da49eb3; Type: FK CONSTRAINT; Schema: public; Owner: postgres
--

ALTER TABLE ONLY anarapp_hidrologiayacimiento
    ADD CONSTRAINT yacimiento_id_refs_id_1da49eb3 FOREIGN KEY (yacimiento_id) REFERENCES anarapp_yacimiento(id) DEFERRABLE INITIALLY DEFERRED;


--
-- Name: yacimiento_id_refs_id_1e4fe9c9; Type: FK CONSTRAINT; Schema: public; Owner: postgres
--

ALTER TABLE ONLY anarapp_manifestacionesoseo
    ADD CONSTRAINT yacimiento_id_refs_id_1e4fe9c9 FOREIGN KEY (yacimiento_id) REFERENCES anarapp_yacimiento(id) DEFERRABLE INITIALLY DEFERRED;


--
-- Name: yacimiento_id_refs_id_201a8fb7; Type: FK CONSTRAINT; Schema: public; Owner: postgres
--

ALTER TABLE ONLY anarapp_caracmonolitos
    ADD CONSTRAINT yacimiento_id_refs_id_201a8fb7 FOREIGN KEY (yacimiento_id) REFERENCES anarapp_yacimiento(id) DEFERRABLE INITIALLY DEFERRED;


--
-- Name: yacimiento_id_refs_id_28ae6036; Type: FK CONSTRAINT; Schema: public; Owner: postgres
--

ALTER TABLE ONLY anarapp_manifestacionesceramica
    ADD CONSTRAINT yacimiento_id_refs_id_28ae6036 FOREIGN KEY (yacimiento_id) REFERENCES anarapp_yacimiento(id) DEFERRABLE INITIALLY DEFERRED;


--
-- Name: yacimiento_id_refs_id_2a4c7951; Type: FK CONSTRAINT; Schema: public; Owner: postgres
--

ALTER TABLE ONLY anarapp_caracsurcobateas
    ADD CONSTRAINT yacimiento_id_refs_id_2a4c7951 FOREIGN KEY (yacimiento_id) REFERENCES anarapp_yacimiento(id) DEFERRABLE INITIALLY DEFERRED;


--
-- Name: yacimiento_id_refs_id_2ce206ce; Type: FK CONSTRAINT; Schema: public; Owner: postgres
--

ALTER TABLE ONLY anarapp_tecnicaparapetroglifo
    ADD CONSTRAINT yacimiento_id_refs_id_2ce206ce FOREIGN KEY (yacimiento_id) REFERENCES anarapp_yacimiento(id) DEFERRABLE INITIALLY DEFERRED;


--
-- Name: yacimiento_id_refs_id_2e02a496; Type: FK CONSTRAINT; Schema: public; Owner: postgres
--

ALTER TABLE ONLY anarapp_tecnicaparamonumentos
    ADD CONSTRAINT yacimiento_id_refs_id_2e02a496 FOREIGN KEY (yacimiento_id) REFERENCES anarapp_yacimiento(id) DEFERRABLE INITIALLY DEFERRED;


--
-- Name: yacimiento_id_refs_id_32e9921d; Type: FK CONSTRAINT; Schema: public; Owner: postgres
--

ALTER TABLE ONLY anarapp_otrosvalyac
    ADD CONSTRAINT yacimiento_id_refs_id_32e9921d FOREIGN KEY (yacimiento_id) REFERENCES anarapp_yacimiento(id) DEFERRABLE INITIALLY DEFERRED;


--
-- Name: yacimiento_id_refs_id_36891e81; Type: FK CONSTRAINT; Schema: public; Owner: postgres
--

ALTER TABLE ONLY anarapp_bibyacimiento
    ADD CONSTRAINT yacimiento_id_refs_id_36891e81 FOREIGN KEY (yacimiento_id) REFERENCES anarapp_yacimiento(id) DEFERRABLE INITIALLY DEFERRED;


--
-- Name: yacimiento_id_refs_id_37fd18b5; Type: FK CONSTRAINT; Schema: public; Owner: postgres
--

ALTER TABLE ONLY anarapp_tecnicaparamicropetro
    ADD CONSTRAINT yacimiento_id_refs_id_37fd18b5 FOREIGN KEY (yacimiento_id) REFERENCES anarapp_yacimiento(id) DEFERRABLE INITIALLY DEFERRED;


--
-- Name: yacimiento_id_refs_id_3b779180; Type: FK CONSTRAINT; Schema: public; Owner: postgres
--

ALTER TABLE ONLY anarapp_intensidaddestruccionyac
    ADD CONSTRAINT yacimiento_id_refs_id_3b779180 FOREIGN KEY (yacimiento_id) REFERENCES anarapp_yacimiento(id) DEFERRABLE INITIALLY DEFERRED;


--
-- Name: yacimiento_id_refs_id_4bbd4732; Type: FK CONSTRAINT; Schema: public; Owner: postgres
--

ALTER TABLE ONLY anarapp_manifestacionesmito
    ADD CONSTRAINT yacimiento_id_refs_id_4bbd4732 FOREIGN KEY (yacimiento_id) REFERENCES anarapp_yacimiento(id) DEFERRABLE INITIALLY DEFERRED;


--
-- Name: yacimiento_id_refs_id_54ab0a25; Type: FK CONSTRAINT; Schema: public; Owner: postgres
--

ALTER TABLE ONLY anarapp_tipoyacimiento
    ADD CONSTRAINT yacimiento_id_refs_id_54ab0a25 FOREIGN KEY (yacimiento_id) REFERENCES anarapp_yacimiento(id) DEFERRABLE INITIALLY DEFERRED;


--
-- Name: yacimiento_id_refs_id_581de40b; Type: FK CONSTRAINT; Schema: public; Owner: postgres
--

ALTER TABLE ONLY anarapp_matavyacimiento
    ADD CONSTRAINT yacimiento_id_refs_id_581de40b FOREIGN KEY (yacimiento_id) REFERENCES anarapp_yacimiento(id) DEFERRABLE INITIALLY DEFERRED;


--
-- Name: yacimiento_id_refs_id_58a6788b; Type: FK CONSTRAINT; Schema: public; Owner: postgres
--

ALTER TABLE ONLY anarapp_colores
    ADD CONSTRAINT yacimiento_id_refs_id_58a6788b FOREIGN KEY (yacimiento_id) REFERENCES anarapp_yacimiento(id) DEFERRABLE INITIALLY DEFERRED;


--
-- Name: yacimiento_id_refs_id_5dc87982; Type: FK CONSTRAINT; Schema: public; Owner: postgres
--

ALTER TABLE ONLY anarapp_caracsurcoamoladores
    ADD CONSTRAINT yacimiento_id_refs_id_5dc87982 FOREIGN KEY (yacimiento_id) REFERENCES anarapp_yacimiento(id) DEFERRABLE INITIALLY DEFERRED;


--
-- Name: yacimiento_id_refs_id_62ee9fbb; Type: FK CONSTRAINT; Schema: public; Owner: postgres
--

ALTER TABLE ONLY anarapp_manifestacionyacimiento
    ADD CONSTRAINT yacimiento_id_refs_id_62ee9fbb FOREIGN KEY (yacimiento_id) REFERENCES anarapp_yacimiento(id) DEFERRABLE INITIALLY DEFERRED;


--
-- Name: yacimiento_id_refs_id_64980ee5; Type: FK CONSTRAINT; Schema: public; Owner: postgres
--

ALTER TABLE ONLY anarapp_faunayacimiento
    ADD CONSTRAINT yacimiento_id_refs_id_64980ee5 FOREIGN KEY (yacimiento_id) REFERENCES anarapp_yacimiento(id) DEFERRABLE INITIALLY DEFERRED;


--
-- Name: yacimiento_id_refs_id_65cb8a3c; Type: FK CONSTRAINT; Schema: public; Owner: postgres
--

ALTER TABLE ONLY anarapp_croquis
    ADD CONSTRAINT yacimiento_id_refs_id_65cb8a3c FOREIGN KEY (yacimiento_id) REFERENCES anarapp_yacimiento(id) DEFERRABLE INITIALLY DEFERRED;


--
-- Name: yacimiento_id_refs_id_69cb6964; Type: FK CONSTRAINT; Schema: public; Owner: postgres
--

ALTER TABLE ONLY anarapp_tenenciadetierra
    ADD CONSTRAINT yacimiento_id_refs_id_69cb6964 FOREIGN KEY (yacimiento_id) REFERENCES anarapp_yacimiento(id) DEFERRABLE INITIALLY DEFERRED;


--
-- Name: yacimiento_id_refs_id_72036c64; Type: FK CONSTRAINT; Schema: public; Owner: postgres
--

ALTER TABLE ONLY anarapp_multimediayac
    ADD CONSTRAINT yacimiento_id_refs_id_72036c64 FOREIGN KEY (yacimiento_id) REFERENCES anarapp_yacimiento(id) DEFERRABLE INITIALLY DEFERRED;


--
-- Name: yacimiento_id_refs_id_723057c7; Type: FK CONSTRAINT; Schema: public; Owner: postgres
--

ALTER TABLE ONLY anarapp_supervisadoyac
    ADD CONSTRAINT yacimiento_id_refs_id_723057c7 FOREIGN KEY (yacimiento_id) REFERENCES anarapp_yacimiento(id) DEFERRABLE INITIALLY DEFERRED;


--
-- Name: yacimiento_id_refs_id_78f43c1; Type: FK CONSTRAINT; Schema: public; Owner: postgres
--

ALTER TABLE ONLY anarapp_obtinfoyac
    ADD CONSTRAINT yacimiento_id_refs_id_78f43c1 FOREIGN KEY (yacimiento_id) REFERENCES anarapp_yacimiento(id) DEFERRABLE INITIALLY DEFERRED;


--
-- Name: yacimiento_id_refs_id_7b2ace3b; Type: FK CONSTRAINT; Schema: public; Owner: postgres
--

ALTER TABLE ONLY anarapp_datum
    ADD CONSTRAINT yacimiento_id_refs_id_7b2ace3b FOREIGN KEY (yacimiento_id) REFERENCES anarapp_yacimiento(id) DEFERRABLE INITIALLY DEFERRED;


--
-- Name: yacimiento_id_refs_id_7ecf38eb; Type: FK CONSTRAINT; Schema: public; Owner: postgres
--

ALTER TABLE ONLY anarapp_altitud
    ADD CONSTRAINT yacimiento_id_refs_id_7ecf38eb FOREIGN KEY (yacimiento_id) REFERENCES anarapp_yacimiento(id) DEFERRABLE INITIALLY DEFERRED;


--
-- Name: yacimiento_id_refs_id_802e1a91; Type: FK CONSTRAINT; Schema: public; Owner: postgres
--

ALTER TABLE ONLY anarapp_peliyacimiento
    ADD CONSTRAINT yacimiento_id_refs_id_802e1a91 FOREIGN KEY (yacimiento_id) REFERENCES anarapp_yacimiento(id) DEFERRABLE INITIALLY DEFERRED;


--
-- Name: yacimiento_id_refs_id_827cf875; Type: FK CONSTRAINT; Schema: public; Owner: postgres
--

ALTER TABLE ONLY anarapp_observacionesyac
    ADD CONSTRAINT yacimiento_id_refs_id_827cf875 FOREIGN KEY (yacimiento_id) REFERENCES anarapp_yacimiento(id) DEFERRABLE INITIALLY DEFERRED;


--
-- Name: yacimiento_id_refs_id_85f1778f; Type: FK CONSTRAINT; Schema: public; Owner: postgres
--

ALTER TABLE ONLY anarapp_ubicacionyacimiento
    ADD CONSTRAINT yacimiento_id_refs_id_85f1778f FOREIGN KEY (yacimiento_id) REFERENCES anarapp_yacimiento(id) DEFERRABLE INITIALLY DEFERRED;


--
-- Name: yacimiento_id_refs_id_8b23ee8c; Type: FK CONSTRAINT; Schema: public; Owner: postgres
--

ALTER TABLE ONLY anarapp_materialyacimiento
    ADD CONSTRAINT yacimiento_id_refs_id_8b23ee8c FOREIGN KEY (yacimiento_id) REFERENCES anarapp_yacimiento(id) DEFERRABLE INITIALLY DEFERRED;


--
-- Name: yacimiento_id_refs_id_8b5bcfd3; Type: FK CONSTRAINT; Schema: public; Owner: postgres
--

ALTER TABLE ONLY anarapp_manifestacionesotros
    ADD CONSTRAINT yacimiento_id_refs_id_8b5bcfd3 FOREIGN KEY (yacimiento_id) REFERENCES anarapp_yacimiento(id) DEFERRABLE INITIALLY DEFERRED;


--
-- Name: yacimiento_id_refs_id_8bd6f125; Type: FK CONSTRAINT; Schema: public; Owner: postgres
--

ALTER TABLE ONLY anarapp_causasdestruccionyac
    ADD CONSTRAINT yacimiento_id_refs_id_8bd6f125 FOREIGN KEY (yacimiento_id) REFERENCES anarapp_yacimiento(id) DEFERRABLE INITIALLY DEFERRED;


--
-- Name: yacimiento_id_refs_id_8ec728ef; Type: FK CONSTRAINT; Schema: public; Owner: postgres
--

ALTER TABLE ONLY anarapp_coordenadas
    ADD CONSTRAINT yacimiento_id_refs_id_8ec728ef FOREIGN KEY (yacimiento_id) REFERENCES anarapp_yacimiento(id) DEFERRABLE INITIALLY DEFERRED;


--
-- Name: yacimiento_id_refs_id_946d043d; Type: FK CONSTRAINT; Schema: public; Owner: postgres
--

ALTER TABLE ONLY anarapp_estadoconseryac
    ADD CONSTRAINT yacimiento_id_refs_id_946d043d FOREIGN KEY (yacimiento_id) REFERENCES anarapp_yacimiento(id) DEFERRABLE INITIALLY DEFERRED;


--
-- Name: yacimiento_id_refs_id_958e5eed; Type: FK CONSTRAINT; Schema: public; Owner: postgres
--

ALTER TABLE ONLY anarapp_videoyacimiento
    ADD CONSTRAINT yacimiento_id_refs_id_958e5eed FOREIGN KEY (yacimiento_id) REFERENCES anarapp_yacimiento(id) DEFERRABLE INITIALLY DEFERRED;


--
-- Name: yacimiento_id_refs_id_95e2ba1; Type: FK CONSTRAINT; Schema: public; Owner: postgres
--

ALTER TABLE ONLY anarapp_manifestacionesconcha
    ADD CONSTRAINT yacimiento_id_refs_id_95e2ba1 FOREIGN KEY (yacimiento_id) REFERENCES anarapp_yacimiento(id) DEFERRABLE INITIALLY DEFERRED;


--
-- Name: yacimiento_id_refs_id_96f8f7ce; Type: FK CONSTRAINT; Schema: public; Owner: postgres
--

ALTER TABLE ONLY anarapp_plano
    ADD CONSTRAINT yacimiento_id_refs_id_96f8f7ce FOREIGN KEY (yacimiento_id) REFERENCES anarapp_yacimiento(id) DEFERRABLE INITIALLY DEFERRED;


--
-- Name: yacimiento_id_refs_id_9bd50138; Type: FK CONSTRAINT; Schema: public; Owner: postgres
--

ALTER TABLE ONLY anarapp_florayacimiento
    ADD CONSTRAINT yacimiento_id_refs_id_9bd50138 FOREIGN KEY (yacimiento_id) REFERENCES anarapp_yacimiento(id) DEFERRABLE INITIALLY DEFERRED;


--
-- Name: yacimiento_id_refs_id_9e023941; Type: FK CONSTRAINT; Schema: public; Owner: postgres
--

ALTER TABLE ONLY anarapp_fotografiayac
    ADD CONSTRAINT yacimiento_id_refs_id_9e023941 FOREIGN KEY (yacimiento_id) REFERENCES anarapp_yacimiento(id) DEFERRABLE INITIALLY DEFERRED;


--
-- Name: yacimiento_id_refs_id_9eabef51; Type: FK CONSTRAINT; Schema: public; Owner: postgres
--

ALTER TABLE ONLY anarapp_tecnicaparageoglifo
    ADD CONSTRAINT yacimiento_id_refs_id_9eabef51 FOREIGN KEY (yacimiento_id) REFERENCES anarapp_yacimiento(id) DEFERRABLE INITIALLY DEFERRED;


--
-- Name: yacimiento_id_refs_id_abc383ed; Type: FK CONSTRAINT; Schema: public; Owner: postgres
--

ALTER TABLE ONLY anarapp_orientacionyacimiento
    ADD CONSTRAINT yacimiento_id_refs_id_abc383ed FOREIGN KEY (yacimiento_id) REFERENCES anarapp_yacimiento(id) DEFERRABLE INITIALLY DEFERRED;


--
-- Name: yacimiento_id_refs_id_aee31316; Type: FK CONSTRAINT; Schema: public; Owner: postgres
--

ALTER TABLE ONLY anarapp_texturasuelo
    ADD CONSTRAINT yacimiento_id_refs_id_aee31316 FOREIGN KEY (yacimiento_id) REFERENCES anarapp_yacimiento(id) DEFERRABLE INITIALLY DEFERRED;


--
-- Name: yacimiento_id_refs_id_b696e582; Type: FK CONSTRAINT; Schema: public; Owner: postgres
--

ALTER TABLE ONLY anarapp_manifestacionesmonticulo
    ADD CONSTRAINT yacimiento_id_refs_id_b696e582 FOREIGN KEY (yacimiento_id) REFERENCES anarapp_yacimiento(id) DEFERRABLE INITIALLY DEFERRED;


--
-- Name: yacimiento_id_refs_id_bbefc1b; Type: FK CONSTRAINT; Schema: public; Owner: postgres
--

ALTER TABLE ONLY anarapp_caracdolmenart
    ADD CONSTRAINT yacimiento_id_refs_id_bbefc1b FOREIGN KEY (yacimiento_id) REFERENCES anarapp_yacimiento(id) DEFERRABLE INITIALLY DEFERRED;


--
-- Name: yacimiento_id_refs_id_bca4bda; Type: FK CONSTRAINT; Schema: public; Owner: postgres
--

ALTER TABLE ONLY anarapp_caracsurcomortero
    ADD CONSTRAINT yacimiento_id_refs_id_bca4bda FOREIGN KEY (yacimiento_id) REFERENCES anarapp_yacimiento(id) DEFERRABLE INITIALLY DEFERRED;


--
-- Name: yacimiento_id_refs_id_c3e1f1b4; Type: FK CONSTRAINT; Schema: public; Owner: postgres
--

ALTER TABLE ONLY anarapp_desccolores
    ADD CONSTRAINT yacimiento_id_refs_id_c3e1f1b4 FOREIGN KEY (yacimiento_id) REFERENCES anarapp_yacimiento(id) DEFERRABLE INITIALLY DEFERRED;


--
-- Name: yacimiento_id_refs_id_c6dd81cc; Type: FK CONSTRAINT; Schema: public; Owner: postgres
--

ALTER TABLE ONLY anarapp_caracsurcopuntosacopl
    ADD CONSTRAINT yacimiento_id_refs_id_c6dd81cc FOREIGN KEY (yacimiento_id) REFERENCES anarapp_yacimiento(id) DEFERRABLE INITIALLY DEFERRED;


--
-- Name: yacimiento_id_refs_id_cd8167cb; Type: FK CONSTRAINT; Schema: public; Owner: postgres
--

ALTER TABLE ONLY anarapp_cronologiatentativa
    ADD CONSTRAINT yacimiento_id_refs_id_cd8167cb FOREIGN KEY (yacimiento_id) REFERENCES anarapp_yacimiento(id) DEFERRABLE INITIALLY DEFERRED;


--
-- Name: yacimiento_id_refs_id_cd90de7c; Type: FK CONSTRAINT; Schema: public; Owner: postgres
--

ALTER TABLE ONLY anarapp_caracsurcopetroglifo
    ADD CONSTRAINT yacimiento_id_refs_id_cd90de7c FOREIGN KEY (yacimiento_id) REFERENCES anarapp_yacimiento(id) DEFERRABLE INITIALLY DEFERRED;


--
-- Name: yacimiento_id_refs_id_cfaf3def; Type: FK CONSTRAINT; Schema: public; Owner: postgres
--

ALTER TABLE ONLY anarapp_usoactsuelo
    ADD CONSTRAINT yacimiento_id_refs_id_cfaf3def FOREIGN KEY (yacimiento_id) REFERENCES anarapp_yacimiento(id) DEFERRABLE INITIALLY DEFERRED;


--
-- Name: yacimiento_id_refs_id_d050d916; Type: FK CONSTRAINT; Schema: public; Owner: postgres
--

ALTER TABLE ONLY anarapp_paginawebyac
    ADD CONSTRAINT yacimiento_id_refs_id_d050d916 FOREIGN KEY (yacimiento_id) REFERENCES anarapp_yacimiento(id) DEFERRABLE INITIALLY DEFERRED;


--
-- Name: yacimiento_id_refs_id_d3847d58; Type: FK CONSTRAINT; Schema: public; Owner: postgres
--

ALTER TABLE ONLY anarapp_tipoexposicionyac
    ADD CONSTRAINT yacimiento_id_refs_id_d3847d58 FOREIGN KEY (yacimiento_id) REFERENCES anarapp_yacimiento(id) DEFERRABLE INITIALLY DEFERRED;


--
-- Name: yacimiento_id_refs_id_e3d81a3; Type: FK CONSTRAINT; Schema: public; Owner: postgres
--

ALTER TABLE ONLY anarapp_llenadoyac
    ADD CONSTRAINT yacimiento_id_refs_id_e3d81a3 FOREIGN KEY (yacimiento_id) REFERENCES anarapp_yacimiento(id) DEFERRABLE INITIALLY DEFERRED;


--
-- Name: yacimiento_id_refs_id_e5da7ef8; Type: FK CONSTRAINT; Schema: public; Owner: postgres
--

ALTER TABLE ONLY anarapp_considertemp
    ADD CONSTRAINT yacimiento_id_refs_id_e5da7ef8 FOREIGN KEY (yacimiento_id) REFERENCES anarapp_yacimiento(id) DEFERRABLE INITIALLY DEFERRED;


--
-- Name: yacimiento_id_refs_id_e6cc628a; Type: FK CONSTRAINT; Schema: public; Owner: postgres
--

ALTER TABLE ONLY anarapp_caracdelapintura
    ADD CONSTRAINT yacimiento_id_refs_id_e6cc628a FOREIGN KEY (yacimiento_id) REFERENCES anarapp_yacimiento(id) DEFERRABLE INITIALLY DEFERRED;


--
-- Name: yacimiento_id_refs_id_e7993f7e; Type: FK CONSTRAINT; Schema: public; Owner: postgres
--

ALTER TABLE ONLY anarapp_manifestacionesasociadas
    ADD CONSTRAINT yacimiento_id_refs_id_e7993f7e FOREIGN KEY (yacimiento_id) REFERENCES anarapp_yacimiento(id) DEFERRABLE INITIALLY DEFERRED;


--
-- Name: yacimiento_id_refs_id_f0550534; Type: FK CONSTRAINT; Schema: public; Owner: postgres
--

ALTER TABLE ONLY anarapp_indicaciones
    ADD CONSTRAINT yacimiento_id_refs_id_f0550534 FOREIGN KEY (yacimiento_id) REFERENCES anarapp_yacimiento(id) DEFERRABLE INITIALLY DEFERRED;


--
-- Name: yacimiento_id_refs_id_f09b1fff; Type: FK CONSTRAINT; Schema: public; Owner: postgres
--

ALTER TABLE ONLY anarapp_localidadyacimiento
    ADD CONSTRAINT yacimiento_id_refs_id_f09b1fff FOREIGN KEY (yacimiento_id) REFERENCES anarapp_yacimiento(id) DEFERRABLE INITIALLY DEFERRED;


--
-- Name: yacimiento_id_refs_id_f4edaeb8; Type: FK CONSTRAINT; Schema: public; Owner: postgres
--

ALTER TABLE ONLY anarapp_piedra
    ADD CONSTRAINT yacimiento_id_refs_id_f4edaeb8 FOREIGN KEY (yacimiento_id) REFERENCES anarapp_yacimiento(id) DEFERRABLE INITIALLY DEFERRED;


--
-- Name: yacimiento_id_refs_id_f6a977b7; Type: FK CONSTRAINT; Schema: public; Owner: postgres
--

ALTER TABLE ONLY anarapp_constitucionyacimiento
    ADD CONSTRAINT yacimiento_id_refs_id_f6a977b7 FOREIGN KEY (yacimiento_id) REFERENCES anarapp_yacimiento(id) DEFERRABLE INITIALLY DEFERRED;


--
-- Name: yacimiento_id_refs_id_faaaa848; Type: FK CONSTRAINT; Schema: public; Owner: postgres
--

ALTER TABLE ONLY anarapp_manifestacionescementerio
    ADD CONSTRAINT yacimiento_id_refs_id_faaaa848 FOREIGN KEY (yacimiento_id) REFERENCES anarapp_yacimiento(id) DEFERRABLE INITIALLY DEFERRED;


--
-- Name: yacimiento_id_refs_id_fb6eb2a2; Type: FK CONSTRAINT; Schema: public; Owner: postgres
--

ALTER TABLE ONLY anarapp_manifestacionescarbon
    ADD CONSTRAINT yacimiento_id_refs_id_fb6eb2a2 FOREIGN KEY (yacimiento_id) REFERENCES anarapp_yacimiento(id) DEFERRABLE INITIALLY DEFERRED;


--
-- Name: yacimiento_id_refs_id_fe0af8f; Type: FK CONSTRAINT; Schema: public; Owner: postgres
--

ALTER TABLE ONLY anarapp_tecnicaparapintura
    ADD CONSTRAINT yacimiento_id_refs_id_fe0af8f FOREIGN KEY (yacimiento_id) REFERENCES anarapp_yacimiento(id) DEFERRABLE INITIALLY DEFERRED;


--
-- Name: yacimiento_id_refs_id_ffca6407; Type: FK CONSTRAINT; Schema: public; Owner: postgres
--

ALTER TABLE ONLY anarapp_caracsurcocupulas
    ADD CONSTRAINT yacimiento_id_refs_id_ffca6407 FOREIGN KEY (yacimiento_id) REFERENCES anarapp_yacimiento(id) DEFERRABLE INITIALLY DEFERRED;


--
-- Name: public; Type: ACL; Schema: -; Owner: postgres
--

REVOKE ALL ON SCHEMA public FROM PUBLIC;
REVOKE ALL ON SCHEMA public FROM postgres;
GRANT ALL ON SCHEMA public TO postgres;
GRANT ALL ON SCHEMA public TO PUBLIC;


--
-- PostgreSQL database dump complete
--

